poll_id,pollgroup,n,p,complete_n,pairwise_n_min,pairwise_n_max,covariance_sha256,attitudes_sha256,covariance_class,covariance_rank,negative_eigenvalues,near_zero_eigenvalues,minimum_eigenvalue,maximum_eigenvalue,eigenvalue_tolerance,eigenvalues,determinant,source_genvar,perturbation_upper,benchmark_genvar,absolute_delta,relative_delta,reviewed_covariance,numerical_exception
uk-eu-1995,2001,15,4,15,15,15,6470a2f1c8474a497aa267f445182c849bd0367296782bdabe86cf4b5990d7f8,0d3541d2ec0e71224ffcf7c9590311e397961f9f509800ad53b25bf39106da3c,positive_definite,4,0,0,0.0045319576043285365,0.10994370706568975,6.24957619184498e-15,0.10994370706568975;0.018785836564758615;0.0079256680773924382;0.0045319576043285365,7.418611610254076e-8,0.12846662932394368,0.12846662932398475,0.128466629323944,3.3306690738754696e-16,2.5926336601210174e-15,FALSE,FALSE
uk-eu-1995,2002,20,4,20,20,20,f17c46dec3edf6583cf0bbded1c3db42887f54d7ea37db7d6d6f9cc562e3cbca,0cc14352518369ed83f834c9127bd24919aa0b74b01f8bb1a334aa1bd3da9057,positive_definite,4,0,0,0.009851187074884792,0.09604080536016094,5.459287726816964e-15,0.096040805360160936;0.025167224163023551;0.014682742466258203;0.0098511870748847919,3.4961242469839663e-07,0.15593670647991903,0.15593670647994243,0.155936706479919,2.7755575615628914e-17,1.7799257302643608e-16,FALSE,FALSE
uk-eu-1995,2003,14,4,14,14,14,19a083d15dc2a48ca9e4d3337b2fc12faad95765fdb57fe9dd1259a572d7de22,f43bd377bbee45b5624a61165da1b5fc76e94a133468d956e648403c91dc2713,positive_definite,4,0,0,0.009920261648399084,0.12442703929775721,7.072858312412632e-15,0.12442703929775721;0.026976173791381067;0.016303585702023005;0.0099202616483990841,5.428769168550808e-7,0.16475464662574302,0.1647546466257732,0.164754646625743,2.7755575615628914e-17,1.6846611724814377e-16,FALSE,FALSE
uk-eu-1995,2004,16,4,16,16,16,77ae6e6fde42e1f559c3e6dd02906c0099caf3963962e1de97a935a8cf281066,73fcc0264db292bde3b14ec63288a7af2b0fc71aa0c2e3e4625d0420f1deb6a9,positive_definite,4,0,0,0.0058493180468582665,0.14819580566862106,8.423956255036334e-15,0.14819580566862106;0.026516175861304201;0.022534765238031249;0.0058493180468582665,5.179705606730055e-7,0.16379028349868982,0.16379028349873462,0.16379028349869,1.6653345369377348e-16,1.0167480642715013e-15,FALSE,FALSE
uk-eu-1995,2005,15,4,15,15,15,7eeb3e7cd1fb9bd46f042fe7dc55d1998f93dd63f3022e837c2af191a09f17d1,52def4daacc1b6ffb05bcb8f42d4c3211022c5b5f042656f563193521be56b50,positive_definite,4,0,0,0.0045800106772926705,0.10853892904295437,6.169723806292175e-15,0.10853892904295437;0.022607073231429867;0.011165521439857509;0.0045800106772926705,1.2548024947837436e-7,0.13718983118298894,0.13718983118302713,0.137189831182989,5.551115123125783e-17,4.0463021750653625e-16,FALSE,FALSE
uk-eu-1995,2006,16,4,16,16,16,99a2e5e331a71ab8221db7610ce2247fcc61294d20ecea9b5d363e1b59afadff,bf1877e578500d6b70198d56c0bf9d60effdffa5029e0f98731f9bc822ccff81,positive_definite,4,0,0,0.004546224396715198,0.09255624527643569,5.261213418432117e-15,0.092556245276435689;0.019152687671514901;0.0088750509886675634;0.0045462243967151978,7.152488692797752e-8,0.12788133090904769,0.12788133090908096,0.127881330909048,3.0531133177191805e-16,2.387458197389752e-15,FALSE,FALSE
uk-eu-1995,2007,18,4,18,18,18,23c8dbcbd5d93bb562d3b5dd538c46bcb75ae17dd9cef4df7f566380ffc6c542,6c1d19e128ba467a21b1d9b0310e78cb65df9f0f67d0bd158dcc7a3a78707a07,positive_definite,4,0,0,0.0036118431384513294,0.11008099666545015,6.2573802020693935e-15,0.11008099666545015;0.062078827580740625;0.010656028693789175;0.0036118431384513294,2.6301476005842196e-7,0.15048649085903257,0.150486490859079,0.150486490859033,4.440892098500626e-16,2.951023758445265e-15,FALSE,FALSE
uk-eu-1995,2008,11,4,11,11,11,c0c38229391c25a1690c3e39554efdc925f7b903b93fe91224a7009953f4880e,e85258b64f62d187dfaa29f03f86223c2d11b5e79e113158ddd4b48af5c358f1,positive_definite,4,0,0,0.002295413158980428,0.1257997455004732,7.150887626066447e-15,0.12579974550047321;0.024154900405826723;0.0090820116417903961;0.0022954131589804278,6.33472746068783e-8,0.12595516810472013,0.1259551681047871,0.12595516810472,1.3877787807814457e-16,1.1018037621351408e-15,FALSE,FALSE
uk-eu-1995,2009,14,4,14,14,14,fdb2e83b9cf7c7ef9b58b71314986601b21ed7b62e78a4bad10dd22197786d6c,d7d262fb88fe1ec6981a189132b6f0fa7b459e1427446c0a1dedf45441645096,positive_definite,4,0,0,0.00549159201071009,0.054413541763568496,3.093051746166594e-15,0.054413541763568496;0.01288979258712857;0.010376242747261951;0.0054915920107100899,3.9966057774220986e-8,0.1189080929598569,0.1189080929598741,0.118908092959857,1.1102230246251565e-16,9.336816334275619e-16,FALSE,FALSE
uk-eu-1995,2010,16,4,16,16,16,0b61689adeec9003d88309511249512fa25c580f789d98dcff1616f111bcfa9a,5947c9568a91c3b8fcbc3861a043e167a30db9944a3af7f804a9e0a434573544,positive_definite,4,0,0,0.006276252126472561,0.18449188139162986,1.0487149290362928e-14,0.18449188139162986;0.037975045918108803;0.013632399267492401;0.0062762521264725611,5.994434873426566e-7,0.16680863586028952,0.16680863586034728,0.166808635860289,5.273559366969494e-16,3.1614426553948784e-15,FALSE,FALSE
uk-eu-1995,2011,15,4,15,15,15,b5f3a3fc88d4291c0e7b9dc2ad1604426f836f91463b918b25238e90fb21bba4,37278177f1c1fc4cc96439be6cbd0fa6ace0765549ffdd7603b6ae69a83e7930,positive_definite,4,0,0,0.006079920102711362,0.14065357905055864,7.995230308242676e-15,0.14065357905055864;0.013014734318435014;0.0084230628245912688;0.0060799201027113619,9.374627209802743e-8,0.1322800196729169,0.1322800196729654,0.132280019672917,1.1102230246251565e-16,8.392975956386734e-16,FALSE,FALSE
uk-eu-1995,2012,11,4,11,11,11,6763e6c696d80d8f7d3c9c442cc33ceb75a2a91db87faf5b37aaa6737c994277,32993c96e53762159700b5b37b2d7ad2ed04170bdf952b5f8772d8c473f76ca1,positive_definite,4,0,0,0.0034445138384472346,0.0774236760611691,4.401026448088549e-15,0.077423676061169094;0.01430718540714075;0.0062766448952631185;0.0034445138384472346,2.394878503048058e-8,0.11153481100625814,0.11153481100629088,0.111534811006258,1.3877787807814457e-16,1.2442561817794986e-15,FALSE,FALSE
uk-eu-1995,2013,17,4,17,17,17,7a11b753db3472ea0450a10fdb80523946277f98004edbe29a3c272633d13855,00fe00a72eb865df3cdc8035deaa3264fbe1779ed3b3413489633ffc34cd990c,positive_definite,4,0,0,0.007524785285331193,0.09796839973944235,5.5688587815121964e-15,0.097968399739442352;0.012311788188403406;0.010628952440417812;0.0075247852853311927,9.646987712948154e-8,0.13275441267421767,0.1327544126742471,0.132754412674218,3.3306690738754696e-16,2.5088951898337258e-15,FALSE,FALSE
uk-eu-1995,2014,15,4,15,15,15,7e6cf26d4248fe88733ee340ccf82273ae9fb375eb7a92349e6723939eb69f92,8e8281938a62a983158571886ef84bc7ea5e81dfe95f3e1686245d9e02b82a04,positive_definite,4,0,0,0.00430682537359122,0.13882539886469197,7.891310296184427e-15,0.13882539886469197;0.029394969285068712;0.012161959915801539;0.0043068253735912198,2.137483502239023e-7,0.14663506850998675,0.1466350685100382,0.146635068509987,2.498001805406602e-16,1.703550065335475e-15,FALSE,FALSE
uk-eu-1995,2015,21,4,20,20,21,7e5a4b82588463c70f88f9ec3501331815f43af2e1bd00c37e505ef798d13c07,cc09b3a8ef96271dece9bc2c3fb369668dec75f4eb5c1cec81be09a088edb01c,positive_definite,4,0,0,0.006644952360220143,0.10808977029468045,6.1441920874290445e-15,0.10808977029468045;0.025940862895911795;0.010553398367316291;0.0066449523602201428,1.9663155605666885e-7,0.14511311073201177,0.14511311073204447,0.145113110732012,2.220446049250313e-16,1.5301484738694131e-15,FALSE,FALSE
uk-eu-1995,2099,4,4,4,4,4,dbaff1a1443675bc55e62d50a7486c8e539824b0eb5311b9604500af62af6661,f7fe9e4cb01f50440f429f3ac6d6c6f0d31ac154493f2fcdcde3d29039b68f99,numerically_singular,3,0,1,-5.910695796849442e-18,0.07859312408449641,4.467501871914488e-15,0.07859312408449641;0.0096873920311023841;0.0031546690695863841;-5.9106957968494421e-18,2.352869297928614e-24,0.0011128835560825889,0.0031907885401842896,0.00104938469904643,6.3498857036159e-5,0.06051056118300568,TRUE,TRUE
btp-health-education-2005,9701,14,11,12,12,14,110f331d969a33d1ceb7c473764a010433db1229df6d5204e65c54545f51938f,a154fa9d5859860ed66794ea2d96270bbd61f723c99ef519940535f3ee12c2fe,indefinite,11,1,0,-0.001349163481002094,0.5299852509792793,8.28469774315305e-14,0.52998525097927929;0.32361880757521211;0.15765896078836314;0.09834691607872674;0.096514362914901716;0.077289495350620907;0.048960144923275037;0.036282131819979947;0.011947191565606202;0.00197966885097059;-0.0013491634810020941,-1.124469832297647e-15,0.20916914811742068,0.20916914811854145,0.209169148117421,3.0531133177191805e-16,1.4596384529927228e-15,FALSE,FALSE
btp-health-education-2005,9702,14,11,9,10,14,e20b40051e719b5f8d24d540cdd13a8490c4689444a4d2e391d2000eb973941d,1d27b48453afab9db7d8d40c2c534d9ea6bd705cd366e010f391f5abfa2a3243,indefinite,11,1,0,-0.0038485171908235593,0.4049680041621584,6.330435618599128e-14,0.40496800416215839;0.21563624574032522;0.15012775550008611;0.12109440083610341;0.09908109362138319;0.049266219330483627;0.033378425218858102;0.021360917046812554;0.0087467236615611389;0.0053610995284288929;-0.0038485171908235593,-9.971167202506713e-16,0.20802944869042655,0.20802944869083959,0.208029448690427,4.440892098500626e-16,2.134742040829619e-15,FALSE,FALSE
btp-health-education-2005,9703,21,11,16,18,21,f4ce0acd085261fc071de32ca3e964c1337d4d5a3e4438693677f5c8240aa274,01e32e1a198385fb4704138faa37b4c9818275844bae5b47cd69fdf1f1acd7ab,positive_definite,11,0,0,0.0036456488868892075,0.6509094729089868,1.0174977947484159e-13,0.65090947290898682;0.26880571702179135;0.16576675901803789;0.14871464309733554;0.074420585973990094;0.052935568888753844;0.035673727993847729;0.014425852500786381;0.011811757779561305;0.0050154111333017802;0.0036456488868892075,1.888586314082802e-15,0.21415760071331888,0.21415760071401826,0.214157600713319,1.1102230246251565e-16,5.184140188941279e-16,FALSE,FALSE
btp-health-education-2005,9704,13,11,9,9,13,adf31c7e217611ff0a21536c2ea51a16f8dc48fde3a97f562858301b974b30a6,1acc1ca80fb83644fced0c4bbba41f05f8d38eb6d2a5e7f8ffe8195fb3837cbf,indefinite,11,1,0,-0.0031924958632381195,0.5232099308837856,8.178786344674396e-14,0.52320993088378565;0.36372713279992785;0.23885755127121847;0.15709964190699033;0.08917031382512082;0.05248734288356717;0.029632033386709149;0.023149981008667945;0.012396050168809179;0.0039402352563953046;-0.0031924958632381195,-3.575103718149834e-15,0.22046076093621528,0.22046076093684638,0.220460760936215,2.7755575615628914e-16,1.258980305509302e-15,FALSE,FALSE
btp-health-education-2005,9705,16,11,11,12,16,fe0f4127ac799f4132e560c94a02cf5f14955603a1a17398bb99ceb94c2c9e2b,d1f5cb860103b159eff4eb092fc26ffb925161bda6d44b6caaa397ba22ca37e9,positive_definite,11,0,0,8.569974031361465e-4,0.5428540376315953,8.485861846377742e-14,0.54285403763159534;0.32469325775038499;0.17583815695546023;0.15972666978887287;0.094714904288443827;0.07100413024401464;0.041733817078038846;0.018805381762210194;0.011765829499032335;0.0031502387334000751;0.0008569974031361465,8.299742637611609e-16,0.20630176213593812,0.20630176213728096,0.206301762135938,1.1102230246251565e-16,5.381548917132368e-16,FALSE,FALSE
btp-health-education-2005,9706,13,11,12,12,13,8bcf3e64f056a7e393d7f6144cea77684935e9c99a1deffdf7b4713d016e69de,56923ac52185b4d3e8d13974ee87fd52948cc82100ef64707e773cfdbd4102c7,numerically_singular,10,0,1,0,0.4998075541883356,7.812961791943979e-14,0.49980755418833561;0.30985680376405639;0.10610007346636083;0.06438184674120126;0.04774910267170563;0.030528071217251887;0.022515318169054322;0.0038524187820275749;0.0027604638263749688;0.0023214262789713921;0,0,0,0.05240320005321894,0,0,NA,FALSE,FALSE
btp-health-education-2005,9707,19,11,13,15,19,59419962cc6c880cb1a723440e1d804cd3e0fb5d06a7f29c450569a6979951a6,8331bd969ffea343661ea95e832e2783de5f1e04846fbc0b1628e2ebd97f6253,positive_definite,11,0,0,0.0038113087002557807,0.4262588286587832,6.663252513656367e-14,0.42625882865878317;0.34751989921915488;0.13292881969349285;0.10675170315387657;0.075248474797256465;0.049920861691770159;0.044944229959727633;0.020952829425403004;0.019571145910654744;0.0059847196489566917;0.0038113087002557807,3.3195377684972144e-15,0.2197187725989536,0.2197187725993569,0.219718772598954,4.163336342344337e-16,1.894847806174281e-15,FALSE,FALSE
btp-health-education-2005,9708,18,11,16,16,18,78341e21a402c0b3abada19f5a2f9f73ee9dee572f659fae7501260e086b527a,903cd6b208aa3676f4d572adc152af3d1c81319eb68fb74aa0e02ec014f7361d,positive_definite,11,0,0,0.003206176311785052,0.4838727514974565,7.563869909392937e-14,0.48387275149745651;0.30591319949531021;0.19445951432471181;0.168316024965775;0.075473482259070565;0.044402853460561838;0.028924621956906184;0.019940732763945722;0.011900547730739945;0.0066490769710572037;0.003206176311785052,2.375821622510575e-15,0.21640349226468647,0.21640349226519473,0.216403492264687,5.273559366969494e-16,2.4369104730155225e-15,FALSE,FALSE
btp-health-education-2005,9709,17,11,15,15,17,7209a50baee3b0ee7ea7fcd2ada5d5f3d66cdab2a5db66642e68b87e2c4556d2,4fdc9ccc974869dafdf9cb9f09705273a07297937a95935f543646f9b105afa6,indefinite,11,1,0,-5.937558402467329e-4,0.6030456842857492,9.426774066615793e-14,0.60304568428574923;0.25895340071763745;0.18217011420786777;0.094798755502216017;0.065328891079416321;0.054160493789887208;0.029736781655006345;0.025464803240589577;0.012341305962110881;0.0043537896157115098;-0.00059375584024673293,-2.3052086609461446e-16,0.19463193570946846,0.19463193571123935,0.194631935709468,4.718447854656915e-16,2.424292723317648e-15,FALSE,FALSE
btp-health-education-2005,9710,15,11,13,13,15,74e5eb2ba87d75d7796307273b6986b8152eedb16cc8778df40f3a9e3e2735f3,c21dea21f062f0f4929710705e8bc2123c95c2866ecdfa26d1f0fc5395c32dd3,indefinite,11,1,0,-6.784948895765885e-4,0.6384323894317229,9.979936924862829e-14,0.63843238943172287;0.27824287729848229;0.13366879718272251;0.097614943010149613;0.067959814647261446;0.031544725470586212;0.017097396892029038;0.01582405609079033;0.0085949225405315376;0.003190401864538978;-0.00067849488957658847,-2.5011860396761647e-17,0.17594230306818287,0.17594230306985512,0.175942303068183,1.3877787807814457e-16,7.887692479753655e-16,FALSE,FALSE
btp-health-education-2005,9711,13,11,11,11,13,1f475c35eb05fd086d34c43befa7fb5881fd79220bef102f74d619e0448b2bd1,986464d324f1f3aa0773938b04eaf182f37a9ef35dda1418466ac59cd0fe13f2,indefinite,11,1,0,-0.002522016712540867,0.47145234242274636,7.369714817642446e-14,0.47145234242274636;0.21463841482599014;0.17680426165416679;0.13412637356107182;0.086480217773192536;0.023854355845798803;0.014430955117979915;0.010083329807302505;0.0028038471587170806;0.00024362964251879138;-0.0025220167125408672,-1.240989486518493e-18,0.1534900997333816,0.1534900997360039,0.153490099733382,4.163336342344337e-16,2.7124461770343536e-15,FALSE,FALSE
btp-health-education-2005,9712,17,11,13,14,17,2fbcd48963e6a02cd61393c6a7f0d72bf8cc87885542c4bfe3c79c1b501f6f19,eb327930be3b53601688deda8ebb117e6f25013a3b8339083aabc75d2d469305,positive_definite,11,0,0,0.005017726537628431,0.4006632840283071,6.263144490946186e-14,0.40066328402830709;0.29464202558984282;0.25745776114741742;0.14774633624664335;0.11071561265343056;0.07509792498709536;0.044878145193833839;0.033495763819092909;0.018427900817240127;0.010912061482960141;0.0050177265376284306,5.6630213064340095e-14,0.2499573012858549,0.24995730128616514,0.249957301285855,1.1102230246251565e-16,4.44165070959655e-16,FALSE,FALSE
btp-health-education-2005,9713,11,11,11,11,11,1b195219270e0ee9ce6797976e963b5f52f0cd21bdfb7fd6fc979672c92989fc,d7cb277b57143cc98069a961b9dff471071f9c6452bdad6cbf58bbcb9081f7f0,numerically_singular,10,0,1,4.357917282467546e-18,0.4305462691132014,6.730273526393965e-14,0.43054626911320137;0.35331899799021649;0.21805535339128979;0.082700302143415547;0.074770618023686466;0.044568299344427548;0.036224056143338276;0.015020480967658357;0.010950037363146826;0.00074446961895675758;4.357917282467546e-18,1.8519668289050068e-31,0.0400935246007638,0.062022098469470426,0.0403031562389208,2.0963163815700125e-4,0.005201370257810225,TRUE,TRUE
btp-health-education-2005,9714,17,11,14,14,17,7f356e4794e5339c3257a972e2e09e7748c5067636ca6c9dd940e8bf9f756765,c68ad2b330b5a904aa2d37a9cf520df70cac2934276628f0691acd826ec6ce77,positive_definite,11,0,0,9.838889779050556e-4,0.47513920993912223,7.427347710134803e-14,0.47513920993912223;0.30974669277304501;0.23843984796563164;0.13966986759499167;0.10556714579105661;0.065135997756549366;0.044633436652382605;0.028604907946901671;0.024579539544331015;0.015224411077715641;0.00098388897790505558,1.5842370982942828e-14,0.2358951973398576,0.23589519734083034,0.235895197339858,4.163336342344337e-16,1.7649093280801946e-15,FALSE,FALSE
btp-health-education-2005,9715,9,11,9,9,9,39ba2b02dc08f176f41ba33edf8eece223b3f1f83bcaa99b5cbc1033af3a0cf8,a630a82d92eae090057731571d2fd9f59915848b590446a73c0f0ea6ed3b0b21,numerically_singular,8,0,3,-3.494619543133837e-17,0.7018931758629655,1.0971952142558366e-13,0.70189317586296551;0.39122703933548075;0.23648272047162;0.12088483145018589;0.061090766496092325;0.038161815418218767;0.018095897049135168;0.006491845115262752;7.1323334971761661e-18;-9.5501171476733231e-18;-3.4946195431338371e-17,4.312925972056963e-62,0.0016243194875257686,0.006899133462002183,0.0014214746849382,2.0284480258756865e-4,0.14270025680857448,TRUE,TRUE
btp-health-education-2005,9716,12,11,10,10,12,caf9d5ea270295ae03646552925c751d6d996e853f6cadd3ac32aab08cbc6eb8,0d923378cd5e783d3ed60a64f68a2c4f787dbe6d56c6002e4ffd59931aec5dd0,indefinite,11,1,0,-0.008262711539780502,0.7635784632036191,1.1936212864668235e-13,0.76357846320361911;0.23447726569685404;0.19535307433005997;0.11391394552769821;0.053325501086598295;0.037004028609650755;0.019394422976533973;0.017525006065793863;0.0078049561858808099;0.0021059569926334815;-0.0082627115397805023,-3.62921843252376e-16,0.19868877084715356,0.19868877084812145,0.198688770847154,4.440892098500626e-16,2.235099688606402e-15,FALSE,FALSE
btp-health-education-2005,9717,15,11,12,12,15,66c728d0103a87040dca064c0dc2360682e95488bff358f89a63309b5e68ea2a,a770bb8378fe022a80f3e1e6ec13f9dcfe4f67eecc8c88007304a257b1081df3,indefinite,11,1,0,-2.026149618294876e-6,0.37806055609101696,5.909819999773712e-14,0.37806055609101696;0.12750670257554009;0.11588027856639226;0.08476279111214656;0.072859023392152708;0.030620480881519294;0.029285674804743759;0.024421656946173029;0.0089889515076335327;0.0027804277929850537;-2.0261496182948761e-06,-3.825842154399443e-20,0.13103782743169715,0.1310378276056924,0.131037827431695,2.1371793224034263e-15,1.630963641790731e-14,FALSE,FALSE
btp-health-education-2005,9718,11,11,9,9,11,86c39770e596beb3abf290ff097b654c919ebac2e2c71135357a2b61e66eb2f6,1b75164e21765f4686ff92cade18733d26305be046778dee91e7c6bc7846219f,indefinite,11,1,0,-0.00223026531950769,0.5947510668653402,9.297113103228216e-14,0.59475106686534018;0.18081053075735881;0.099423707227280764;0.063673145109107654;0.060286423028899784;0.021588744511069725;0.0068852323914482521;0.0042137408362658358;0.0017471537815995672;0.00058456765055979671;-0.0022302653195076902,-5.855459417349502e-20,0.13359746765577882,0.13359746765759098,0.133597467655779,1.942890293094024e-16,1.4542867669467989e-15,FALSE,FALSE
btp-health-education-2005,9719,14,11,10,10,14,4ae5383f7c665618ae82a12cb48f9bdc8f238e54b7de8f032e4cac9d1c99c44c,301de9792dac454dd7b18992b33739de6eb77a752d6eb79a023c368ae9ce93b8,indefinite,11,1,0,-0.010736546500784589,0.5995320039407452,9.37184842562743e-14,0.59953200394074524;0.34015972466020922;0.13673101640027316;0.094099285147297623;0.053440452029181205;0.044116182483622861;0.036449882455652699;0.010192748890693768;0.0037614289827701225;0.00059096805954404394;-0.010736546500784589,-5.485113499777259e-17,0.1823358532006785,0.18233585320241902,0.182335853200678,4.996003610813204e-16,2.740000676287524e-15,FALSE,FALSE
btp-health-education-2005,9720,8,11,4,5,8,ccb488beb9a5c65d7ebe012ef259473a74118acbf928450c0411949fa78625e5,5ada625eecb7effe1e5b1a2adcff0791f372578146cb56ae075d607bbbb50285,indefinite_and_singular,10,3,1,-0.015942869060088075,0.6009639803941595,9.394232995895997e-14,0.60096398039415955;0.24459365974962702;0.17548224582524213;0.059305591485497654;0.023323904138533674;0.006177074735962392;0.0032114006822350264;0;-0.00016915705953271751;-0.005878423652388917;-0.015942869060088075,0,0,0.04339139682431273,0,0,NA,FALSE,FALSE
btp-health-education-2005,9721,16,11,14,14,16,de545b86fc70ef2fc93b09db4c9ecae75278734efa7026d4f261413dfc270783,977a99a0d49aac242c45abf17b185d347e5cb15d3bec7ba67d1c3bf3956fb092,positive_definite,11,0,0,0.004322086626548878,0.6439123376711211,1.0065599147967435e-13,0.6439123376711211;0.21487549904486331;0.16417858649838821;0.072039234004639519;0.055578840672366188;0.045653652905618264;0.021976375115874199;0.01165032372352383;0.0078640918570577357;0.0059112857352881451;0.004322086626548878,2.1360052183424652e-16,0.19395866930340558,0.19395866930404898,0.193958669303406,4.163336342344337e-16,2.1465069632085927e-15,FALSE,FALSE
btp-health-education-2005,9722,14,11,12,12,14,9f766067c9db2512c2dd995c015099874ac1ccd304dc90aaf57c6f227b4f82e7,6238a5fdb4e09ee06f9cc94d0de7b077fa69684af69b13c753b99bca637acf4c,indefinite,11,1,0,-1.175263870979165e-4,0.5647531369208126,8.828187256609879e-14,0.56475313692081264;0.22508707641795003;0.15298501208544679;0.1080471411348677;0.092742366376390384;0.067690464569474584;0.040128367066611569;0.02942459060160036;0.0162067077039517;0.0097093035979503219;-0.00011752638709791651,-2.880429353080111e-16,0.19661275657233515,0.1966127565792612,0.196612756572335,1.3877787807814457e-16,7.0584371277601895e-16,FALSE,FALSE
btp-health-education-2005,9723,19,11,16,16,19,2daf9517151f61dc10164a43d4ad67c0a395d0024b996f9ecce3c9c557437659,141d3df5ef074e79fdedbf9c8bdd641b61bade9cf35394829af3cbd847dfc07d,positive_definite,11,0,0,0.002489383220320058,0.642773054223545,1.0047789937259204e-13,0.64277305422354503;0.25369315844914186;0.19338148958370627;0.10338583247501083;0.06953735160074305;0.050938925799831176;0.032950982846853688;0.025377464324474783;0.014241448464274531;0.0066469692937928624;0.0024893832203200582,2.2756028472133362e-15,0.21597996966542227,0.2159799696661585,0.215979969665422,2.7755575615628914e-16,1.2850995237486846e-15,FALSE,FALSE
btp-health-education-2005,9724,17,11,16,16,17,5eceb937575d2a9330dcf4ffa29ff858dd4086e4a262aa85ac540214c5721f38,82a1460cf6fbae51d8fe29173d6cf1b36824f4aee7014c36b02cbe25a9568529,positive_definite,11,0,0,0.004065577079471849,0.25552060700958257,3.994282845248745e-14,0.25552060700958257;0.2249314377568857;0.178591007037327;0.12654771605423296;0.10198550629671527;0.049582937698734696;0.02437176839307869;0.02045630253495536;0.012642294623555017;0.0044790633284589937;0.0040655770794718491,7.538938275321305e-16,0.20540216104939285,0.20540216104965028,0.205402161049393,1.3877787807814457e-16,6.75639814932486e-16,FALSE,FALSE
btp-health-education-2005,9725,19,11,16,17,19,a9e57cfb5e160bc7256c62f6d8fc25dc0878215adc960ffe63576079c1cd9ca9,39798bf5fa51b5bcf2deee1b5875347d7fc87eb958c5015d5a5921616a3eb8f5,positive_definite,11,0,0,0.00568499448461207,0.48045788831032354,7.510488972305834e-14,0.48045788831032354;0.32958190979744634;0.15060049524482672;0.11393469015277261;0.04849616566541011;0.038682699756209069;0.028806744588759592;0.019383914473176639;0.012822174460601217;0.0098261735890616334;0.0056849944846120697,2.0386237416562984e-15,0.21490305752296512,0.2149030575233386,0.214903057522965,1.1102230246251565e-16,5.166157417311365e-16,FALSE,FALSE
btp-health-education-2005,9726,16,11,12,12,16,14bd28238d931dcd7aee9e7c461dcbbd9fb2b2d68a628e709ab3756c85279ef4,c68d904d07a785709f0753fbad4a36d47d41202db7ec39c197f2a500db1426f5,indefinite,11,1,0,-0.0016177567640107235,0.5615156897495436,8.777579676070928e-14,0.56151568974954358;0.2560664687937223;0.11989866912766842;0.11251721035639613;0.087353917513714116;0.047484345715651168;0.03093385731919918;0.025742269230860978;0.012110665362536887;0.0025591573657743256;-0.0016177567640107235,-3.2124760459767076e-16,0.19759022233364307,0.19759022233460333,0.197590222333643,5.551115123125783e-17,2.809407802453094e-16,FALSE,FALSE
btp-health-education-2005,9727,16,11,15,15,16,da543e9793c237b92e27bbf10316fdd7c7c167b757615523e2493abcb5dd0a06,c653f7afd2e6988fb6d19f96a3ffa5d98de32f87ca2287d7858300c6cb0bff50,positive_definite,11,0,0,0.0012035799175611594,0.44802459488507534,7.003493669423945e-14,0.44802459488507534;0.26601903726088505;0.20362833694970203;0.16934742270944544;0.097002845461673745;0.081257867899487135;0.059226956336955461;0.032998871603296939;0.015173409065272319;0.004949553758330099;0.0012035799175611594,5.723002356276664e-15,0.2252263865919344,0.22522638659278407,0.225226386591934,3.885780586188048e-16,1.7252776839280024e-15,FALSE,FALSE
btp-health-education-2005,9728,14,11,13,13,14,48c1500a45ad987cdbe3f09d05fce9e3179d493f37ca2308732e795b4f8a430b,f9b8ead7a324218c22ce7cdca2894b85000ed5248b0c704d190b2da3f068b987,positive_definite,11,0,0,0.001993718864261087,0.7978297111845172,1.2471626324426223e-13,0.79782971118451718;0.27581946728755546;0.1438733700106451;0.12840185750054015;0.073276324764145986;0.055911561228492022;0.033632819961546087;0.022076006829053644;0.011497630471443093;0.0041958306159736482;0.001993718864261087,1.1893951304595705e-15,0.2097035267346123,0.20970352673574535,0.209703526734612,2.7755575615628914e-16,1.3235626528472588e-15,FALSE,FALSE
btp-health-education-2005,9729,19,11,17,17,19,ab62ce410a3e8c5b431bff43a1168f32f9dd7defb3ed3330079deda3617e55ac,c023300789860e9e14e2072ac7e543e4fbf0f14bf86548fe6b51e1d765b89f9b,positive_definite,11,0,0,0.004224446118220782,0.6501803109137314,1.0163579730787896e-13,0.65018031091373141;0.25189765053977337;0.17116080000323658;0.12320134332741697;0.066138898365571339;0.058717141651597166;0.037674676917983485;0.023930611058029603;0.010270839972279398;0.0081547450407585785;0.0042244461182207819,4.278474958674433e-15,0.2222679134057161,0.22226791340630825,0.222267913405716,1.1102230246251565e-16,4.99497659204914e-16,FALSE,FALSE
btp-health-education-2005,9730,17,11,14,14,17,b3b853d7f44da3c2128dcbb98adc54c2256dea63d16d1688c9679737f67fc43e,d7c5387f8e9ddf9858d9f9836ad6ec016b06ea84f3cc095a94f294e64652ef99,indefinite,11,1,0,-0.004551077126720584,0.5441102399032584,8.505498725150803e-14,0.54411023990325835;0.36655901827394927;0.22018748016963594;0.12523335692981305;0.074062422876308501;0.062399159036301992;0.031384580954590617;0.019172144477822676;0.013502128755032273;0.0026031718363366185;-0.0045510771267205843,-2.4463940321580327e-15,0.21669161654660937,0.21669161654728689,0.216691616546609,3.608224830031759e-16,1.6651427902637166e-15,FALSE,FALSE
san-mateo-2008,9601,6,7,5,5,6,20300fc0c0bcd7e9910623e3f579f1cde7ba853eadaaab61cf8cd652bbff1ed7,88206bd156b40dd6024217cafbb1dc867debf71d3eb8ef1d9ea4739117d3b150,indefinite_and_singular,6,1,1,-0.014312405145344124,0.5791469412181748,5.761121128283581e-14,0.57914694121817478;0.31855206979578921;0.040951389366030856;0.02287287146370005;0.0061224663700732785;-3.9336576526950318e-17;-0.014312405145344124,4.828952802062592e-25,0.018328729183213908,0.03131740621206488,0.014864446815595,0.0034642823676189084,0.23305827728377787,TRUE,TRUE
san-mateo-2008,9602,13,7,11,11,13,d57d74dae6d03ff9d75bbd31c633c33bf5408511d633e715bde4b44866361940,90d06eabe0df689606ad51cb037d7fa78a536b6049544241d7728009df16af1c,positive_definite,7,0,0,0.008230886945156373,0.34662211709758517,3.448057583004664e-14,0.34662211709758517;0.19072729070942629;0.15680737187296714;0.095092210202778249;0.028751788953961913;0.017939512370390456;0.0082308869451563731,4.1850694583122335e-9,0.25208684956200766,0.2520868495621549,0.252086849562008,3.3306690738754696e-16,1.3212387237423887e-15,FALSE,FALSE
san-mateo-2008,9603,8,7,7,7,8,7849dce3f430d9f602f6c567cf0010474e6b5ec1efe141eb850b56717b9babd7,a49c01b11619a63cd2795f45ef7e8004616f024ab4ff26f7fe668ca233a04849,positive_definite,7,0,0,0.0021577363615538224,0.4962210608176333,4.936207781331963e-14,0.49622106081763329;0.21431318893945212;0.13006653776534138;0.0797529019940387;0.054223614266193987;0.0098720953037415224;0.0021577363615538224,1.274184588055475e-9,0.23155782061865224,0.23155782061915017,0.231557820618652,2.498001805406602e-16,1.0787810140606358e-15,FALSE,FALSE
san-mateo-2008,9604,6,7,6,6,6,e67ab983aabc7f542499374a28b7b90bf318211e60687f939d79221136ba9c08,c38f926d0d93b64c4834220ac27abc2807fe071c7535b8ecfd9bcf49c5af29b3,numerically_singular,5,0,2,-2.6651275718101617e-17,0.2771695359000004,2.75717120430841e-14,0.27716953590000037;0.2074621722106621;0.049879226097516036;0.025282449156318908;0.0063917854536955886;6.9948208727078874e-19;-2.6651275718101617e-17,1.2370174532660706e-41,0.0011968145070411554,0.0040787663132884665,0.00111271252642242,8.410198061873536e-5,0.0755828469812765,TRUE,TRUE
san-mateo-2008,9605,11,7,8,9,11,dac2704c71f0040a8601f42a64de1e542c82924654df72703a882cbb567e4efc,642babb90d2818010193e7db8a49fdcc72170326bd9ccad9cf35febe4fb460fa,indefinite,7,1,0,-0.0031113524194902476,0.3866568889947548,3.846307411895515e-14,0.38665688899475481;0.1986031574441032;0.14401373356080741;0.03845387778126725;0.03081282560432096;0.0045326945293199172;-0.0031113524194902476,-1.8479624232333478e-10,0.20172689107685127,0.20172689107719194,0.201726891076851,2.7755575615628914e-16,1.3758986453152146e-15,FALSE,FALSE
san-mateo-2008,9606,12,7,8,9,12,a4c767e55385d17f0182b692f4242deacc0ca9beb929119c6a4b2ccbaedba147,8b8a69e4c4e0dbf4d07ae4d728af942f057f3a249ed837da89467c9c4489e848,positive_definite,7,0,0,0.010519594748851143,0.2892060743386993,2.8769058536268166e-14,0.28920607433869933;0.21277035411281917;0.12253293219611683;0.080920779230345033;0.053553826439888694;0.034610338284383563;0.010519594748851143,1.1896707113010661e-8,0.2716183176680223,0.2716183176681178,0.271618317668022,2.7755575615628914e-16,1.0218594921699058e-15,FALSE,FALSE
san-mateo-2008,9607,13,7,10,10,13,492a491c7460546e1c3ea4a82a762c9c8a31cc45e00bd2644eef663bc0de4a51,8db90a0dead1025788871e423549eb9303f0fc367bb4d0450138cc53ade7dd1d,positive_definite,7,0,0,0.015816697590786376,0.2711139050919431,2.6969322215728678e-14,0.27111390509194311;0.1907316573962351;0.11123033892924776;0.069917659925505721;0.044055695026805008;0.041267675039818111;0.015816697590786376,1.1564120024456326e-8,0.27106876102964494,0.27106876102971933,0.271068761029645,5.551115123125783e-17,2.0478623586281468e-16,FALSE,FALSE
san-mateo-2008,9608,11,7,10,10,11,3b26bbc686635e989f70f5d5ec9b74292bfa435f4d46d7134a4cf32a7fee38dc,4226b83ef6b382a930d5e1cdabb4cf63cbe67c06b92907af5292848da57a8d02,positive_definite,7,0,0,0.0026267549907540203,0.42020023836090264,4.179983177048028e-14,0.42020023836090264;0.28023740256188456;0.12737293648822726;0.038998460130284525;0.037278968249732154;0.020647733426678343;0.0026267549907540203,1.1826680067112813e-9,0.23032832341174123,0.23032832341208168,0.230328323411741,2.220446049250313e-16,9.640351722097959e-16,FALSE,FALSE
san-mateo-2008,9609,8,7,7,7,8,e20aa8319738dc1f1521b47397b1a5a2ec3d6723d23f68b850f718d101b55599,7887fa5f83ab98129b095c4da82715c3a8331c408fc07e9662c4e035c202bbcf,indefinite,7,1,0,-0.005824985805769471,0.3993704521166804,3.9727768308022784e-14,0.39937045211668037;0.30463825996462918;0.22415997742948587;0.10490443916119076;0.049705532962449048;0.0016905079003955972;-0.0058249858057694706,-1.4003259195900763e-9,0.23312443404753974,0.2331244340480714,0.23312443404754,2.498001805406602e-16,1.0715315259048292e-15,FALSE,FALSE
san-mateo-2008,9610,10,7,8,8,10,a021d012c1165550c1111ef37880116b99c4bdf2161d1448d70dcaeba69a0a2e,66038b5b9153cb4310ca40f180e9ff512276822649b0472dd54ae7f10935f26c,positive_definite,7,0,0,0.003106837285802026,0.21016438981449778,2.0906309269740354e-14,0.21016438981449778;0.15131925507447952;0.05990966656323328;0.042910215049459792;0.02813285100823144;0.014265845440931044;0.003106837285802026,1.0193907503491386e-10,0.19333480699268293,0.19333480699282116,0.193334806992683,5.551115123125783e-17,2.8712445572906447e-16,FALSE,FALSE
san-mateo-2008,9611,11,7,8,9,11,f25d06e80f287e10c15f61f7609eeb8067f95b2f847e743522092c2308f7e1a6,45fcdf03d2885ab90d262d3934cd2d19f9b0f0eb75f7f50b1a49a0eae7dd32fe,indefinite,7,1,0,-0.002258393115274941,0.25196856942294266,2.5064821130067095e-14,0.25196856942294266;0.1164863201619083;0.083467787879410865;0.033140387197621364;0.015761888285692069;0.010293146782791135;-0.0022583931152749411,-2.974772310315759e-11,0.17705322341082003,0.17705322341102858,0.17705322341082,2.7755575615628914e-17,1.5676402316170838e-16,FALSE,FALSE
san-mateo-2008,9612,12,7,9,9,12,2f0a87b20271ce2df923a6f5017fc45cc1597c0210b099ec33c94f048793bc42,da433451c213836dea341ef42e3b6f1c6c40c1e4d8bab1ec238fafdc9b97e0ca,positive_definite,7,0,0,0.005051710364493888,0.1825331894839728,1.815766845521423e-14,0.18253318948397279;0.17603009783005272;0.11891114780797193;0.082983805704838806;0.04644378311960045;0.031079377969902552;0.0050517103644938883,2.3119745083755747e-9,0.2416248769156491,0.24162487691573786,0.241624876915649,1.1102230246251565e-16,4.594820859495914e-16,FALSE,FALSE
san-mateo-2008,9613,12,7,11,11,12,712d9b09d4ac3371d0994d857d8b075d6eda45abe9869ead6811f63108eb287f,7dedc930da144203b251618e95d0276878620d78d0c821332f857f65e821eb87,positive_definite,7,0,0,0.0022164536407984752,0.32971787684080567,3.2799009913526896e-14,0.32971787684080567;0.20295612173666785;0.10660753394070059;0.087298749289068833;0.052764509750045013;0.020467367744421604;0.0022164536407984752,1.4907441755502902e-9,0.23416867273425726,0.23416867273455766,0.234168672734257,2.498001805406602e-16,1.066753198128011e-15,FALSE,FALSE
san-mateo-2008,9614,8,7,8,8,8,98446b405f4a1778d6b02a2ac6efc777e2618da60a3b74e379076a13a738d32f,e2c8a76efad1d55c7c121c25340dddda5c96624a30bb0882d32c984c3377f390,positive_definite,7,0,0,2.3570982597395982e-4,0.3893641116187081,3.87323777506901e-14,0.3893641116187081;0.15051016543784912;0.09471242536651267;0.03555901797450528;0.023694896314151313;0.020149857931904117;0.00023570982597395982,2.221175924327604e-11,0.1733970241502584,0.17339702415235939,0.173397024150259,6.106226635438361e-16,3.5215290835366047e-15,FALSE,FALSE
san-mateo-2008,9615,8,7,8,8,8,8380ce82a2a5f6f6958452d9b325ed0fe82847a3f42d8c315806eaed4fcd14fc,699a4afb624e34d82f14eed67fe4992e52d2feeb720cd83dc0f24dd65baabaeb,positive_definite,7,0,0,2.8006499968581244e-4,0.22623454804227752,2.2504904056517355e-14,0.22623454804227752;0.13119424543881866;0.10752648959449129;0.027040037294255411;0.017505133428012781;0.0035131270586226024;0.00028006499968581244,1.4863277503482738e-12,0.14293909953691544,0.14293909953782857,0.142939099536915,4.440892098500626e-16,3.1068420837181332e-15,FALSE,FALSE
san-mateo-2008,9616,7,7,7,7,7,7841d3d8eab79bcf94640b0790fab6e5cc4181cb6f2d91716b2d3d1d5d908880,f664da56de4d10c46ec4c2b2fa3ab016db8307b2f6cfd9cc844a5b6b55c36f8d,numerically_singular,6,0,1,1.7546005925604015e-18,0.3154811669610217,3.138279920345826e-14,0.31548116696102169;0.099228946113839561;0.066209105854981548;0.025675232976690408;0.016896097836276953;0.0067739952818945204;1.7546005925604015e-18,-4.616939886127482e-27,0.013148688726250772,0.028097701850523345,0.0131516193816686,2.930655417827596e-6,2.2283608830046388e-4,TRUE,TRUE
san-mateo-2008,9617,7,7,7,7,7,792daa55e96bb0f66711f182a068ab3c433db88e527e0a1dcc4617268890c559,f6078f01e617d6df86b5b868ba3cd8aea93d9830c3d2760ed8ea9b40b38571ed,numerically_singular,6,0,1,-4.517621594427161e-18,0.4027755425870112,4.006649302978472e-14,0.4027755425870112;0.16830263487621866;0.097940154069643889;0.069473197387910163;0.020692268921614167;0.00065744069224321264;-4.5176215944271612e-18,-5.201439612598996e-27,0.01326112150638522,0.028653215227449513,0.0135209829047787,2.598613983934815e-4,0.01921912040149382,TRUE,TRUE
san-mateo-2008,9618,10,7,8,8,10,98ae6e4bdff9bc6702e33bbd2695be83758f77fabfb20edb3ec93ef703a25252,5b786413ad590bb90eebc0db143f0ef011bd822ad918cffae17b1b14cac68b93,positive_definite,7,0,0,0.005033234264908344,0.3974998052989003,3.954168387696629e-14,0.39749980529890028;0.19322940734464639;0.17685644127161004;0.068530245643607907;0.046208534589683006;0.011587201629593287;0.0050332342649083437,2.50877213416899e-9,0.2430389057811152,0.24303890578134474,0.243038905781115,1.942890293094024e-16,7.99415339223023e-16,FALSE,FALSE
san-mateo-2008,9619,9,7,8,8,9,5768079901c0ec0b86e1f189037626837867c79f8e0475c5584da813930a3224,15830ebfc3d8c615f26257f637e5e2914483d83634cfab08eec253233b9859bb,indefinite,7,1,0,-0.0012369571842333446,0.26550798604401465,2.6411667907781615e-14,0.26550798604401465;0.13012564179370484;0.068965595686763331;0.037631710539768271;0.01699611789279212;0.0017519579494215372;-0.0012369571842333446,-3.3025926076706545e-12,0.15132762446996892,0.1513276244703945,0.151327624469969,8.326672684688674e-17,5.502414191627718e-16,FALSE,FALSE
san-mateo-2008,9620,11,7,10,10,11,1ddda7f96ed95001a8c5de1562ea960e342b5418b88977b40dc6d76938dbb22a,bd7d454e2dcba4c6c6160d3f6fb757394bdfc4eaf78f73d88b1c92e58dd5e6f2,positive_definite,7,0,0,0.012996652859999309,0.34695397103143244,3.451358732633064e-14,0.34695397103143244;0.13586611268485127;0.10315081594533777;0.051687409626935188;0.036996666120347965;0.021025131934406235;0.012996652859999309,2.540816415885939e-9,0.24325933797057517,0.24325933797068966,0.243259337970575,1.6653345369377348e-16,6.845922342924308e-16,FALSE,FALSE
san-mateo-2008,9621,5,7,4,4,5,c6f447625706279952edc9f3a6daa22c55b7d0606932deb3cc06c0009a58f939,089fcbb43e57136d81cb9dde7818db0afc3b308c53e70727abcfcfc5d23f92bf,indefinite_and_singular,6,2,1,-0.015609686138581663,0.41761547669434496,4.154271006286215e-14,0.41761547669434496;0.30819488682591661;0.065120738491035626;0.039895123976158797;4.8662401128105438e-18;-0.0086424902347793601;-0.015609686138581663,-1.3270091403771186e-26,0.01417861633831973,0.03307403157092699,0.0162896164128089,0.002111000074489172,0.12959176084890764,TRUE,TRUE
san-mateo-2008,9622,12,7,11,11,12,98e30f20bc6ae19de8c4d71109c93b050b35af1f772b9d8de11146b2c396de61,672db038d1b81d4bd89181988ae303e0ab6493da5f80d50e36fb41c285279188,positive_definite,7,0,0,0.0057437039041060905,0.34705596843314196,3.4523733618129795e-14,0.34705596843314196;0.31307999243660178;0.13794036008368002;0.11704190843032271;0.049063078130796522;0.030638949469019409;0.0057437039041060905,1.514636043320226e-8,0.27634435147469777,0.27634435147486747,0.276344351474698,2.220446049250313e-16,8.035069424799213e-16,FALSE,FALSE
san-mateo-2008,9623,7,7,6,6,7,612fc39b9c3ead8737ddceaeb3391edaf36c88187bf5c0dd1d8d7ed38ab7d763,4be54af8aaa440c6f4a99856dec1ed57662a75e0d954868d1ebf7ce521d92e46,indefinite,7,2,0,-0.0014962630637674708,0.4508143002480875,4.484519567052718e-14,0.4508143002480875;0.33615424554124496;0.049339639114141708;0.030546897289096105;0.011825682792786483;-1.5199495585404957e-05;-0.0014962630637674708,6.142748209178964e-14,0.11384438685999117,0.1138443868842794,0.11384438685999,1.1657341758564144e-15,1.0239715878922313e-14,FALSE,FALSE
san-mateo-2008,9624,8,7,5,5,8,f754d6ef92173be75c609b9a27582b575961cd9c23fc06ac4d9031e480998ba4,a340f7d59d45053f16b17df9f0e468ac1579b2421a51fb7923877612363e8a81,indefinite,7,2,0,-0.007657639384973737,0.3391058860627659,3.3732891359354676e-14,0.33910588606276593;0.1340131421890981;0.12047498610139216;0.082015671343050919;0.0059446549656103215;-0.0014826865338242641;-0.0076576393849737369,3.030730739843902e-11,0.17728906673246675,0.17728906673289566,0.177289066732467,2.498001805406602e-16,1.4089993542445234e-15,FALSE,FALSE
san-mateo-2008,9625,10,7,6,7,10,91e4dff8f46a8588cf1d60bda1cbc12f40fe3fe67c66fc130bc3426fc79b7419,7a3696ded77f28ceac1045ed2761f7d999746afed92d454d16b22fc7400355f9,indefinite,7,1,0,-0.009641320582790242,0.38868936065923415,3.8665256235711907e-14,0.38868936065923415;0.2598322657311391;0.15967153480446938;0.077773465451599952;0.024935830292030999;0.01992139202381478;-0.0096413205827902415,-6.006683145311364e-9,0.2586780766032246,0.2586780766033815,0.258678076603225,3.885780586188048e-16,1.5021685011785041e-15,FALSE,FALSE
san-mateo-2008,9626,4,7,4,4,4,0657debf9ffc461d1211b68ae089d92c9e829272536b4d2e38c937da9d3ff9b6,664d5c8af5eb01d132b4f42218dc1d3b00620825be1dccdd52004948c07d2002,numerically_singular,3,0,4,-6.648068757096908e-18,0.5426843965381158,5.3984063807871665e-14,0.54268439653811584;0.22207025728862334;0.11218978790238281;4.729298059673088e-17;2.4789548195572982e-18;-1.530212923109917e-18;-6.6480687570969081e-18,0,0,1.1905602672590179e-4,0,0,NA,FALSE,FALSE
zeguo-2005,5201,16,9,16,16,16,a2d7bebe16872a59e7e27eb8ac39c71ef12cceb039ff4dde28f056ff5dada005,d82c414385916142f8b6c4b3d84dc9c42bc0da13bc65f2fb0fd6b962f25a10ef,positive_definite,9,0,0,0.0021777130266593513,0.18105328647417718,2.315629754814942e-14,0.18105328647417718;0.13546599378341367;0.069739991030812784;0.045841870789329747;0.031170738895631694;0.02217676383162822;0.015885410109843724;0.01308886295617453;0.0021777130266593513,2.4542974124268564e-14,0.17534155101362295,0.1753415510137864,0.0290002144403478,0.14634133657327514,5.046215671070054,FALSE,FALSE
zeguo-2005,5202,15,9,15,15,15,5727cb1efc5b3251792abd060c840a1b7b93aeb387b71158beaf4b02e1adb1a3,347249da35387ae086331961fbc078583a4d19ab0eb3c8b1258b0c2c8de948ae,positive_definite,9,0,0,0.005877419368447244,0.3860095984047084,4.936973689442504e-14,0.38600959840470839;0.12186249575653971;0.095930155266906431;0.058750974425049937;0.026303546845198835;0.018667203340390768;0.013430031403350163;0.0096216167680572545;0.0058774193684472441,9.886526358896497e-14,0.18945341120136075,0.1894534112016094,0.0306841559398832,0.15876925526147756,5.174307403877766,FALSE,FALSE
zeguo-2005,5203,16,9,16,16,16,05a8b40c137b6401d5871be05f4cc4ceaa3331a0c04f503d769e1de2c0750f1c,341213bd153e90121d4b47c2818cbba7efd0bf3311501cf791fc4f3a6222bb94,positive_definite,9,0,0,0.00777401682471447,0.2579854555778289,3.2995744450665545e-14,0.25798545557782893;0.093127116195045462;0.081412517881394364;0.056473516973655886;0.026964534199042767;0.024894702918509443;0.01779801144447379;0.010378860867753597;0.0077740168247144702,1.0648144033896094e-13,0.19023612690784403,0.19023612690798453,0.0285991607718535,0.16163696613599052,5.651808017215286,FALSE,FALSE
zeguo-2005,5204,14,9,14,14,14,a57b24e9fc8a6fbb2ec2d9bd2b41e4cf61faa6ab96ad92a6e740ee84a6dd6cee,8e5d3f3abb64e4407da2ab32f61fba08e694edbc44337b81e70e272c856e8255,positive_definite,9,0,0,0.004898227414971979,0.2465419915412313,3.1532151806900996e-14,0.2465419915412313;0.095724771636922321;0.080438253325427325;0.045341461577697015;0.039013296106271009;0.027769980501610059;0.012727601410215523;0.0087323884095633231;0.0048982274149719793,5.076684332833115e-14,0.18256651271923333,0.1825665127193958,0.0277624770844738,0.15480403563475953,5.57601669201679,FALSE,FALSE
zeguo-2005,5205,15,9,15,15,15,2b427f47743623720081f1fcf0bb6304e748c29200bd885e5c10ac46fc2efb8c,e4847280582dabc23660c7ec00a9359fabd715b281384f4919f3e4f4cd67de33,positive_definite,9,0,0,0.0042500387032986045,0.3347695622810669,4.281625451383209e-14,0.33476956228106691;0.13700334212085313;0.088977017515584678;0.052444741606156198;0.035436495694303308;0.029253105164055236;0.020049269092339648;0.0095150516596006745;0.0042500387032986045,1.7987973585671795e-13,0.19585896619880647,0.19585896619903617,0.0311190771323468,0.16473988906645967,5.293855224749593,FALSE,FALSE
zeguo-2005,5206,16,9,16,16,16,f9e7648469cae5eb49a9673cd1f461ad3312e246c59959805f0612055ea3144b,919eda8f1c37310dfcdade2ae21c2582732ab57fb7d8b73cf22a2fa04f73777d,positive_definite,9,0,0,0.002087342259994389,0.3147280942375337,4.025299699801797e-14,0.31472809423753367;0.091347713899552679;0.082605319379135428;0.049924820646064225;0.030428369739375832;0.02861885293422211;0.020168318819102259;0.005292553380452425;0.0020873422599943891,2.3004735357328247e-14,0.17471217893703792,0.17471217893736282,0.0279694926004341,0.1467426863366038,5.246526579260372,FALSE,FALSE
zeguo-2005,5207,16,9,16,16,16,6bbd9bb0cec110296087a4d52be876e28b466c9c24fe61f6e9ac6aee811b28e4,08d21c439c77dd3b8e54d6b2fb4f95a98db7490e9ce8067dfc37c67195a66592,positive_definite,9,0,0,0.002740693017177144,0.4165504942630497,5.327584699966006e-14,0.41655049426304969;0.14407218172443398;0.055738919903740101;0.047275634012118754;0.031416171751148241;0.027630522936702196;0.024025870195655705;0.013399041470059173;0.002740693017177144,1.2111538543459578e-13,0.19160196643228705,0.19160196643262592,0.0337697988134315,0.15783216761885555,4.673766891263796,FALSE,FALSE
zeguo-2005,5208,15,9,15,15,15,6f2e1cab27f0137c199a1d317b2aded87b43a4b8076a085d7fbfe6d4a4899cd3,24439dda61547d37c614929f5204380f649a45e4fb3f74a558fd01358481b1f7,positive_definite,9,0,0,0.0022031639761787973,0.2107085705923864,2.6949139955426596e-14,0.2107085705923864;0.10617989609134548;0.070036854529000811;0.055998147568142871;0.037333929254172636;0.017355006394301518;0.015980081090527561;0.0031342370817237829;0.0022031639761787973,6.273514613125983e-15,0.16254470571736399,0.16254470571759894,0.0243604621155556,0.1381842436018084,5.672480388357229,FALSE,FALSE
zeguo-2005,5209,14,9,14,14,14,430ac0a7fa48ccf00114fa372fa038446b41326c4afffecc19de9539d7cc557f,658eab4822dd75adbe9348017f76bb2bcb040d57fe922623db7240cee73c0c3c,positive_definite,9,0,0,0.0072628218131946636,0.2981339608611181,3.813064563118563e-14,0.2981339608611181;0.11727671195441357;0.065800524877553321;0.049459463566265779;0.031873740028668239;0.024454508611815379;0.012826670664565158;0.008618248154906815;0.0072628218131946636,7.120857351535882e-14,0.18603091706752917,0.18603091706770694,0.028513884253299,0.15751703281423016,5.524222214516627,FALSE,FALSE
zeguo-2005,5210,11,9,11,11,11,9d7770847b364701b5c1686c21b58076995c8f6373dd4c94a5be030f7611c042,9b4bc02e0cf192557d6604e16907af4bdcc44c074b98ad8754a05b1366cd59af,positive_definite,9,0,0,1.195872640032444e-4,0.40638598912343615,5.197583024754132e-14,0.40638598912343615;0.11074243963362092;0.086836155411468163;0.07728807536459982;0.04092085197050823;0.028656495666868405;0.010065541672320403;0.0039545592282599438;0.0001195872640032444,1.6859853871793632e-15,0.15110180626137118,0.15110180626521713,0.0268058948879966,0.12429591137337458,4.636887218006401,FALSE,FALSE
zeguo-2005,5211,17,9,17,17,17,5f18b984d6debb5df598da56a5bd2372bb7b287e0b56900a980c89b8ee437910,f11190aeb00f282b41d8632097de746b6ad62ed2c94d84d2fa84a3e9985d9433,positive_definite,9,0,0,0.0038358058808048547,0.16536741374695493,2.1150110622480077e-14,0.16536741374695493;0.091568124558300185;0.060793343976070481;0.055241957157777993;0.035965808535646779;0.02107115816140441;0.012336111804177183;0.0074341807011065915;0.0038358058808048547,1.3557062825761538e-14,0.16965425485559602,0.1696542548557163,0.0269592957939125,0.1426949590616835,5.292977982529666,FALSE,FALSE
zeguo-2005,5212,12,9,12,12,12,94be5dff6f76f968cd6b931a4f61d5ccb36c7616887f9cfb8f8f790a42758888,bb57d23194824bd3002abac51788bd2e768819dcd99f739753c75ef76e3775bb,positive_definite,9,0,0,0.0013847122859791193,0.2959262722088641,3.784828734694339e-14,0.29592627220886408;0.10394391149198244;0.09723909734518188;0.065620083647732044;0.03095742258395949;0.017392996409905135;0.0068442812505600465;0.0036456375482592954;0.0013847122859791193,3.651407993577988e-15,0.15773005855863556,0.15773005855905714,0.0244859838317092,0.13324407472692637,5.441646765868403,FALSE,FALSE
zeguo-2005,5213,15,9,15,15,15,a9ec0b91ac8e71dfbaf7d69c894305395ae8e5a864f2becead3cd9916470a798,073e94af52adb2dbf5cd2f11dc7c1a31b3250e8b9814f6b32634155cdd5120a5,positive_definite,9,0,0,0.005247223694989518,0.19082535132423087,2.4406122092814226e-14,0.19082535132423087;0.14563371670933764;0.12035792040742611;0.098044237591332295;0.061205844157301466;0.035452646505122372;0.025437066223938234;0.020262919073956422;0.0052472236949895178,1.924575332082097e-12,0.22342394582906483,0.22342394582917235,0.0327023341909727,0.19072161163809212,5.832048884471976,FALSE,FALSE
zeguo-2005,5214,16,9,16,16,16,3c589c319e97aebdaa55fdd62cbc026bfa1054d3de00e92da7176089149a026c,1dc5c1d3c2e2da6582a7a0dbbdc7e41caa8111706345f4af72e49ec368f879b9,positive_definite,9,0,0,0.0019238606794464417,0.2642247044416519,3.379372998288755e-14,0.26422470444165191;0.078527671604562546;0.054934772850603941;0.039872385581549021;0.031495922755319525;0.020530679752443912;0.014658880869851705;0.0035320890185581585;0.0019238606794464417,2.927382246098296e-15,0.15580528705211924,0.15580528705241506,0.0243978670934079,0.13140741995871133,5.386020813033141,FALSE,FALSE
zeguo-2005,5215,15,9,15,15,15,820c083675b751e72a15551ef140073a95c7acd18a78c8ced96ac680a5143096,26d23e86089889b488cab8a03e357981621d1c8d3e5c986259a25b299b95576d,positive_definite,9,0,0,0.002326170997496608,0.28837392413523466,3.688235945584654e-14,0.28837392413523466;0.12673377242385259;0.11228279867764998;0.067137722569002842;0.021117898190982354;0.01368732987311445;0.0085821914759679832;0.0073600422423469218;0.0023261709974966081,1.1700859196682207e-14,0.16827209331143986,0.16827209331172865,0.0295073111764537,0.13876478213498616,4.702725412870487,FALSE,FALSE
zeguo-2005,5216,10,9,10,10,10,0e00f2d6cab686a984be55cbf741166568c18da4a417a3389773b0de55fd425f,a75464b1c6ebd9b8e9a709c97b3e2b26c3af4a6f665bfa730fff36af53e34579,positive_definite,9,0,0,9.928514015593245e-4,0.5525617911924943,7.06713780222749e-14,0.55256179119249427;0.13758361985429607;0.099823666829324309;0.051053305622252916;0.047938304795348663;0.019747110865601714;0.0051186355106556721;0.0018447857888690181;0.00099285140155932453,3.438552093094135e-15,0.1572046223284285,0.1572046223295729,0.021816815800046,0.1353878065283825,6.205662997259987,FALSE,FALSE
