poll_id,item_id,source_column_t1,historical_item_id,cor_item_id,question,wording_source,response_type,answer_choices,correct_codes,correct_answer,source_reference,coding_note,historical_item_id_t2
uk-crime-1994,knowledge_001,kw11,kw1,knowledge-1,Can British courts sentence a murderer to death?,paraphrase of source label or questionnaire,true/false,True | False,0,False,data/uk-crime-1994/variables.csv,,
uk-crime-1994,knowledge_002,kw21,kw2,knowledge-2,Does Britain have the largest prison population in Western Europe?,paraphrase of source label or questionnaire,true/false,True | False,1,True,data/uk-crime-1994/variables.csv,,
uk-crime-1994,knowledge_003,kw31,kw3,knowledge-3,Does Britain have more prisoners serving life sentences than the rest of the European Community combined?,paraphrase of source label or questionnaire,true/false,True | False,1,True,data/uk-crime-1994/variables.csv,,
uk-crime-1994,knowledge_004,kw41,kw4,knowledge-4,Can a defendant be tried by jury in a local magistrates court?,paraphrase of source label or questionnaire,true/false,True | False,0,False,data/uk-crime-1994/variables.csv,,
uk-crime-1994,knowledge_005,pkw11,pkw1,knowledge-5,Is the number of members of Parliament about 100?,paraphrase of source label or questionnaire,true/false,True | False,0,False,data/uk-crime-1994/variables.csv,,
uk-crime-1994,knowledge_006,pkw21,pkw2,knowledge-6,Is the longest permitted interval between general elections four years?,paraphrase of source label or questionnaire,true/false,True | False,0,False,data/uk-crime-1994/variables.csv,,
uk-crime-1994,knowledge_007,pkw31,pkw3,knowledge-7,Is the British electoral system based on proportional representation?,paraphrase of source label or questionnaire,true/false,True | False,0,False,data/uk-crime-1994/variables.csv,,
uk-eu-1995,knowledge_001,eusize1,eusize,knowledge-1,Has the European Union recently expanded to 15 members?,paraphrase of source label or questionnaire,true/false,True | False,1,True,data/uk-eu-1995/variables.csv,,
uk-eu-1995,knowledge_002,swiss1,swiss,knowledge-2,Is Switzerland about to join the European Union?,paraphrase of source label or questionnaire,true/false,True | False,2,False,data/uk-eu-1995/variables.csv,,
uk-eu-1995,knowledge_003,inctax1,inctax,knowledge-3,Are British income tax rates decided in Brussels?,paraphrase of source label or questionnaire,true/false,True | False,2,False,data/uk-eu-1995/variables.csv,,
uk-eu-1995,knowledge_004,elect1,elect,knowledge-4,Are European Parliament elections held every five years?,paraphrase of source label or questionnaire,true/false,True | False,1,True,data/uk-eu-1995/variables.csv,,
uk-eu-1995,knowledge_005,ptyapp1,ptyapp,knowledge-5,Are the Liberal Democrats the least favorable to the European Union of the three main British parties?,paraphrase of source label or questionnaire,true/false,True | False,2,False,data/uk-eu-1995/variables.csv,,
uk-monarchy-1996,knowledge_001,Q5A,A,knowledge-1,Is Princess Anne next in line to the throne?,questionnaire or source codebook,true/false,True | False,2,2   false,data/uk-monarchy-1996/codebook.pdf,,
uk-monarchy-1996,knowledge_002,Q5B,B,knowledge-2,"Is the prime minister, rather than the Queen, Britain's head of state?",questionnaire or source codebook,true/false,True | False,2,2   false,data/uk-monarchy-1996/codebook.pdf,,
uk-monarchy-1996,knowledge_003,Q5C,C,knowledge-3,Is the Queen head of the Commonwealth?,questionnaire or source codebook,true/false,True | False,1,1   true,data/uk-monarchy-1996/codebook.pdf,,
uk-monarchy-1996,knowledge_004,Q5D,D,knowledge-4,Is it the Queen's duty to decide the date of a general election?,questionnaire or source codebook,true/false,True | False,2,2   false,data/uk-monarchy-1996/codebook.pdf,,
uk-monarchy-1996,knowledge_005,Q5E,E,knowledge-5,Does a prime minister take office only after being asked by the Queen?,questionnaire or source codebook,true/false,True | False,1,1   true,data/uk-monarchy-1996/codebook.pdf,,
uk-monarchy-1996,knowledge_006,Q5F,F,knowledge-6,Is the Queen head of the Church of England?,questionnaire or source codebook,true/false,True | False,1,1   true,data/uk-monarchy-1996/codebook.pdf,,
uk-monarchy-1996,knowledge_007,Q5G,G,knowledge-7,Is the Queen head of the Church of Scotland?,questionnaire or source codebook,true/false,True | False,2,2   false,data/uk-monarchy-1996/codebook.pdf,,
uk-monarchy-1996,knowledge_008,Q5H,H,knowledge-8,Does Britain have an unwritten constitution?,questionnaire or source codebook,true/false,True | False,1,1   true,data/uk-monarchy-1996/codebook.pdf,,
uk-monarchy-1996,knowledge_009,Q8A,succession,,"If a British monarch dies, who succeeds them?",questionnaire or source codebook,multiple choice,1: 1   brother or siste | 2: 2   eldest brother | 3: 3   eldest sister | 4: 4   eldest child | 5: 5   eldest son | 6: 6   eldest daughter | 7: 7   none of these | 8: 8   can't choose | 9: 9   not answered,5,5   eldest son,data/uk-monarchy-1996/codebook.pdf,,
nic-1996,knowledge_001,WEDLOCK1,WEDLOCK,,About what percentage of American children are born outside marriage?,paraphrase of source label or questionnaire,open numeric,,25-40 inclusive,25-40 inclusive,data/nic-1996/codebook.txt,Numeric response scored correct when within the inclusive interval shown in correct_codes; missing and out-of-range responses scored incorrect. See R/respondent_nic.R.,
nic-1996,knowledge_002,AFDC1,AFDC,,About what percentage of children live in single-parent households?,paraphrase of source label or questionnaire,open numeric,,1-10 inclusive,1-10 inclusive,data/nic-1996/codebook.txt,Numeric response scored correct when within the inclusive interval shown in correct_codes; missing and out-of-range responses scored incorrect. See R/respondent_nic.R.,
nic-1996,knowledge_003,UNEMP1,UNEMP,,What was the unemployment rate over the previous ten years?,paraphrase of source label or questionnaire,open numeric,,5-10 inclusive,5-10 inclusive,data/nic-1996/codebook.txt,Numeric response scored correct when within the inclusive interval shown in correct_codes; missing and out-of-range responses scored incorrect. See R/respondent_nic.R.,
nic-1996,knowledge_004,SPEND1,SPEND,knowledge-1,Which listed purpose does the United States spend the most on?,paraphrase of source label or questionnaire,multiple choice,1: The space program | 2: Foreign aid | 3: National defense | 4: Agriculture subsidies | 8: Do not know,3,National defense,data/nic-1996/codebook.txt,,
nic-1996,knowledge_005,TRADE1,TRADE,knowledge-2,Which listed country does the United States trade with most?,paraphrase of source label or questionnaire,multiple choice,1: Canada | 2: Japan | 3: Germany | 4: Mexico | 8: Do not know,1,Canada,data/nic-1996/codebook.txt,,
nic-1996,knowledge_006,TROOPSA1,TROOPSA,knowledge-3,Had the United States sent ground troops to Iraq in the previous ten years?,paraphrase of source label or questionnaire,yes/no,Yes | No,1,Yes,data/nic-1996/codebook.txt,,
nic-1996,knowledge_007,TROOPSB1,TROOPSB,knowledge-4,Had the United States sent ground troops to Somalia in the previous ten years?,paraphrase of source label or questionnaire,yes/no,Yes | No,1,Yes,data/nic-1996/codebook.txt,,
nic-1996,knowledge_008,TROOPSC1,TROOPSC,knowledge-5,Had the United States sent ground troops to Rwanda in the previous ten years?,paraphrase of source label or questionnaire,yes/no,Yes | No,0,No,data/nic-1996/codebook.txt,,
nic-1996,knowledge_009,TROOPSD1,TROOPSD,knowledge-6,Had the United States sent ground troops to Bosnia in the previous ten years?,paraphrase of source label or questionnaire,yes/no,Yes | No,1,Yes,data/nic-1996/codebook.txt,,
nic-1996,knowledge_010,POLREP1,republican,knowledge-7,Where were Republicans on the liberal to conservative scale?,paraphrase of source label or questionnaire,placement scale,See source instrument for scale endpoints,5|6|7,Slightly conservative | Conservative | Extremely conservative,data/nic-1996/codebook.txt,,
nic-1996,knowledge_011,POLDEM1,democratic,knowledge-8,Where were Democrats on the liberal to conservative scale?,paraphrase of source label or questionnaire,placement scale,See source instrument for scale endpoints,1|2|3,Extremely liberal | Liberal | Slightly liberal,data/nic-1996/codebook.txt,,
cpl-1996,knowledge_001,source1,source,knowledge-1,Which energy source produces the greatest amount of CPL electricity?,questionnaire or source codebook,multiple choice,1: Coal | 2: Wind | 3: Natural Gas | 4: Fuel Oil | 5: Nuclear | 6: Solar | 99: dk,3,Natural Gas,data/cpl-1996/codebook.txt,,
cpl-1996,knowledge_002,use1,use,knowledge-2,Which customer group uses the most CPL electricity?,questionnaire or source codebook,multiple choice,1: Residential | 2: Commerical | 3: Industrial | 99: dk,3,Industrial,data/cpl-1996/codebook.txt,,
cpl-1996,knowledge_003,rt1,rt,knowledge-3,Which CPL customer group pays the highest electric rates?,questionnaire or source codebook,multiple choice,1: Residential | 2: Commerical | 3: Industrial | 99: dk,2,Commerical,data/cpl-1996/codebook.txt,,
cpl-1996,knowledge_004,smog1,smog,knowledge-4,Which electricity source produces the most air emissions?,questionnaire or source codebook,multiple choice,1: Nuclear | 2: Coal | 3: Natural Gas | 99: dk,2,Coal,data/cpl-1996/codebook.txt,,
cpl-1996,knowledge_005,setrt1,setrt,knowledge-5,Which agency sets electric rates in Texas?,questionnaire or source codebook,open coded,,1,PUC,data/cpl-1996/codebook.txt,Open answer coded into source categories; code 1 (Public Utility Commission) scored correct. Other codes scored incorrect. See R/respondent_utilities.R.,
cpl-1996,knowledge_006,profit1,profit,knowledge-6,How much profit do Texas electric utilities make on fuel?,questionnaire or source codebook,multiple choice,0: 0% | 1: 10% | 2: 20% | 3: 30% | 99: dk,0,0%,data/cpl-1996/codebook.txt,,
cpl-1996,knowledge_007,pctful1,pctful,knowledge-7,How much of the electric bill pays for fuel?,questionnaire or source codebook,multiple choice,1: less than 20% | 2: 21-30% | 3: 31-40% | 4: 41-50% | 5: More Than 50% | 99: dk,2,21-30%,data/cpl-1996/codebook.txt,,
wtu-1996,knowledge_001,SOURCE1,source,knowledge-1,Which energy source produces the greatest amount of WTU electricity?,questionnaire or source codebook,multiple choice,1: Coal | 2: Wind | 3: Natural Gas | 4: Fuel Oil | 5: Nuclear | 6: Solar | 99: dk,3,Natural Gas,data/wtu-1996/codebook.txt,,
wtu-1996,knowledge_002,USE1,use,knowledge-2,Which customer group uses the most WTU electricity?,questionnaire or source codebook,multiple choice,1: Residential | 2: Commerical | 3: Industrial | 99: dk,1,Residential,data/wtu-1996/codebook.txt,,
wtu-1996,knowledge_003,RT1,rt,knowledge-3,Which WTU customer group pays the highest electric rates?,questionnaire or source codebook,multiple choice,1: Residential | 2: Commerical | 3: Industrial | 99: dk,1,Residential,data/wtu-1996/codebook.txt,,
wtu-1996,knowledge_004,SMOG1,smog,knowledge-4,Which electricity source produces the most air emissions?,questionnaire or source codebook,multiple choice,1: Nuclear | 2: Coal | 3: Natural Gas | 99: dk,2,Coal,data/wtu-1996/codebook.txt,,
wtu-1996,knowledge_005,SETRT1,setrt,knowledge-5,Which agency sets electric rates in Texas?,questionnaire or source codebook,open coded,,1,PUC,data/wtu-1996/codebook.txt,Open answer coded into source categories; code 1 (Public Utility Commission) scored correct. Other codes scored incorrect. See R/respondent_utilities.R.,
swepco-1996,knowledge_001,SOURCE1,source,knowledge-1,Which energy source produces the greatest amount of SWEPCO electricity?,questionnaire or source codebook,multiple choice,1: Coal | 2: Wind | 3: Natural Gas | 4: Fuel Oil | 5: Nuclear | 6: Solar | 99: dk,1,Coal,data/swepco-1996/codebook.txt,,
swepco-1996,knowledge_002,USE1,use,knowledge-2,Which customer group uses the most SWEPCO electricity?,questionnaire or source codebook,multiple choice,1: Residential | 2: Commerical | 3: Industrial | 99: dk,3,Industrial,data/swepco-1996/codebook.txt,,
swepco-1996,knowledge_003,RT1,rt,knowledge-3,Which SWEPCO customer group pays the highest electric rates?,questionnaire or source codebook,multiple choice,1: Residential | 2: Commerical | 3: Industrial | 99: dk,1,Residential,data/swepco-1996/codebook.txt,,
swepco-1996,knowledge_004,SMOG1,smog,knowledge-4,Which electricity source produces the most air emissions?,questionnaire or source codebook,multiple choice,1: Nuclear | 2: Coal | 3: Natural Gas | 99: dk,2,Coal,data/swepco-1996/codebook.txt,,
swepco-1996,knowledge_005,SETRT1,setrt,knowledge-5,Which agency sets electric rates in Texas?,questionnaire or source codebook,open coded,,1,PUC,data/swepco-1996/codebook.txt,Open answer coded into source categories; code 1 (Public Utility Commission) scored correct. Other codes scored incorrect. See R/respondent_utilities.R.,
uk-general-election-1997,knowledge_001,inflat1,inflat,knowledge-1,Had inflation been below five percent over the previous few years?,paraphrase of source label or questionnaire,true/false,True | False,1,True,data/uk-general-election-1997/variables.csv,,
uk-general-election-1997,knowledge_002,intrst1,intrst,knowledge-2,Did the Bank of England decide interest rates?,paraphrase of source label or questionnaire,true/false,True | False,2,False,data/uk-general-election-1997/variables.csv,,
uk-general-election-1997,knowledge_003,ukempl1,ukempl,knowledge-3,Was unemployment in the United Kingdom higher than in Germany?,paraphrase of source label or questionnaire,true/false,True | False,2,False,data/uk-general-election-1997/variables.csv,,
uk-general-election-1997,knowledge_004,redstc1,redst_c,knowledge-4,Where was the Conservative Party on the income redistribution scale?,paraphrase of source label or questionnaire,placement scale,See source instrument for scale endpoints,1|2|3,Gov Do Nothing to Make Inc. = |  | ,data/uk-general-election-1997/variables.csv,,
uk-general-election-1997,knowledge_005,taxc1,tax_c,knowledge-5,Where was the Conservative Party on the tax and public services scale?,paraphrase of source label or questionnaire,placement scale,See source instrument for scale endpoints,1|2|3,"Gov Spend Less, Cut Taxes Lot |  | ",data/uk-general-election-1997/variables.csv,,
uk-general-election-1997,knowledge_006,wagec1,wage_c,knowledge-6,Where was the Conservative Party on the minimum wage scale?,paraphrase of source label or questionnaire,placement scale,See source instrument for scale endpoints,1|2|3,Yes Min. Wage |  | ,data/uk-general-election-1997/variables.csv,,
uk-general-election-1997,knowledge_007,euc1,eu_c,knowledge-7,Where was the Conservative Party on the European Union scale?,paraphrase of source label or questionnaire,placement scale,See source instrument for scale endpoints,1|2|3,Keep Distance from E.U. |  | ,data/uk-general-election-1997/variables.csv,,
uk-general-election-1997,knowledge_008,redstl1,redst_l,knowledge-8,Where was the Labour Party on the income redistribution scale?,paraphrase of source label or questionnaire,placement scale,See source instrument for scale endpoints,5|6|7, |  | Gov Try Hard Make Inc. =,data/uk-general-election-1997/variables.csv,,
uk-general-election-1997,knowledge_009,taxl1,tax_l,knowledge-9,Where was the Labour Party on the tax and public services scale?,paraphrase of source label or questionnaire,placement scale,See source instrument for scale endpoints,5|6|7," |  | Gov Spend Lot, Tax lot",data/uk-general-election-1997/variables.csv,,
uk-general-election-1997,knowledge_010,wagel1,wage_l,knowledge-10,Where was the Labour Party on the minimum wage scale?,paraphrase of source label or questionnaire,placement scale,See source instrument for scale endpoints,5|6|7,"Positions 5, 6, 7",data/uk-general-election-1997/variables.csv,,
uk-general-election-1997,knowledge_011,eul1,eu_l,knowledge-11,Where was the Labour Party on the European Union scale?,paraphrase of source label or questionnaire,placement scale,See source instrument for scale endpoints,5|6|7, |  | Unite with E.U.,data/uk-general-election-1997/variables.csv,,
uk-general-election-1997,knowledge_012,redstld1,redst_ld,knowledge-12,Where were the Liberal Democrats on the income redistribution scale?,paraphrase of source label or questionnaire,placement scale,See source instrument for scale endpoints,5|6|7, |  | Gov Try Hard Make Inc. =,data/uk-general-election-1997/variables.csv,,
uk-general-election-1997,knowledge_013,taxld1,tax_ld,knowledge-13,Where were the Liberal Democrats on the tax and public services scale?,paraphrase of source label or questionnaire,placement scale,See source instrument for scale endpoints,5|6|7," |  | Gov Spend Lot, Tax lot",data/uk-general-election-1997/variables.csv,,
uk-general-election-1997,knowledge_014,wageld1,wage_ld,knowledge-14,Where were the Liberal Democrats on the minimum wage scale?,paraphrase of source label or questionnaire,placement scale,See source instrument for scale endpoints,5|6|7,"Positions 5, 6, 7",data/uk-general-election-1997/variables.csv,,
uk-general-election-1997,knowledge_015,euld1,eu_ld,knowledge-15,Where were the Liberal Democrats on the European Union scale?,paraphrase of source label or questionnaire,placement scale,See source instrument for scale endpoints,5|6|7, |  | Unite with E.U.,data/uk-general-election-1997/variables.csv,,
uk-health-1998,knowledge_001,sopha1,a,knowledge-1,Was the standard National Health Service prescription charge ten pounds?,paraphrase of source label or questionnaire,true/false,True | False,0,false,data/uk-health-1998/variables.csv,,
uk-health-1998,knowledge_002,sophb1,b,knowledge-2,Was the proportion of older people in Britain increasing?,paraphrase of source label or questionnaire,true/false,True | False,1,true,data/uk-health-1998/variables.csv,,
uk-health-1998,knowledge_003,sophc1,c,knowledge-3,Had inflation-adjusted National Health Service spending doubled in the previous 20 years?,paraphrase of source label or questionnaire,true/false,True | False,1,true,data/uk-health-1998/variables.csv,,
uk-health-1998,knowledge_004,sophd1,d,knowledge-4,Did most people use private medical treatment instead of the National Health Service?,paraphrase of source label or questionnaire,true/false,True | False,0,false,data/uk-health-1998/variables.csv,,
uk-health-1998,knowledge_005,sophe1,e,knowledge-5,Did all British women receive free breast cancer screening from the National Health Service?,paraphrase of source label or questionnaire,true/false,True | False,0,false,data/uk-health-1998/variables.csv,,
uk-health-1998,knowledge_006,sophf1,f,knowledge-6,Was cosmetic surgery never available through the National Health Service?,paraphrase of source label or questionnaire,true/false,True | False,0,false,data/uk-health-1998/variables.csv,,
australia-republic-1999,knowledge_001,qrole1,qrole,knowledge-2,How was the Governor-General appointed under the existing monarchy?,paraphrase of source label or questionnaire,multiple choice,1: CHOOSES GOV GENERAL | 2: NO ROLE | 3: APPTS ON RECOMMEND OF PARLIAMENT | 4: APPTS ON ADVICE OF P.M. (correct) | 96: NONE | 97: DON'T KNOW,4,APPTS ON ADVICE OF P.M. (correct),data/australia-republic-1999/variables.csv,,
australia-republic-1999,knowledge_002,rempres1,rempres,knowledge-1,Could the prime minister remove the proposed president?,paraphrase of source label or questionnaire,multiple choice,1: ANYTIME W/O REPORT TO HOUSE | 2: ANYTIME W/ LATER HOUSE APPROVE (correct) | 3: AFTER FAIR TRIAL IN PARLIAMENT | 4: CANNOT REMOVE | 96: NONE | 97: DON'T KNOW,2,ANYTIME W/ LATER HOUSE APPROVE (correct),data/australia-republic-1999/variables.csv,,
australia-republic-1999,knowledge_003,ggrole1,ggrole,knowledge-3,Could the Governor-General dismiss the government?,paraphrase of source label or questionnaire,multiple choice,1: CONTROLS GOVERNMENT | 2: ACTS ON QUEEN'S INSTRUCTIONS | 3: PERFORMS ONLY CEREMONIAL DUTIES | 4: CAN DECIDE TO DISMISS GOVERNMENT (correct) | 96: NONE | 97: DON'T KNOW,4,CAN DECIDE TO DISMISS GOVERNMENT (correct),data/australia-republic-1999/variables.csv,,
australia-republic-1999,knowledge_004,presrol1,presrol,knowledge-4,Which existing office would the proposed president most resemble?,paraphrase of source label or questionnaire,multiple choice,1: BRITISH PRIME MINISTER | 2: AUSTRALIAN PRIME MINISTER | 3: AMERICAN PRESIDENT | 4: GOVERNOR GENERAL (correct) | 96: NONE | 97: DON'T KNOW,4,GOVERNOR GENERAL (correct),data/australia-republic-1999/variables.csv,,
australia-republic-1999,knowledge_005,welfare1,welfare,knowledge-6,Which party was more concerned with social and welfare issues?,paraphrase of source label or questionnaire,multiple choice,1: LIBERAL PARTY MORE | 2: EQUALLY CONCERNED | 3: LABOR PARTY MORE (correct) | 96: NONE | 97: NOT MUCH IMPRESSION/DONT KNOW,3,LABOR PARTY MORE (correct),data/australia-republic-1999/variables.csv,,
australia-republic-1999,knowledge_006,busines1,busines,knowledge-5,Which party was closer to business?,paraphrase of source label or questionnaire,multiple choice,1: LIBERAL PARTY MORE (correct) | 2: EQUALLY CLOSE | 3: LABOR PARTY MORE | 96: NONE | 97: NOT MUCH IMPRESSION/DON'T KNOW,1,LIBERAL PARTY MORE (correct),data/australia-republic-1999/variables.csv,,
australia-republic-1999,knowledge_007,ridgewy1,ridgewy,,What public office did Aden Ridgeway hold?,paraphrase of source label or questionnaire,multiple choice,1: LEADER OF FEDERAL OPPOSITION | 2: LEADER OF DEMOCRATS | 3: JUSTICE OF THE HIGH COURT | 4: ABORIGINAL SENATOR IN PARLIAMENT (correct) | 5: NONE OF THESE | 6: DONT KNOW | 97: DON'T KNOW,4,ABORIGINAL SENATOR IN PARLIAMENT (correct),data/australia-republic-1999/variables.csv,,
australia-republic-1999,knowledge_008,jgeorge1,jgeorge,,What public office did Jennie George hold?,paraphrase of source label or questionnaire,multiple choice,1: SECRETARY OF TEACHERS FEDERATION | 2: LABOR MEMBER OF FEDERAL PARLIAMENT | 3: LEADER OF WORKERS' UNION | 4: PRESIDENT OF ACTU (correct) | 5: NONE OF THESE | 97: DON'T KNOW,4,PRESIDENT OF ACTU (correct),data/australia-republic-1999/variables.csv,,
australia-republic-1999,knowledge_009,flagchg1,flagchg,knowledge-7,Would the Australian flag change under the proposed republic?,paraphrase of source label or questionnaire,multiple choice,1: NO | 2: YES,1,NO,data/australia-republic-1999/variables.csv,,
australia-republic-1999,knowledge_010,anthem1,anthem,knowledge-8,Would the national anthem change under the proposed republic?,paraphrase of source label or questionnaire,multiple choice,1: NO | 2: YES,1,NO,data/australia-republic-1999/variables.csv,,
australia-republic-1999,knowledge_011,wdroyal1,wdroyal,knowledge-9,Would use of the word Royal in military service names change under the proposed republic?,paraphrase of source label or questionnaire,multiple choice,1: NO | 2: YES,2,YES,data/australia-republic-1999/variables.csv,,
australia-republic-1999,knowledge_012,pargame1,pargame,knowledge-10,Would Australian participation in the Commonwealth Games change under the proposed republic?,paraphrase of source label or questionnaire,multiple choice,1: NO | 2: YES,1,NO,data/australia-republic-1999/variables.csv,,
denmark-euro-2000,knowledge_001,s_18,,knowledge-1,Could Denmark be fined for a large fiscal deficit as a member of the monetary union?,paraphrase of source label or questionnaire,multiple choice,1: true | 2: false | 3: don't know,1,true,data/denmark-euro-2000/variables.csv,,
denmark-euro-2000,knowledge_002,s_19,,knowledge-2,Could Denmark set its own interest rates after joining the monetary union?,paraphrase of source label or questionnaire,multiple choice,1: true | 2: false | 3: don't know,2,false,data/denmark-euro-2000/variables.csv,,
denmark-euro-2000,knowledge_003,s_20,,knowledge-3,Could Denmark set its own tax rates after joining the single currency?,paraphrase of source label or questionnaire,multiple choice,1: true | 2: false | 3: don't know,1,true,data/denmark-euro-2000/variables.csv,,
denmark-euro-2000,knowledge_004,s_21,,knowledge-4,Would a yes vote in September 2000 cause euro notes and coins to circulate in 2001?,paraphrase of source label or questionnaire,multiple choice,1: 2001 | 2: 2004 (korrekt svar) | 3: 2005 | 4: 2007 | 5: don't know,2,2004 (korrekt svar),data/denmark-euro-2000/variables.csv,,
denmark-euro-2000,knowledge_005,s_22,,knowledge-5,What would happen to the Danish National Bank if Denmark joined the single currency?,paraphrase of source label or questionnaire,multiple choice,1: be close down | 2: continue to operate pretty much like now | 3: become part of european central bank | 4: don't know,3,become part of european central bank,data/denmark-euro-2000/variables.csv,,
denmark-euro-2000,knowledge_006,s_23,,knowledge-6,Would euro coins have a national side?,paraphrase of source label or questionnaire,multiple choice,1: Yes | 2: no | 3: don't know,1,Yes,data/denmark-euro-2000/variables.csv,,
denmark-euro-2000,knowledge_007,s_25_07,,knowledge-7,Did the Socialist People’s Party recommend a yes or no vote on adopting the euro?,paraphrase of source label or questionnaire,multiple choice,1: Recommend Yes | 2: Recommend No | 3: Don't know,2,Recommend No,data/denmark-euro-2000/variables.csv,,
denmark-euro-2000,knowledge_008,s_25_09,,knowledge-8,Did the Christian People’s Party recommend a yes or no vote on adopting the euro?,paraphrase of source label or questionnaire,multiple choice,1: Recommend Yes | 2: Recommend No | 3: Don't know,2,Recommend No,data/denmark-euro-2000/variables.csv,,
denmark-euro-2000,knowledge_009,s_25_11,,knowledge-9,Did the Progress Party recommend a yes or no vote on adopting the euro?,paraphrase of source label or questionnaire,multiple choice,1: Recommend Yes | 2: Recommend No | 3: Don't know,2,Recommend No,data/denmark-euro-2000/variables.csv,,
nic2-2003,knowledge_001,wrm3_b,democratic,,Where did the Democratic Party stand on the global warming action scale?,paraphrase of source label or questionnaire,placement scale,98: don't know,6|7|8|9|10,Above midpoint,data/nic2-2003/variables.csv,,
nic2-2003,knowledge_002,wrm3_c,republican,,Where did the Republican Party stand on the global warming action scale?,paraphrase of source label or questionnaire,placement scale,98: don't know,0|1|2|3|4,Below midpoint,data/nic2-2003/variables.csv,,
nic2-2003,knowledge_003,aid3,aid3,,"Did President Bush want to increase, decrease, or maintain foreign aid?",paraphrase of source label or questionnaire,multiple choice,1: increase | 2: decrease | 3: keep it the same | 4: haven't heard anything about this | 8: don't know,1,increase,data/nic2-2003/variables.csv,,
nic2-2003,knowledge_004,wrm5,wrm5,,Did President Bush support recent international agreements to control greenhouse gases?,paraphrase of source label or questionnaire,multiple choice,1: supports | 3: opposes | 5: haven't heard anything about this | 8: don't know,3,opposes,data/nic2-2003/variables.csv,,
nic2-2003,knowledge_005,kno1_a,kno1_a,,How much of each $100 in the federal budget went to military spending?,paraphrase of source label or questionnaire,multiple choice,1: 1 dollar | 2: 5 dollars | 3: 10 dollars | 4: 20 dollars | 5: 30+ dollars | 6: not much idea | 7: vol: other amount (specify) | 8: don't know,4,20 dollars,data/nic2-2003/variables.csv,,
nic2-2003,knowledge_006,kno1_b,kno1_b,,How much of each $100 in the federal budget went to foreign aid?,paraphrase of source label or questionnaire,multiple choice,1: 1 dollar | 2: 5 dollars | 3: 10 dollars | 4: 20 dollars | 5: 30+ dollars | 6: not much idea | 7: vol: other amount (specify) | 8: don't know,1,1 dollar,data/nic2-2003/variables.csv,,
nic2-2003,knowledge_007,kno2_a,kno2_a,,How much of each $100 of United States output was sold abroad?,paraphrase of source label or questionnaire,multiple choice,1: 4 dollars | 2: 8 dollars | 3: 12 dollars | 4: 24+ dollars | 5: not much idea | 7: vol: other amount (specify) | 8: don't know,3,12 dollars,data/nic2-2003/variables.csv,,
nic2-2003,knowledge_008,kno2_b,kno2_b,,About how many adults per 100 in the most affected African countries had HIV/AIDS?,paraphrase of source label or questionnaire,multiple choice,1: fewer than 5 out of 100 | 2: about 10 of 100 | 3: about 20 of 100 | 4: 30+ out of 100 | 5: not much idea | 7: vol: other amount (specify) | 8: don't know,4,30+ out of 100,data/nic2-2003/variables.csv,,
nic2-2003,knowledge_009,kno3_a,kno3_a,,Did the United States have a veto over World Trade Organization decisions?,paraphrase of source label or questionnaire,multiple choice,1: true | 5: false | 8: don't know,5,false,data/nic2-2003/variables.csv,,
nic2-2003,knowledge_010,kno3_b,kno3_b,,Did the United States have a veto on the United Nations Security Council?,paraphrase of source label or questionnaire,multiple choice,1: true | 5: false | 8: don't know,1,true,data/nic2-2003/variables.csv,,
nic2-2003,knowledge_011,wrm1_b,wrm1_b,,What was the main cause of global warming?,paraphrase of source label or questionnaire,multiple choice,1: human activities | 2: natural changes | 3: not occurring at all | 4: haven't thought much about this | 8: don't know,1,human activities,data/nic2-2003/variables.csv,,
btp-national-2003,knowledge_001,qb15b,democratic,,Where did the Democratic Party stand on a 0–10 scale from doing nothing about global warming to acting now?,paraphrase of source label or questionnaire,placement scale,0–10 scale: 0 = do nothing | 5 = midway | 10 = act now,6|7|8|9|10,Above midpoint,data/btp-national-2003/questionnaires/btp-national-questionnaire.pdf,,
btp-national-2003,knowledge_002,qb15c,republican,,Where did the Republican Party stand on a 0–10 scale from doing nothing about global warming to acting now?,paraphrase of source label or questionnaire,placement scale,0–10 scale: 0 = do nothing | 5 = midway | 10 = act now,0|1|2|3|4,Below midpoint,data/btp-national-2003/questionnaires/btp-national-questionnaire.pdf,,
btp-national-2003,knowledge_003,qb26,26,,"Did President Bush want to increase, decrease, or maintain foreign aid?",paraphrase of source label or questionnaire,multiple choice,1: increase | 2: decrease | 3: keep it the same | 4: haven't heard anything about this,1,increase,data/btp-national-2003/variables.csv,,
btp-national-2003,knowledge_004,qb18,18,,Did President Bush support recent international agreements to control greenhouse gases?,paraphrase of source label or questionnaire,multiple choice,1: supports | 2: opposes | 3: haven't heard anything about this,2,opposes,data/btp-national-2003/variables.csv,,
btp-national-2003,knowledge_005,qb40,40,,How much of each $100 in the federal budget went to military spending?,paraphrase of source label or questionnaire,multiple choice,"1: 1 dollar, | 2: 5 dollars, | 3: 10 dollars, | 4: 20 dollars, | 5: 30 dollars or more, or | 6: don't you have much idea about that?",4,"20 dollars,",data/btp-national-2003/variables.csv,,
btp-national-2003,knowledge_006,qb41,41,,How much of each $100 in the federal budget went to foreign aid?,paraphrase of source label or questionnaire,multiple choice,"1: 1 dollar, | 2: 5 dollars, | 3: 10 dollars, | 4: 20 dollars, | 5: 30 dollars or more, or | 6: don't you have much idea about that?",1,"1 dollar,",data/btp-national-2003/variables.csv,,
btp-national-2003,knowledge_007,qb42,42,,How much of each $100 of United States output was sold abroad?,paraphrase of source label or questionnaire,multiple choice,"1: 4 dollars worth, | 2: 8 dollars, | 3: 12 dollars, | 4: 24 dollars or more, or | 5: don't you have much idea about that?",3,"12 dollars,",data/btp-national-2003/variables.csv,,
btp-national-2003,knowledge_008,qb43,43,,About how many adults per 100 in the most affected African countries had HIV/AIDS?,paraphrase of source label or questionnaire,multiple choice,"1: fewer than 5 out of 100, | 2: about 10 of 100, | 3: about 20 of 100, | 4: 30 or more out of 100, or | 5: don't you have much idea about that?",4,"30 or more out of 100, or",data/btp-national-2003/variables.csv,,
btp-national-2003,knowledge_009,qb44,44,,Did the United States have a veto over World Trade Organization decisions?,paraphrase of source label or questionnaire,multiple choice,1: true | 2: false,2,false,data/btp-national-2003/variables.csv,,
btp-national-2003,knowledge_010,qb45,45,,Did the United States have a veto on the United Nations Security Council?,paraphrase of source label or questionnaire,multiple choice,1: true | 2: false,1,true,data/btp-national-2003/variables.csv,,
btp-national-2003,knowledge_011,qb12,12,,What was the main cause of global warming?,paraphrase of source label or questionnaire,multiple choice,"1: it is caused mostly by human activities, like driving cars a | 2: it is caused mostly by natural changes in the climate, | 3: it is not occurring at all, or | 4: haven't you thought much about this?",1,"it is caused mostly by human activities, like driving cars a",data/btp-national-2003/variables.csv,,
btp-online-primaries-2004,knowledge_001,b1q43,,knowledge-1,What did President Bush’s tax cut do to taxes on investment income?,questionnaire,multiple choice,1: lower it | 2: keep it the same | 3: raise it | 4: don't know,1,lower it,data/btp-online-primaries-2004/questionnaires.pdf,,
btp-online-primaries-2004,knowledge_002,b1q44,,knowledge-2,What was Wesley Clark’s most recent government position?,questionnaire,multiple choice,1: senator from arkansas | 2: secretary of the air force | 3: supreme allied commander of nato | 4: national security advisor to the president | 5: don't know,3,supreme allied commander of nato,data/btp-online-primaries-2004/questionnaires.pdf,,
btp-online-primaries-2004,knowledge_003,b1q45,,knowledge-3,Why did President Bush end tariffs on imported steel?,questionnaire,multiple choice,"1: the steel industry and steelworkers unions objected | 2: he wanted to avoid increased tariffs by the european union o | 3: domestic steel production is insufficient to meet demand, th | 4: he has never supported tariffs | 5: don't know",2,he wanted to avoid increased tariffs by the european union o,data/btp-online-primaries-2004/questionnaires.pdf,,
btp-online-primaries-2004,knowledge_004,b1q46,,knowledge-4,Which Democratic presidential candidate had served as House majority leader?,questionnaire,multiple choice,1: john edwards | 2: howard dean | 3: joe lieberman | 4: richard gephardt | 5: don't know,4,richard gephardt,data/btp-online-primaries-2004/questionnaires.pdf,,
btp-online-primaries-2004,knowledge_005,b1q47,,knowledge-5,How had the unemployment rate changed since President Bush took office?,questionnaire,multiple choice,1: decreased | 2: stayed about the same | 3: increased | 4: don't know,3,increased,data/btp-online-primaries-2004/questionnaires.pdf,,
btp-online-primaries-2004,knowledge_006,b1q48,,knowledge-6,How many Americans had been killed in action in Iraq?,questionnaire,multiple choice,1: fewer than a hundred | 2: several hundred | 3: several thousand | 4: more than twenty thousand | 5: don't know,2,several hundred,data/btp-online-primaries-2004/questionnaires.pdf,,
btp-online-primaries-2004,knowledge_007,b1q49,,knowledge-7,What was the Bush administration’s position on a Free Trade Area of the Americas?,questionnaire,multiple choice,1: support it | 2: neither support nor oppose it | 3: oppose it | 4: don't know,1,support it,data/btp-online-primaries-2004/questionnaires.pdf,,
btp-presidential-primaries-2004,knowledge_001,b1q43,43,,What did President Bush’s tax cut do to taxes on investment income?,questionnaire,multiple choice,1: lower it | 2: keep it the same | 3: raise it | 4: don't know,1,lower it,data/btp-presidential-primaries-2004/source-materials/baseline-questionnaire.pdf,,
btp-presidential-primaries-2004,knowledge_002,b1q44,44,,What was Wesley Clark’s most recent government position?,questionnaire,multiple choice,1: senator from arkansas | 2: secretary of the air force | 3: supreme allied commander of nato | 4: national security advisor to the president | 5: don't know,3,supreme allied commander of nato,data/btp-presidential-primaries-2004/source-materials/baseline-questionnaire.pdf,,
btp-presidential-primaries-2004,knowledge_003,b1q45,45,,Why did President Bush end tariffs on imported steel?,questionnaire,multiple choice,"1: the steel industry and steelworkers unions objected | 2: he wanted to avoid increased tariffs by the european union o | 3: domestic steel production is insufficient to meet demand, th | 4: he has never supported tariffs | 5: don't know",2,he wanted to avoid increased tariffs by the european union o,data/btp-presidential-primaries-2004/source-materials/baseline-questionnaire.pdf,,
btp-presidential-primaries-2004,knowledge_004,b1q46,46,,Which Democratic presidential candidate had served as House majority leader?,questionnaire,multiple choice,1: john edwards | 2: howard dean | 3: joe lieberman | 4: richard gephardt | 5: don't know,4,richard gephardt,data/btp-presidential-primaries-2004/source-materials/baseline-questionnaire.pdf,,
btp-presidential-primaries-2004,knowledge_005,b1q47,47,,How had the unemployment rate changed since President Bush took office?,questionnaire,multiple choice,1: decreased | 2: stayed about the same | 3: increased | 4: don't know,3,increased,data/btp-presidential-primaries-2004/source-materials/baseline-questionnaire.pdf,,
btp-presidential-primaries-2004,knowledge_006,b1q48,48,,How many Americans had been killed in action in Iraq?,questionnaire,multiple choice,1: fewer than a hundred | 2: several hundred | 3: several thousand | 4: more than twenty thousand | 5: don't know,2,several hundred,data/btp-presidential-primaries-2004/source-materials/baseline-questionnaire.pdf,,
btp-presidential-primaries-2004,knowledge_007,b1q49,49,,What was the Bush administration’s position on a Free Trade Area of the Americas?,questionnaire,multiple choice,1: support it | 2: neither support nor oppose it | 3: oppose it | 4: don't know,1,support it,data/btp-presidential-primaries-2004/source-materials/baseline-questionnaire.pdf,,
btp-general-election-2004,knowledge_001,w4b60,60,knowledge-1,How did John Kerry vote on the Senate resolution authorizing the Iraq war?,paraphrase of source label or questionnaire,multiple choice,"-4: case in not in wave of data collection | -3: case in wave, no survey on file | 1: vote for it | 2: vote against it | 3: not vote on it | 4: blank | 5: don't know",1,vote for it,data/btp-general-election-2004/variables.csv,,
btp-general-election-2004,knowledge_002,w4b61,61,knowledge-2,Which country harbored the most Al Qaeda and Taliban fighters?,paraphrase of source label or questionnaire,multiple choice,"-4: case in not in wave of data collection | -3: case in wave, no survey on file | 1: india | 2: pakistan | 3: sri lanka | 4: indonesia | 5: blank | 6: don't know",2,pakistan,data/btp-general-election-2004/variables.csv,,
btp-general-election-2004,knowledge_003,w4b62,62,knowledge-3,Was Iraq directly involved in the September 11 attacks?,paraphrase of source label or questionnaire,multiple choice,"-4: case in not in wave of data collection | -3: case in wave, no survey on file | 1: true | 2: false | 3: blank | 4: don't know",2,false,data/btp-general-election-2004/variables.csv,,
btp-general-election-2004,knowledge_004,w4b63,63,knowledge-4,Had large quantities of weapons of mass destruction been found in Iraq?,paraphrase of source label or questionnaire,multiple choice,"-4: case in not in wave of data collection | -3: case in wave, no survey on file | 1: true | 2: false | 3: blank | 4: don't know",2,false,data/btp-general-election-2004/variables.csv,,
btp-general-election-2004,knowledge_005,w4b64,64,knowledge-5,Did prescription drugs cost more in Canada than in the United States?,paraphrase of source label or questionnaire,multiple choice,"-4: case in not in wave of data collection | -3: case in wave, no survey on file | 1: true | 2: false | 3: blank | 4: don't know",2,false,data/btp-general-election-2004/variables.csv,,
btp-general-election-2004,knowledge_006,w4b65,65,knowledge-6,What was George W. Bush’s role during the Vietnam War?,paraphrase of source label or questionnaire,multiple choice,"-4: case in not in wave of data collection | -3: case in wave, no survey on file | 1: he was drafted but never went to vietnam | 2: he was a decorated officer serving in vietnam | 3: he was ineligible to serve in the military because of a medi | 4: he served in the texas air national guard | 5: blank | 6: don't know",4,he served in the texas air national guard,data/btp-general-election-2004/variables.csv,,
btp-general-election-2004,knowledge_007,w4b66,66,knowledge-7,What was John Kerry’s role during the Vietnam War?,paraphrase of source label or questionnaire,multiple choice,"-4: case in not in wave of data collection | -3: case in wave, no survey on file | 1: he was drafted but never went to vietnam | 2: he was a decorated officer serving in vietnam | 3: he was ineligible to serve in the military because of a medi | 4: he served in the massachusetts air national guard | 5: blank | 6: don't know",2,he was a decorated officer serving in vietnam,data/btp-general-election-2004/variables.csv,,
btp-general-election-2004,knowledge_008,w4b68,68,knowledge-8,Which country was a major destination for offshore white-collar jobs?,paraphrase of source label or questionnaire,multiple choice,"-4: case in not in wave of data collection | -3: case in wave, no survey on file | 1: south africa | 2: japan | 3: brazil | 4: india | 5: blank | 6: don't know",4,india,data/btp-general-election-2004/variables.csv,,
btp-general-election-2004,knowledge_009,w4b69,69,knowledge-9,About how many Americans had been killed in Iraq since the war began?,paraphrase of source label or questionnaire,multiple choice,"-4: case in not in wave of data collection | -3: case in wave, no survey on file | 1: 100 | 2: 500 | 3: 1,000 | 4: 10,000 | 5: blank | 6: don't know",3,"1,000",data/btp-general-election-2004/variables.csv,,
new-haven-2004,knowledge_001,pre_q35,35,,Which population estimate is closest to that of the greater New Haven region?,questionnaire or source codebook,multiple choice,"1: 250,000 | 2: 350,000 | 3: 550,000 | 4: 750,000",3,"550,000",data/new-haven-2004/source-materials/baseline-cati.txt,,
new-haven-2004,knowledge_002,pre_q36,36,,"Was New Haven regional job growth in the 1990s greater than, similar to, or less than the rest of the United States?",questionnaire or source codebook,multiple choice,1: More | 2: About the same | 3: Less,2,About the same,data/new-haven-2004/source-materials/baseline-cati.txt,,
new-haven-2004,knowledge_003,pre_q37,37,,What is the main source of revenue for most town governments in greater New Haven?,questionnaire or source codebook,multiple choice,1: Sales taxes | 2: Property taxes | 3: State subsidies | 4: Federal subsidies,2,Property taxes,data/new-haven-2004/source-materials/baseline-cati.txt,,
new-haven-2004,knowledge_004,pre_q39,39,,"Did the population of New Haven city increase, stay the same, or decrease in the 1990s?",questionnaire or source codebook,multiple choice,1: Increased | 2: Stayed the same | 3: Decreased,3,Decreased,data/new-haven-2004/source-materials/baseline-cati.txt,,
new-haven-2004,knowledge_005,pre_q40,40,,Does Connecticut law allow communities to share property tax revenues?,questionnaire or source codebook,multiple choice,1: Yes | 2: No,1,Yes,data/new-haven-2004/source-materials/baseline-cati.txt,,
new-haven-2004,knowledge_006,pre_q41,41,,"Do communities with the most valuable property tend to have the lowest, average, or highest property tax rates?",questionnaire or source codebook,multiple choice,1: Lowest | 2: Average | 3: Highest,1,Lowest,data/new-haven-2004/source-materials/baseline-cati.txt,,
new-haven-2004,knowledge_007,pre_q42,42,,How does the Federal Aviation Authority classify Tweed New Haven Airport?,questionnaire or source codebook,multiple choice,1: Major hub | 2: Medium hub | 3: Minor hub | 4: Non-hub,4,Non-hub,data/new-haven-2004/source-materials/baseline-cati.txt,,
new-haven-2004,knowledge_008,pre_q43,43,,Would maintaining Tweed New Haven Airport at its current level of service require significant investment?,questionnaire or source codebook,multiple choice,1: Yes | 2: No,1,Yes,data/new-haven-2004/source-materials/baseline-cati.txt,,
btp-health-education-2005,knowledge_001,q15,q15,knowledge-1,Where did the United States rank among wealthy countries in student mathematics skills?,paraphrase of source label or questionnaire,multiple choice,1: bottom 3 | 2: bottom 10 | 3: top 10 | 4: top 3 | 7: dk,2,bottom 10,data/btp-health-education-2005/variables.csv,,
btp-health-education-2005,knowledge_002,q16,q16,knowledge-2,Had it become harder or easier for foreigners to get United States work permits?,paraphrase of source label or questionnaire,multiple choice,1: harder | 2: same | 3: easier | 7: dk,1,harder,data/btp-health-education-2005/variables.csv,,
btp-health-education-2005,knowledge_003,q17,q17,knowledge-3,Had the minority–White gap in elementary mathematics and reading scores widened?,paraphrase of source label or questionnaire,multiple choice,1: increasing | 2: same | 3: decreasing | 7: dk,1,increasing,data/btp-health-education-2005/variables.csv,,
btp-health-education-2005,knowledge_004,q26,q26,knowledge-4,About how many Americans lacked health insurance?,paraphrase of source label or questionnaire,multiple choice,1: 1 million | 2: 25 million | 3: 45 million | 4: 65 million | 5: 85 million | 7: dk,3,45 million,data/btp-health-education-2005/variables.csv,,
btp-health-education-2005,knowledge_005,q27,q27,knowledge-5,How much was the population age 65 and older expected to grow over the next 50 years?,paraphrase of source label or questionnaire,multiple choice,1: stay about the same | 2: increase by about half | 3: double | 4: triple | 7: dk,3,double,data/btp-health-education-2005/variables.csv,,
btp-health-education-2005,knowledge_006,q28,q28,knowledge-6,What share of uninsured families had low incomes?,paraphrase of source label or questionnaire,multiple choice,1: a quarter | 2: fifty per cent | 3: two thirds | 4: ninety per cent | 7: dk,3,two thirds,data/btp-health-education-2005/variables.csv,,
zeguo-2005,knowledge_001,pre_d3043,pre_d3043,,By how much did Zeguo Township revenue increase from 2003 to 2004?,questionnaire or source codebook,multiple choice,1: 10.2% | 2: 20.1% | 3: 33.7% | 4: No increase,3,33.7%,data/zeguo-2005/source-materials/questionnaire-alternative.pdf,,post_d3043
zeguo-2005,knowledge_002,pre_d3044,pre_d3044,,How large is the floating population in Zeguo Township?,questionnaire or source codebook,multiple choice,"1: 300,000 | 2: 50,000 | 3: 120,000 | 4: 200,000",3,"120,000",data/zeguo-2005/source-materials/questionnaire-alternative.pdf,,post_d3044
zeguo-2005,knowledge_003,pre_d3045,pre_d3045,,Which listed product is not a major product of Zeguo Township?,questionnaire or source codebook,multiple choice,1: Water pumps | 2: Shoes | 3: Plastic products | 4: Air compressors,3,Plastic products,data/zeguo-2005/source-materials/questionnaire-alternative.pdf,,post_d3045
zeguo-2005,knowledge_004,pre_d3046,pre_d3046,,How many parks does Zeguo Township currently have?,questionnaire or source codebook,multiple choice,1: Zero | 2: One | 3: Two | 4: Five | 5: Seven,3,Two parks,data/zeguo-2005/source-materials/questionnaire-alternative.pdf,,post_d3046
tomorrows-europe-2007,knowledge_001,q16_1,...1,knowledge-1,Which listed country was an official candidate to join the European Union?,paraphrase of source label or questionnaire,multiple choice,1: Romania | 2: Montenegro | 3: Croatia | 4: Morocco | 5: Or couldn t you say about that ? | 6: REF | 7: DK,3,Croatia,data/tomorrows-europe-2007/variables.csv,,
tomorrows-europe-2007,knowledge_002,q17_1,...2,knowledge-2,How were members of the European Parliament chosen?,paraphrase of source label or questionnaire,multiple choice,1: Directly elected by the citizens of their country | 2: Elected for three year terms | 3: Elected by the parliament of their country | 4: Appointed by their national head of government | 5: Or couldn t you say about that ? | 6: REF | 7: DK,1,Directly elected by the citizens of their country,data/tomorrows-europe-2007/variables.csv,,
tomorrows-europe-2007,knowledge_003,q18_1,...3,knowledge-3,Which European Union institutions adopted employment laws?,paraphrase of source label or questionnaire,multiple choice,"1: The European Commission, in some cases with the European Parliament | 2: The Council of Ministers, in some cases with the European Parliament | 3: The European Parliament by itself | 4: The European commission by itself | 5: Or couldn t you say about that ? | 6: REF | 7: DK",2,"The Council of Ministers, in some cases with the European Parliament",data/tomorrows-europe-2007/variables.csv,,
tomorrows-europe-2007,knowledge_004,q19_1,...4,knowledge-4,What was the European Union’s role in unemployment benefits?,paraphrase of source label or questionnaire,multiple choice,1: Finance the member states  unemployment benefit systems | 2: Decide the level and length of unemployment benefits in the member states | 3: Require that the member states merge their unemployment benefit systems by 2010 | 4: Guarantee that all EU citizens have access to unemployment benefits where they live | 5: Or couldn t say about that ? | 6: REF | 7: DK,4,Guarantee that all EU citizens have access to unemployment benefits where they live,data/tomorrows-europe-2007/variables.csv,,
tomorrows-europe-2007,knowledge_005,q20_1,...5,knowledge-5,To what was roughly one-third of the European Union budget devoted?,paraphrase of source label or questionnaire,multiple choice,1: Helping the EU s less prosperous regions | 2: Subsidizing the EU s fishing industry | 3: Financing diplomatic missions abroad | 4: Maintaining the EU s administration and bureaucracy | 5: Or couldn t you say about that ? | 6: REF | 7: DK,1,Helping the EU s less prosperous regions,data/tomorrows-europe-2007/variables.csv,,
tomorrows-europe-2007,knowledge_006,q21_1,...6,knowledge-6,How was the share of European Union adults age 65 or older expected to change by 2050?,paraphrase of source label or questionnaire,multiple choice,1: About one quarter of what it is now | 2: About half of what it is now | 3: About the same as what it is now | 4: About twice what it is now | 5: About four times what it is now | 6: Or couldn t you say about that ? | 7: REF | 8: DK,4,About twice what it is now,data/tomorrows-europe-2007/variables.csv,,
tomorrows-europe-2007,knowledge_007,q22_1,...7,knowledge-7,How much foreign aid did the European Union and its members give relative to the United States?,paraphrase of source label or questionnaire,multiple choice,1: The EU and its member states give roughly four times as much | 2: The EU and its member states give roughly twice as much | 3: The EU and its member states and the US give about the same amount | 4: The US gives roughly twice as much | 5: The US gives roughly four times as much | 6: Or couldn t you say about that ? | 7: REF | 8: DK,2,The EU and its member states give roughly twice as much,data/tomorrows-europe-2007/variables.csv,,
tomorrows-europe-2007,knowledge_008,q23_1,...8,knowledge-8,About what share of European Union member governments’ spending went to foreign aid?,paraphrase of source label or questionnaire,multiple choice,1: About 1% | 2: About  5% | 3: About  9% | 4: About 13% | 5: About 17% | 6: Or couldn t you say about that ? | 7: REF | 8: DK,1,About 1%,data/tomorrows-europe-2007/variables.csv,,
tomorrows-europe-2007,knowledge_009,q24_1,...9,knowledge-9,Which listed country did not possess nuclear weapons?,paraphrase of source label or questionnaire,multiple choice,1: Pakistan | 2: India | 3: North Korea | 4: Japan | 5: Or couldn t you say about that ? | 6: REF | 7: DK,4,Japan,data/tomorrows-europe-2007/variables.csv,,
tomorrows-europe-2007,knowledge_010,q33a_1,...10,knowledge-10,Where was Nicolas Sarkozy on the left to right political scale?,paraphrase of source label or questionnaire,placement scale,1: 0 | 2: 1 | 3: 2 | 4: 3 | 5: 4 | 6: 5 | 7: 6 | 8: 7 | 9: 8 | 10: 9 | 11: 10 | 12: REF | 13: DK,7|8|9|10|11,6 | 7 | 8 | 9 | 10,data/tomorrows-europe-2007/variables.csv,,
tomorrows-europe-2007,knowledge_011,q33b_1,...11,knowledge-11,Where was Gordon Brown on the left to right political scale?,paraphrase of source label or questionnaire,placement scale,1: 0 | 2: 1 | 3: 2 | 4: 3 | 5: 4 | 6: 5 | 7: 6 | 8: 7 | 9: 8 | 10: 9 | 11: 10 | 12: REF | 13: DK,1|2|3|4|5,0 | 1 | 2 | 3 | 4,data/tomorrows-europe-2007/variables.csv,,
northern-ireland-2007,knowledge_001,t1q21,,knowledge-1,What share of Northern Ireland schools had mostly Protestant or mostly Catholic pupils?,paraphrase of source label or questionnaire,multiple choice,1: more than 50% | 2: 40-50% | 3: 20-30% | 4: 5-10% | 5: less than 1% | 9: don't know,4,5-10%,data/northern-ireland-2007/variables.csv,Archived variable/value labels are truncated; the listed substantive choices are partial transcriptions. The key is the archived numeric code.,
northern-ireland-2007,knowledge_002,t1q22,,knowledge-2,By about what percentage had the number of children entering Omagh schools changed?,paraphrase of source label or questionnaire,multiple choice,1: increased by 20% | 2: increased by 10% | 3: stayed about the same | 4: decreased by 10% | 5: decreased by 20% | 9: don't know,4,decreased by 10%,data/northern-ireland-2007/variables.csv,Archived variable/value labels are truncated; the listed substantive choices are partial transcriptions. The key is the archived numeric code.,
northern-ireland-2007,knowledge_003,t1q23,,knowledge-3,What did the new entitlement framework require for the school curriculum?,paraphrase of source label or questionnaire,multiple choice,1: every school provides all 14-year-olds with a choice of at l | 2: every child has the right to attend any school his or her pa | 3: every child be provided a free school meal every school day | 4: every child receives free textbooks | 9: don't know,1,every school provides all 14-year-olds with a choice of at l…,data/northern-ireland-2007/variables.csv,Archived variable/value labels are truncated; the listed substantive choices are partial transcriptions. The key is the archived numeric code.,
northern-ireland-2007,knowledge_004,t1q24,,knowledge-4,What did the new entitlement framework require for access to courses?,paraphrase of source label or questionnaire,multiple choice,1: every child receives tuition in the language of his or her p | 2: every child receives free transportation to and from school | 3: every denominational group has the right to run its own scho | 4: one-third of all the subjects offered must be applied | 9: don't know,4,one-third of all the subjects offered must be applied…,data/northern-ireland-2007/variables.csv,Archived variable/value labels are truncated; the listed substantive choices are partial transcriptions. The key is the archived numeric code.,
northern-ireland-2007,knowledge_005,t1q25,,knowledge-5,What did pupils in Northern Ireland typically do after compulsory schooling?,paraphrase of source label or questionnaire,multiple choice,1: about one-quarter go directly into employment | 2: about one-quarter leave school to be unemployed | 3: about three-quarters of grammar school pupils attend univers | 4: about three-quarters of secondary school students attend fur | 9: don't know,3,about three-quarters of grammar school pupils attend univers…,data/northern-ireland-2007/variables.csv,Archived variable/value labels are truncated; the listed substantive choices are partial transcriptions. The key is the archived numeric code.,
northern-ireland-2007,knowledge_006,t1q26,,knowledge-6,Which statement about Northern Ireland school funding was correct?,paraphrase of source label or questionnaire,multiple choice,"1: schools receive more funding for older pupils | 2: schools receive the same funding for all pupils, regardless | 3: schools receive more funding for younger pupils | 9: don't know",1,schools receive more funding for older pupils,data/northern-ireland-2007/variables.csv,Archived variable/value labels are truncated; the listed substantive choices are partial transcriptions. The key is the archived numeric code.,
northern-ireland-2007,knowledge_007,t1q27,,knowledge-7,Which statement about the employing authority for Northern Ireland schools was correct?,paraphrase of source label or questionnaire,multiple choice,1: the official employer for all teachers is the education and | 2: the official employer for all teachers is the department of | 3: the official employer for all teachers in catholic schools i | 4: the official employer for all teachers in voluntary grammar | 9: don't know,4,the official employer for all teachers in voluntary grammar…,data/northern-ireland-2007/variables.csv,Archived variable/value labels are truncated; the listed substantive choices are partial transcriptions. The key is the archived numeric code.,
vermont-energy-2007,knowledge_001,Q77,,knowledge-1,What was the surcharge on Vermont electricity bills?,paraphrase of source label or questionnaire,multiple choice,1: Almost no impact | 2: Reduced by 20% | 3: Reduced by 50% | 4: Reduced by 70% | 5: Reduced by 90% | 8: No Opinion / Don't Know,2,Reduced by 20%,data/vermont-energy-2007/variables.csv,,
vermont-energy-2007,knowledge_002,Q78,,knowledge-2,What was the effect of the Vermont energy-efficiency program?,paraphrase of source label or questionnaire,multiple choice,1: Almost no impact | 2: Reduced by 20% | 3: Reduced by 50% | 4: Reduced by 70% | 5: Reduced by 90% | 8: No Opinion / Don't Know,3,Reduced by 50%,data/vermont-energy-2007/variables.csv,,
vermont-energy-2007,knowledge_003,Q79,,knowledge-3,What share of electricity came from renewable sources?,paraphrase of source label or questionnaire,multiple choice,1: 5% | 2: 15% | 3: 25% | 4: 40% | 8: No Opinion / Don't Know,2|3,15% | 25%,data/vermont-energy-2007/variables.csv,,
vermont-energy-2007,knowledge_004,Q80,,knowledge-4,What share of electricity came from the Vermont Yankee nuclear plant?,paraphrase of source label or questionnaire,multiple choice,1: 5% | 2: 15% | 3: 25% | 4: 40% | 8: No Opinion / Don't Know,4,40%,data/vermont-energy-2007/variables.csv,,
vermont-energy-2007,knowledge_005,Q81,,knowledge-5,What share of electricity came from Hydro-Québec?,paraphrase of source label or questionnaire,multiple choice,1: 5% | 2: 15% | 3: 25% | 4: 40% | 8: No Opinion / Don't Know,2,15%,data/vermont-energy-2007/variables.csv,,
vermont-energy-2007,knowledge_006,Q82,,knowledge-6,What share of electricity was produced within Vermont?,paraphrase of source label or questionnaire,multiple choice,1: 5% | 2: 15% | 3: 25% | 4: 40% | 8: No Opinion / Don't Know,3,25%,data/vermont-energy-2007/variables.csv,,
vermont-energy-2007,knowledge_007,Q83,,knowledge-7,How did Vermont electricity rates compare with the rest of New England?,paraphrase of source label or questionnaire,multiple choice,1: Roughly 10% higher | 2: Roughly 20% higher | 3: About the same | 4: Roughly 10% lower | 5: Roughly 20% lower | 8: No Opinion / Don't Know,4,Roughly 10% lower,data/vermont-energy-2007/variables.csv,,
vermont-energy-2007,knowledge_008,Q84,,knowledge-8,What was the average Vermont household electricity bill?,paraphrase of source label or questionnaire,multiple choice,1: Roughly $60 | 2: Roughly $80 | 3: Roughly $120 | 4: Roughly $180 | 8: No Opinion / Don't Know,2,Roughly $80,data/vermont-energy-2007/variables.csv,,
vermont-energy-2007,knowledge_009,Q85,,knowledge-9,When did the Vermont Yankee contract expire?,paraphrase of source label or questionnaire,multiple choice,1: 2010 | 2: 2012 | 3: 2018 | 4: 2025 | 8: No Opinion / Don't Know,2,2012,data/vermont-energy-2007/variables.csv,,
btp-2007,knowledge_001,PRE_Q19,,knowledge-1,About how many Americans were prevented from voting because of criminal convictions?,paraphrase of source label or questionnaire,multiple choice,"1: 50,000 | 2: 500,000 | 3: 5,000,000 | 4: 15,000,000 | 99: Couldn't say",3,"5,000,000",data/btp-2007/variables.csv,,
btp-2007,knowledge_002,PRE_Q20,,knowledge-2,What was the purpose of gerrymandering?,paraphrase of source label or questionnaire,multiple choice,1: Increase electoral competition | 2: Ensure a majority for one party over another | 3: Include independents in the primary process | 4: Make them much smaller | 99: Couldn't say,2,Ensure a majority for one party over another,data/btp-2007/variables.csv,,
btp-2007,knowledge_003,PRE_Q21,,knowledge-3,What share of eligible voters voted in the specified presidential election?,paraphrase of source label or questionnaire,multiple choice,1: 10% | 2: 30% | 3: 50% | 4: 70% | 99: Couldn't say,3,50%,data/btp-2007/variables.csv,,
btp-2007,knowledge_004,PRE_Q22,,knowledge-4,Which listed country had compulsory voting?,paraphrase of source label or questionnaire,multiple choice,1: Ireland | 2: United Kingdom | 3: Australia | 4: South Korea | 99: Couldn't say,3,Australia,data/btp-2007/variables.csv,,
btp-2007,knowledge_005,PRE_Q23,,knowledge-5,Who had to register with Selective Service in the United States?,paraphrase of source label or questionnaire,multiple choice,1: Nobody | 2: Men between 18 and 25 years old | 3: Both men and women between 18 and 25 years old | 4: Men and women who receive federal grants for education | 99: Couldn't say,2,Men between 18 and 25 years old,data/btp-2007/variables.csv,,
btp-2007,knowledge_006,PRE_Q24,,knowledge-6,What vote total must a United States presidential candidate receive to win?,paraphrase of source label or questionnaire,multiple choice,1: Gets more votes than any other candidate | 2: Gets a majority of all the votes cast | 3: Gets more Electoral College votes than any other candidate | 4: Gets a majority of Electoral College votes | 99: Couldn't say,4,Gets a majority of Electoral College votes,data/btp-2007/variables.csv,,
btp-2007,knowledge_007,PRE_Q25,,knowledge-7,How often are congressional districts redrawn?,paraphrase of source label or questionnaire,multiple choice,1: Every 5 years | 2: Every 10 years | 3: Every 15 years | 4: Every 20 years | 99: Couldn't say,2,Every 10 years,data/btp-2007/variables.csv,,
btp-2007,knowledge_008,PRE_Q26,,knowledge-8,Which two states held the earliest presidential primary events?,paraphrase of source label or questionnaire,multiple choice,1: Nevada and South Carolina | 2: Iowa and New Hampshire | 3: Indiana and New Mexico | 4: Wyoming and Delaware | 5: Michigan and Florida | 99: Couldn't say,2,Iowa and New Hampshire,data/btp-2007/variables.csv,,
san-mateo-2008,knowledge_001,Q19,19,knowledge-1,What was the yearly gap between new homes needed and homes built in San Mateo County?,paraphrase of source label or questionnaire,multiple choice,"1: about 200 | 2: about 500 | 3: about 1,000 | 4: about 5,000 | 5: about 8,000 | 6: Or couldnÆt you say about that?",3,"about 1,000",data/san-mateo-2008/variables.csv,,
san-mateo-2008,knowledge_002,Q20,20,knowledge-2,What was the median single-family home price in San Mateo County in 2007?,paraphrase of source label or questionnaire,multiple choice,"1: 550,000 | 2: 680,000 | 3: 750,000 | 4: 830,000 | 5: 950,000 | 6: Or couldnÆt you say about that?",5,"950,000",data/san-mateo-2008/variables.csv,,
san-mateo-2008,knowledge_003,Q21,21,knowledge-3,What share of county households could afford a median-priced home in 2006?,paraphrase of source label or questionnaire,multiple choice,1: 12% | 2: 23% | 3: 37% | 4: 43% | 5: 55% | 6: Or couldnÆt you say about that?,1,12%,data/san-mateo-2008/variables.csv,,
san-mateo-2008,knowledge_004,Q22,22,knowledge-4,What was the average rent for a two-bedroom apartment in 2007?,paraphrase of source label or questionnaire,multiple choice,"1: $1,100 | 2: $1,300 | 3: $1,700 | 4: $2,200 | 5: $3,000 | 6: Or couldnÆt you say about that?",3,"$1,700",data/san-mateo-2008/variables.csv,,
san-mateo-2008,knowledge_005,Q23,23,knowledge-5,How much was county housing demand projected to grow from 2005 to 2025?,paraphrase of source label or questionnaire,multiple choice,"1: 20,000 | 2: 40,000 | 3: 60,000 | 4: 70,000 | 5: 90,000 | 6: Or couldnÆt you say about that?",4,"70,000",data/san-mateo-2008/variables.csv,,
san-mateo-2008,knowledge_006,Q24,24,knowledge-6,What share of projected new households would have low or very low incomes?,paraphrase of source label or questionnaire,multiple choice,1: Less than one-third | 2: Less than one-half | 3: About half | 4: More than one-half | 5: More than two-thirds | 6: Or couldnÆt you say about that?,3,About half,data/san-mateo-2008/variables.csv,,
san-mateo-2008,knowledge_007,Q25,25,knowledge-7,How many new homes were projected to be built at the current development rate?,paraphrase of source label or questionnaire,multiple choice,"1: 25,000 | 2: 50,000 | 3: 75,000 | 4: 100,000 | 5: Or couldnÆt you say about that?",1,"25,000",data/san-mateo-2008/variables.csv,,
san-mateo-2008,knowledge_008,Q26,26,knowledge-8,What share of county land was open space or other protected land?,paraphrase of source label or questionnaire,multiple choice,1: less than 25% | 2: 33% | 3: 58% | 4: 67% | 5: more than 75% | 6: Or couldnÆt you say about that?,5,more than 75%,data/san-mateo-2008/variables.csv,,
europolis-2009,knowledge_001,V1Q43,43,knowledge-1,V1Q43. Is the main decision-making body of the European Union the…?,source variable label,multiple choice,1: European Commission | 2: Council of Ministers | 3: European Parliament | 4: European Court of Auditors | 999: You couldn’t say,2,Council of Ministers,data/europolis-2009/variables.csv,,
europolis-2009,knowledge_002,V1Q44,44,knowledge-2,V1Q44. Only one of the following statements about the European Parliament is false. Which one is it?,source variable label,multiple choice,1: It passes all EU laws | 2: It can dismiss the European Commission | 3: It can reject the budget proposed by the Council of Minister | 4: It is involved in decisions about the admission of new Membe | 999: You couldn’t say,1,It passes all EU laws,data/europolis-2009/variables.csv,,
europolis-2009,knowledge_003,V1Q46,46,knowledge-3,V1Q46. Which of the following is true of Blue card workers?,source variable label,multiple choice,1: They can work anywhere in the EU | 2: They must have a university education | 3: They cannot bring family members to join them any faster tha | 4: They are subject to the Returns Directive | 999: You couldn’t say,2,They must have a university education,data/europolis-2009/variables.csv,,
europolis-2009,knowledge_004,V1Q47,47,knowledge-4,V1Q47. Which of the following is true about the ways in which immigration policy is currently made?,source variable label,multiple choice,1: The EU sets the basic rules about entry and residency requir | 2: The EU decides how many immigrants can be admitted to each c | 3: Work permits for immigrants must be approved by the EU | 4: The EU plays no role in immigration policy. | 999: You couldn’t say,1,The EU sets the basic rules about entry and residency requir,data/europolis-2009/variables.csv,,
europolis-2009,knowledge_005,V1Q49,49,knowledge-5,"V1Q49. The percentage of the EU’s total energy consumption that comes from fossil fuels (coal, gas or oil) is about...?",source variable label,multiple choice,1: 50% | 2: 60% | 3: 70% | 4: 80% | 999: You couldn’t say,4,80%,data/europolis-2009/variables.csv,,
europolis-2009,knowledge_006,V1Q50,50,knowledge-6,V1Q50. Which of the following produces the most greenhouse gases?,source variable label,multiple choice,1: China | 2: The European Union | 3: The United States | 4: India | 999: You couldn’t say,1,China,data/europolis-2009/variables.csv,,
michigan-2009,knowledge_001,q14,,knowledge-1,Which party held the majority in the Michigan State Senate?,questionnaire,open text,,2,Republican Party,data/michigan-2009/questionnaire-pre.pdf,"Open party name at departure was lowercased and stripped of punctuation; explicit party spellings in metadata/knowledge_items.csv were accepted. The baseline source stores a coded party category, shown in correct_codes.",
michigan-2009,knowledge_002,q15,,knowledge-2,Which party held the majority in the Michigan State House of Representatives?,questionnaire,open text,,1,Democratic Party,data/michigan-2009/questionnaire-pre.pdf,"Open party name at departure was lowercased and stripped of punctuation; explicit party spellings in metadata/knowledge_items.csv were accepted. The baseline source stores a coded party category, shown in correct_codes.",
michigan-2009,knowledge_003,q16,,knowledge-3,Which state had an unemployment rate similar to Michigan?,questionnaire,multiple choice,1: Oregon | 2: West Virginia | 3: Ohio | 4: Louisiana,1,Oregon,data/michigan-2009/questionnaire-pre.pdf,,
michigan-2009,knowledge_004,q17,,knowledge-4,Under which condition could a person remain eligible for the Family Independence Program after 48 months?,questionnaire,multiple choice,1: Live in a county with high unemployment | 2: Fired from a job while on the Family Self-Sufficiency Plan | 3: Non-citizen on the Refugee Assistance Program | 4: Have a small child in the ChildFirst program,1,Live in a county with high unemployment,data/michigan-2009/questionnaire-pre.pdf,,
michigan-2009,knowledge_005,q18,,knowledge-5,About what percentage of African American children in Michigan lived in poverty?,questionnaire,multiple choice,1: Under 20% | 2: About 30% | 3: About 40% | 4: Over 50%,3,About 40%,data/michigan-2009/questionnaire-pre.pdf,,
michigan-2009,knowledge_006,q4,,knowledge-6,Where was the Democratic Party on the 1–7 scale from lower taxes and services to higher taxes and services?,questionnaire,placement scale,1–7 placement scale; endpoints in question,5|6|7,"Positions 5, 6, 7",data/michigan-2009/questionnaire-pre.pdf,,
michigan-2009,knowledge_007,q5,,knowledge-7,Where was the Republican Party on the 1–7 scale from lower taxes and services to higher taxes and services?,questionnaire,placement scale,1–7 placement scale; endpoints in question,1|2|3,"Positions 1, 2, 3",data/michigan-2009/questionnaire-pre.pdf,,
michigan-2009,knowledge_008,q7,,knowledge-8,Where was the Democratic Party on the 1–7 scale from government action to reduce unemployment to letting the economy recover?,questionnaire,placement scale,1–7 placement scale; endpoints in question,1|2|3,"Positions 1, 2, 3",data/michigan-2009/questionnaire-pre.pdf,,
michigan-2009,knowledge_009,q8,,knowledge-9,Where was the Republican Party on the 1–7 scale from government action to reduce unemployment to letting the economy recover?,questionnaire,placement scale,1–7 placement scale; endpoints in question,5|6|7,"Positions 5, 6, 7",data/michigan-2009/questionnaire-pre.pdf,,
california-whats-next-2011,knowledge_001,q37,,knowledge-1,Which party held the majority in the California State Senate?,paraphrase of source label or questionnaire,multiple choice,1: Republican Party | 2: Democratic Party | 98: Don't Know/ Couldn't Say,2,Democratic Party,data/california-whats-next-2011/variables.csv,,
california-whats-next-2011,knowledge_002,q38,,knowledge-2,Which party held the majority in the California State Assembly?,paraphrase of source label or questionnaire,multiple choice,1: Republican Party | 2: Democratic Party | 98: Don't Know/ Couldn't Say,2,Democratic Party,data/california-whats-next-2011/variables.csv,,
california-whats-next-2011,knowledge_003,q39,,knowledge-3,What legislative majority was needed to approve the proposed state budget?,paraphrase of source label or questionnaire,multiple choice,1: Simple Majority of Both Houses | 2: Simple Majority Assembly & Two-Thirds Senate | 3: Two-Thirds of Both Houses | 4: Three-Fourths of Both Houses | 98: Don't Know/ Couldn't Say,3,Two-Thirds of Both Houses,data/california-whats-next-2011/variables.csv,,
california-whats-next-2011,knowledge_004,q40,,knowledge-4,What legislative majority was needed to raise taxes?,paraphrase of source label or questionnaire,multiple choice,1: Simple Majority of Both Houses | 2: Simple Majority Assembly & Two-Thirds Senate | 3: Two-Thirds of Both Houses | 4: Three-Fourths of Both Houses | 98: Don't Know/ Couldn't Say,3,Two-Thirds of Both Houses,data/california-whats-next-2011/variables.csv,,
california-whats-next-2011,knowledge_005,q41,,knowledge-5,Who could sign a ballot measure?,paraphrase of source label or questionnaire,multiple choice,1: Anyone 18+ | 2: Any Citizen 18+ | 3: Only Registered Voters | 4: Only Registered Voters Who Voted in Last Election | 98: Don't Know/ Couldn't Say,3,Only Registered Voters,data/california-whats-next-2011/variables.csv,,
bulgaria-crime-2002,knowledge_001,q12_1,item-1,knowledge-1,Could police detain a citizen for questioning at any hour without allowing refusal?,paraphrase of source label or questionnaire,true/false,True | False,2,False,data/bulgaria-crime-2002/variables.csv,,
bulgaria-crime-2002,knowledge_002,q12_2,item-2,knowledge-2,Could a court detain a suspect indefinitely while proving guilt?,paraphrase of source label or questionnaire,true/false,True | False,2,False,data/bulgaria-crime-2002/variables.csv,,
bulgaria-crime-2002,knowledge_003,q12_3,item-3,knowledge-3,Could prosecutors detain a suspect until a case was resolved?,paraphrase of source label or questionnaire,true/false,True | False,2,False,data/bulgaria-crime-2002/variables.csv,,
bulgaria-crime-2002,knowledge_004,q12_4,item-4,knowledge-4,Was the chief prosecutor accountable to parliament?,paraphrase of source label or questionnaire,true/false,True | False,2,False,data/bulgaria-crime-2002/variables.csv,,
bulgaria-crime-2002,knowledge_005,q12_5,item-5,knowledge-5,Were police forbidden to use violence against a detainee even if the person was guilty?,paraphrase of source label or questionnaire,true/false,True | False,1,True,data/bulgaria-crime-2002/variables.csv,,
bulgaria-crime-2002,knowledge_006,q12_6,item-6,knowledge-6,Could police detain a person for 72 hours?,paraphrase of source label or questionnaire,true/false,True | False,2,False,data/bulgaria-crime-2002/variables.csv,,
bulgaria-crime-2002,knowledge_007,q12_7,item-7,knowledge-7,Was a confession alone insufficient to establish guilt?,paraphrase of source label or questionnaire,true/false,True | False,1,True,data/bulgaria-crime-2002/variables.csv,,
america-in-one-room-2019,knowledge_001,PK1,,,Which political party holds the majority in the Senate?,verbatim codebook,multiple choice,1: Democratic | 2: Republican | 3: Independent,2,Republican,data/america-in-one-room-2019/codebooks/a1r_codebook.tab,,
america-in-one-room-2019,knowledge_002,PK2,,,Which political party holds the majority in the House?,verbatim codebook,multiple choice,1: Democratic | 2: Republican | 3: Independent,1,Democratic,data/america-in-one-room-2019/codebooks/a1r_codebook.tab,,
america-in-one-room-2019,knowledge_003,PK3,,,About how many undocumented immigrants are in the US?,verbatim codebook,multiple choice,1: 10 million | 2: 20 million | 3: 30 million | 4: 40 million,1,10 million,data/america-in-one-room-2019/codebooks/a1r_codebook.tab,,
america-in-one-room-2019,knowledge_004,PK4,,,Which of the following countries is NOT part of the Paris Agreement on the environment?,verbatim codebook,multiple choice,1: Russia | 2: Turkey | 3: Iran | 4: All of the above,4,All of the above,data/america-in-one-room-2019/codebooks/a1r_codebook.tab,,
america-in-one-room-2019,knowledge_005,PK5,,,The Affordable Care Act allows which of the following?,verbatim codebook,multiple choice,1: Stay on your parents’ healthcare plan until age 26 | 2: Eliminated annual and lifetime limits on insurance coverage | 3: Cannot charge women higher rates than men | 4: All of the above,4,All of the above,data/america-in-one-room-2019/codebooks/a1r_codebook.tab,,
america-in-one-room-2019,knowledge_006,PK6,,,What percentage is the highest tax rate for capital gains taxes?,verbatim codebook,multiple choice,1: Under 10% | 2: Around 20% | 3: Around 30% | 4: More than 40%,2,Around 20%,data/america-in-one-room-2019/codebooks/a1r_codebook.tab,,
america-in-one-room-2019,knowledge_007,PK7,,,Which of the following organizations dealing with trade has the most countries?,verbatim codebook,multiple choice,1: North American Free Trade Agreement (NAFTA) | 2: World Trade Organization (WTO) | 3: United States-Mexico-Canada Agreement (USMCA) | 4: Trans-Pacific Partnership (TPP),2,World Trade Organization (WTO),data/america-in-one-room-2019/codebooks/a1r_codebook.tab,,
a1r-climate-2021,knowledge_001,Q17,,,Which political party controls the majority in the Senate?,paraphrase of event report,multiple choice,,1,Answer text not recovered,data/a1r-climate-2021/reports/a1r-climate-knowledge.pdf,Offered choice labels were not in the retained report; the keyed code is checked against reported item results.,
a1r-climate-2021,knowledge_002,Q18,,,Which political party controls the majority in the House?,paraphrase of event report,multiple choice,,1,Answer text not recovered,data/a1r-climate-2021/reports/a1r-climate-knowledge.pdf,Offered choice labels were not in the retained report; the keyed code is checked against reported item results.,
a1r-climate-2021,knowledge_003,Q19,,,Which of the following best describes Net Zero?,paraphrase of event report,multiple choice,,3,Answer text not recovered,data/a1r-climate-2021/reports/a1r-climate-knowledge.pdf,Offered choice labels were not in the retained report; the keyed code is checked against reported item results.,
a1r-climate-2021,knowledge_004,Q20,,,What is the name of a method by which government can encourage emitters to reduce greenhouse gases?,paraphrase of event report,multiple choice,,1,Answer text not recovered,data/a1r-climate-2021/reports/a1r-climate-knowledge.pdf,Offered choice labels were not in the retained report; the keyed code is checked against reported item results.,
a1r-climate-2021,knowledge_005,Q21,,,Which of the following emit greenhouse gas emissions?,paraphrase of event report,multiple choice,,5,Answer text not recovered,data/a1r-climate-2021/reports/a1r-climate-knowledge.pdf,Offered choice labels were not in the retained report; the keyed code is checked against reported item results.,
a1r-climate-2021,knowledge_006,Q22,,,Which country emits the most greenhouse gas emissions?,paraphrase of event report,multiple choice,,1,Answer text not recovered,data/a1r-climate-2021/reports/a1r-climate-knowledge.pdf,Offered choice labels were not in the retained report; the keyed code is checked against reported item results.,
a1r-climate-2021,knowledge_007,Q23,,,The term fossil fuels refers to which of the following energy sources?,paraphrase of event report,multiple choice,,1,Answer text not recovered,data/a1r-climate-2021/reports/a1r-climate-knowledge.pdf,Offered choice labels were not in the retained report; the keyed code is checked against reported item results.,
a1r-climate-2021,knowledge_008,Q24,,,Which international agreement is about climate change?,paraphrase of event report,multiple choice,,1,Answer text not recovered,data/a1r-climate-2021/reports/a1r-climate-knowledge.pdf,Offered choice labels were not in the retained report; the keyed code is checked against reported item results.,
amr-2024,knowledge_001,knowledge_1,,,What does antibiotic resistance mean?,paraphrase of event report,multiple choice,,4,Answer text not recovered,data/amr-2024/reports/amr-final-report.pdf,Offered choice labels were not in the retained report; the key follows the study expert panel.,
amr-2024,knowledge_002,knowledge_2,,,When was the latest discovery of a new antibiotic class that has reached the market?,paraphrase of event report,multiple choice,,4,Answer text not recovered,data/amr-2024/reports/amr-final-report.pdf,Offered choice labels were not in the retained report; the key follows the study expert panel.,
amr-2024,knowledge_003,knowledge_3,,,Which of the following statements are true about antibiotics?,paraphrase of event report,multiple choice,,5,Answer text not recovered,data/amr-2024/reports/amr-final-report.pdf,Offered choice labels were not in the retained report; the key follows the study expert panel.,
amr-2024,knowledge_004,knowledge_4,,,Which of the following is a way to prevent infection in order to reduce antibiotic resistance?,paraphrase of event report,multiple choice,,5,Answer text not recovered,data/amr-2024/reports/amr-final-report.pdf,Offered choice labels were not in the retained report; the key follows the study expert panel.,
amr-2024,knowledge_005,knowledge_5,,,What does the term superbug mean?,paraphrase of event report,multiple choice,,4,Answer text not recovered,data/amr-2024/reports/amr-final-report.pdf,Offered choice labels were not in the retained report; the key follows the study expert panel.,
amr-2024,knowledge_006,knowledge_6,,,Which of the following statements is a fact about antibiotic resistance?,paraphrase of event report,multiple choice,,5,Answer text not recovered,data/amr-2024/reports/amr-final-report.pdf,Offered choice labels were not in the retained report; the key follows the study expert panel.,
