poll_id,definition_id,measure_id,source_waves,scoring_rule,missing_policy,denominator_policy,post_dependent,calibration_sample,evidence
uk-health-1998,ukhealth.t1payhlt@historical-v1,ukhealth.t1payhlt,T1,linear-three,-9|-8|system,available-components,FALSE,,docs/poll-issues.md UKH-01-12; docs/knowledge-build.md
uk-health-1998,ukhealth.t1poora@historical-v1,ukhealth.t1poora,T1,linear-five,-9|-8|system,available-components,FALSE,,docs/poll-issues.md UKH-01-12; docs/knowledge-build.md
uk-health-1998,ukhealth.t1option@historical-v1,ukhealth.t1option,T1,linear-three,-9|-8|system,available-components,FALSE,,docs/poll-issues.md UKH-01-12; docs/knowledge-build.md
uk-health-1998,ukhealth.t1hlthfu@historical-v1,ukhealth.t1hlthfu,T1,available-mean-linear-five,-9|-8|system,available-components,FALSE,,docs/poll-issues.md UKH-01-12; docs/knowledge-build.md
uk-health-1998,ukhealth.t1ctexpt@historical-v1,ukhealth.t1ctexpt,T1,available-mean-reverse-five,-9|-8|system,available-components,FALSE,,docs/poll-issues.md UKH-01-12; docs/knowledge-build.md
uk-health-1998,ukhealth.t1pritre@historical-v1,ukhealth.t1pritre,T1,available-mean-reverse-five,-9|-8|system,available-components,FALSE,,docs/poll-issues.md UKH-01-12; docs/knowledge-build.md
uk-health-1998,ukhealth.t1severi@historical-v1,ukhealth.t1severi,T1,historical-calibrated-difference,-9|-8|system,both-required,FALSE,"uk-health-1998:historical-230; limits=-1,1",docs/poll-issues.md UKH-01-12; docs/knowledge-build.md
uk-health-1998,ukhealth.t1preven@historical-v1,ukhealth.t1preven,T1,linear-five,-9|-8|system,available-components,FALSE,,docs/poll-issues.md UKH-01-12; docs/knowledge-build.md
uk-health-1998,ukhealth.t1dispub@historical-v1,ukhealth.t1dispub,T1,available-mean-folded-three,-9|-8|system,available-components,FALSE,,docs/poll-issues.md UKH-01-12; docs/knowledge-build.md
uk-health-1998,ukhealth.t1avgdis@historical-v1,ukhealth.t1avgdis,T1,available-mean-folded-three,-9|-8|system,available-components,FALSE,,docs/poll-issues.md UKH-01-12; docs/knowledge-build.md
uk-health-1998,ukhealth.t1moresa@historical-v1,ukhealth.t1moresa,T1,linear-five,-9|-8|system,available-components,FALSE,,docs/poll-issues.md UKH-01-12; docs/knowledge-build.md
uk-health-1998,ukhealth.t2payhlt@historical-v1,ukhealth.t2payhlt,T2,linear-three,-9|-8|system,available-components,TRUE,,docs/poll-issues.md UKH-01-12; docs/knowledge-build.md
uk-health-1998,ukhealth.t2poora@historical-v1,ukhealth.t2poora,T2,linear-five,-9|-8|system,available-components,TRUE,,docs/poll-issues.md UKH-01-12; docs/knowledge-build.md
uk-health-1998,ukhealth.t2option@historical-v1,ukhealth.t2option,T2,linear-three,-9|-8|system,available-components,TRUE,,docs/poll-issues.md UKH-01-12; docs/knowledge-build.md
uk-health-1998,ukhealth.t2hlthfu@historical-v1,ukhealth.t2hlthfu,T2,available-mean-linear-five,-9|-8|system,available-components,TRUE,,docs/poll-issues.md UKH-01-12; docs/knowledge-build.md
uk-health-1998,ukhealth.t2ctexpt@historical-v1,ukhealth.t2ctexpt,T2,available-mean-reverse-five,-9|-8|system,available-components,TRUE,,docs/poll-issues.md UKH-01-12; docs/knowledge-build.md
uk-health-1998,ukhealth.t2pritre@historical-v1,ukhealth.t2pritre,T2,available-mean-reverse-five,-9|-8|system,available-components,TRUE,,docs/poll-issues.md UKH-01-12; docs/knowledge-build.md
uk-health-1998,ukhealth.t2severi@historical-v1,ukhealth.t2severi,T2,historical-calibrated-difference,-9|-8|system,both-required,TRUE,"uk-health-1998:historical-230; limits=-1,0.5",docs/poll-issues.md UKH-01-12; docs/knowledge-build.md
uk-health-1998,ukhealth.t2preven@historical-v1,ukhealth.t2preven,T2,linear-five,-9|-8|system,available-components,TRUE,,docs/poll-issues.md UKH-01-12; docs/knowledge-build.md
uk-health-1998,ukhealth.t2dispub@historical-v1,ukhealth.t2dispub,T2,available-mean-folded-three,-9|-8|system,available-components,TRUE,,docs/poll-issues.md UKH-01-12; docs/knowledge-build.md
uk-health-1998,ukhealth.t2avgdis@historical-v1,ukhealth.t2avgdis,T2,available-mean-folded-three,-9|-8|system,available-components,TRUE,,docs/poll-issues.md UKH-01-12; docs/knowledge-build.md
uk-health-1998,ukhealth.t2moresa@historical-v1,ukhealth.t2moresa,T2,linear-five,-9|-8|system,available-components,TRUE,,docs/poll-issues.md UKH-01-12; docs/knowledge-build.md
uk-health-1998,female@historical-v1,female,T1,gender-2,none-in-reviewed-source,not-applicable,FALSE,,docs/poll-issues.md UKH-01-12; docs/knowledge-build.md
uk-health-1998,minority@historical-v1,minority,T1,ethnic-not-1,none-in-reviewed-source,not-applicable,FALSE,,docs/poll-issues.md UKH-01-12; docs/knowledge-build.md
uk-health-1998,ppage@historical-v1,ppage,T1,identity-years,none-in-reviewed-source,not-applicable,FALSE,,docs/poll-issues.md UKH-01-12; docs/knowledge-build.md
uk-health-1998,educ4@historical-v1,educ4,T1,school-qualification-ordinal,-9,not-applicable,FALSE,,docs/poll-issues.md UKH-01-12; docs/knowledge-build.md
uk-health-1998,educ3@historical-v1,educ3,T1,collapse-educ4-middle,-9,not-applicable,FALSE,,docs/poll-issues.md UKH-01-12; docs/knowledge-build.md
uk-health-1998,bettered@historical-v1,bettered,T1,educ4-at-least-.66,-9,not-applicable,FALSE,,docs/poll-issues.md UKH-01-12; docs/knowledge-build.md
uk-health-1998,hhincome@historical-v1,hhincome,T1,income-band-linear-sixteen,-9|-8|-7,not-applicable,FALSE,,docs/poll-issues.md UKH-01-12; docs/knowledge-build.md
uk-health-1998,highinc@historical-v1,highinc,T1,income-normalized-above-.34,-9|-8|-7,not-applicable,FALSE,,docs/poll-issues.md UKH-01-12; docs/knowledge-build.md
uk-health-1998,highinc_early@historical-v1,highinc_early,T1,income-normalized-above-.8,-9|-8|-7,not-applicable,FALSE,,docs/poll-issues.md UKH-01-12; docs/knowledge-build.md
uk-health-1998,severity_t1_unscaled@historical-v1,severity_t1_unscaled,T1,linear-five-difference,-9|-8|system,both-required,FALSE,,docs/poll-issues.md UKH-01-12; docs/knowledge-build.md
uk-health-1998,severity_t2_unscaled@historical-v1,severity_t2_unscaled,T2,linear-five-difference,-9|-8|system,both-required,TRUE,,docs/poll-issues.md UKH-01-12; docs/knowledge-build.md
uk-health-1998,attextreme@historical-v1,attextreme,T1,mean-absolute-distance-.5-of-11-early-indices,-9|-8|system,available-indices,FALSE,,docs/poll-issues.md UKH-01-12; docs/knowledge-build.md
uk-health-1998,t1know@historical-v1,t1know,T1,six-item-mean,-9|-8|-1|system:score-zero,six-items,FALSE,,docs/poll-issues.md UKH-01-12; docs/knowledge-build.md
uk-health-1998,t2know@historical-v1,t2know,T2,six-item-mean,-9|-8|-1|system:score-zero,six-items,TRUE,,docs/poll-issues.md UKH-01-12; docs/knowledge-build.md
uk-health-1998,t1knowcor@historical-v1,t1knowcor,T1|T2,joint-correctness-mean,-9|-8|-1|system:score-zero,six-items,TRUE,,docs/poll-issues.md UKH-01-12; docs/knowledge-build.md
uk-health-1998,knowgain@historical-v1,knowgain,T1|T2,post-minus-pre,-9|-8|-1|system:score-zero,six-items,TRUE,,docs/poll-issues.md UKH-01-12; docs/knowledge-build.md
uk-health-1998,knowgain2@historical-v1,knowgain2,T1|T2,post-minus-joint,-9|-8|-1|system:score-zero,six-items,TRUE,,docs/poll-issues.md UKH-01-12; docs/knowledge-build.md
uk-health-1998,logpk@historical-v1,logpk,T1|T2,log-joint-zero-replaced-.0001,-9|-8|-1|system:score-zero,six-items,TRUE,,docs/poll-issues.md UKH-01-12; docs/knowledge-build.md
uk-health-1998,tobitpk@historical-v1,tobitpk,T1|T2,joint-above-.6,-9|-8|-1|system:score-zero,six-items,TRUE,,docs/poll-issues.md UKH-01-12; docs/knowledge-build.md
uk-health-1998,t1know_rounded@historical-v1,t1know_rounded,T1,two-decimal-float32,-9|-8|-1|system:score-zero,six-items,FALSE,,docs/poll-issues.md UKH-01-12; docs/knowledge-build.md
uk-health-1998,readbrief@historical-v1,readbrief,not-measured,historical-constant-missing,always-missing,not-applicable,FALSE,,uk_health.R lines 126-127 and 234-235
uk-health-1998,t1polint@historical-v1,t1polint,not-measured,historical-constant-missing,always-missing,not-applicable,FALSE,,uk_health.R lines 126-127 and 234-235
uk-health-1998,t1knowcor2@historical-v1,t1knowcor2,not-measured,historical-constant-missing,always-missing,not-applicable,FALSE,,uk_health.R lines 126-127 and 234-235
uk-health-1998,t12know@historical-v1,t12know,not-measured,historical-constant-missing,always-missing,not-applicable,FALSE,,uk_health.R lines 126-127 and 234-235
uk-health-1998,t12knowcor@historical-v1,t12knowcor,not-measured,historical-constant-missing,always-missing,not-applicable,FALSE,,uk_health.R lines 126-127 and 234-235
uk-health-1998,attextreme2@historical-v1,attextreme2,not-measured,historical-constant-missing,always-missing,not-applicable,FALSE,,uk_health.R lines 126-127 and 234-235
uk-eu-1995,ukeu.eurelat1g@historical-v1,ukeu.eurelat1g,T1,available-mean-linear,-1|8|9|system; code6 included at T2,available-components,FALSE,"uk-eu-1995:all-900; all=[1,5]",R/respondent_eu.R; historical-cdd-scripts:legacy/poll_scripts/uk_eu.R; docs/poll-issues.md UKEU-02-05
uk-eu-1995,ukeu.euscope1g@historical-v1,ukeu.euscope1g,T1,available-mean-linear,8|9|system; -1 included at T2,available-components,FALSE,"uk-eu-1995:all-900; all=[1,5]",R/respondent_eu.R; historical-cdd-scripts:legacy/poll_scripts/uk_eu.R; docs/poll-issues.md UKEU-02-05
uk-eu-1995,ukeu.commies1r@historical-v1,ukeu.commies1r,T1,linear,system only; code9 retained,available-components,FALSE,"uk-eu-1995:all-900; [1,9]",R/respondent_eu.R; historical-cdd-scripts:legacy/poll_scripts/uk_eu.R; docs/poll-issues.md UKEU-02-05
uk-eu-1995,ukeu.favref1r@historical-v1,ukeu.favref1r,T1,linear,system only; code9 retained,available-components,FALSE,"uk-eu-1995:all-900; [1,9]",R/respondent_eu.R; historical-cdd-scripts:legacy/poll_scripts/uk_eu.R; docs/poll-issues.md UKEU-02-05
uk-eu-1995,ukeu.eurelat2g@historical-v1,ukeu.eurelat2g,T2,available-mean-linear,-1|8|9|system; code6 included at T2,available-components,TRUE,"uk-eu-1995:all-900; releu/longpol=[1,6]; unite=[1,5]",R/respondent_eu.R; historical-cdd-scripts:legacy/poll_scripts/uk_eu.R; docs/poll-issues.md UKEU-02-05
uk-eu-1995,ukeu.euscope2g@historical-v1,ukeu.euscope2g,T2,available-mean-linear,8|9|system; -1 included at T2,available-components,TRUE,"uk-eu-1995:all-900; all=[-1,5]",R/respondent_eu.R; historical-cdd-scripts:legacy/poll_scripts/uk_eu.R; docs/poll-issues.md UKEU-02-05
uk-eu-1995,ukeu.commies2r@historical-v1,ukeu.commies2r,T2,linear,-1|8|9|system,available-components,TRUE,"uk-eu-1995:all-900; [1,5]",R/respondent_eu.R; historical-cdd-scripts:legacy/poll_scripts/uk_eu.R; docs/poll-issues.md UKEU-02-05
uk-eu-1995,ukeu.favref2r@historical-v1,ukeu.favref2r,T2,linear,-1|8|9|system,available-components,TRUE,"uk-eu-1995:all-900; [1,5]",R/respondent_eu.R; historical-cdd-scripts:legacy/poll_scripts/uk_eu.R; docs/poll-issues.md UKEU-02-05
uk-eu-1995,female@historical-v1,female,T1,identity-0-male-1-female,system,not-applicable,FALSE,,R/respondent_eu.R; historical-cdd-scripts:legacy/poll_scripts/uk_eu.R; docs/poll-issues.md UKEU-02-05
uk-eu-1995,minority@historical-v1,minority,T1,ethnic-not-1,-1|8|97|99|system,not-applicable,FALSE,,R/respondent_eu.R; historical-cdd-scripts:legacy/poll_scripts/uk_eu.R; docs/poll-issues.md UKEU-02-05
uk-eu-1995,ppage@historical-v1,ppage,T1,identity-years,-1|97|98|99|system,not-applicable,FALSE,,R/respondent_eu.R; historical-cdd-scripts:legacy/poll_scripts/uk_eu.R; docs/poll-issues.md UKEU-02-05
uk-eu-1995,educ4@historical-v1,educ4,T1,qualification-ordinal-0-.33-.66-1,-1|13|99|system,not-applicable,FALSE,,R/respondent_eu.R; historical-cdd-scripts:legacy/poll_scripts/uk_eu.R; docs/poll-issues.md UKEU-02-05
uk-eu-1995,educ3@historical-v1,educ3,T1,collapse-educ4-middle,-1|13|99|system,not-applicable,FALSE,,R/respondent_eu.R; historical-cdd-scripts:legacy/poll_scripts/uk_eu.R; docs/poll-issues.md UKEU-02-05
uk-eu-1995,bettered@historical-v1,bettered,T1,educ4-at-least-.33,-1|13|99|system,not-applicable,FALSE,,R/respondent_eu.R; historical-cdd-scripts:legacy/poll_scripts/uk_eu.R; docs/poll-issues.md UKEU-02-05
uk-eu-1995,t1polint@historical-v1,t1polint,T1,1:4-to-0-.33-.66-1,-1|8|9|system,not-applicable,FALSE,,R/respondent_eu.R; historical-cdd-scripts:legacy/poll_scripts/uk_eu.R; docs/poll-issues.md UKEU-02-05
uk-eu-1995,attextreme@historical-v1,attextreme,T1,mean-absolute-distance-.5-of-four-historical-indices,per-input historical policy,available-indices,FALSE,uk-eu-1995:all-900; same component calibrations as attitude definitions,R/respondent_eu.R; historical-cdd-scripts:legacy/poll_scripts/uk_eu.R; docs/poll-issues.md UKEU-02-05
uk-eu-1995,t1know@historical-v1,t1know,T1,five-item-mean,noncorrect including -1|8|9 at T1; -1|3|9 at T2; system:score-zero,five-items,FALSE,,R/respondent_eu.R; historical-cdd-scripts:legacy/poll_scripts/uk_eu.R; docs/poll-issues.md UKEU-02-05
uk-eu-1995,t2know@historical-v1,t2know,T2,five-item-mean,noncorrect including -1|8|9 at T1; -1|3|9 at T2; system:score-zero,five-items,TRUE,,R/respondent_eu.R; historical-cdd-scripts:legacy/poll_scripts/uk_eu.R; docs/poll-issues.md UKEU-02-05
uk-eu-1995,t1knowcor@historical-v1,t1knowcor,T1|T2,joint-correctness-mean,noncorrect including -1|8|9 at T1; -1|3|9 at T2; system:score-zero,five-items,TRUE,,R/respondent_eu.R; historical-cdd-scripts:legacy/poll_scripts/uk_eu.R; docs/poll-issues.md UKEU-02-05
uk-eu-1995,knowgain@historical-v1,knowgain,T1|T2,post-minus-pre,noncorrect including -1|8|9 at T1; -1|3|9 at T2; system:score-zero,five-items,TRUE,,R/respondent_eu.R; historical-cdd-scripts:legacy/poll_scripts/uk_eu.R; docs/poll-issues.md UKEU-02-05
uk-eu-1995,knowgain2@historical-v1,knowgain2,T1|T2,post-minus-joint,noncorrect including -1|8|9 at T1; -1|3|9 at T2; system:score-zero,five-items,TRUE,,R/respondent_eu.R; historical-cdd-scripts:legacy/poll_scripts/uk_eu.R; docs/poll-issues.md UKEU-02-05
uk-eu-1995,logpk@historical-v1,logpk,T1|T2,log-joint-zero-replaced-.0001,noncorrect including -1|8|9 at T1; -1|3|9 at T2; system:score-zero,five-items,TRUE,,R/respondent_eu.R; historical-cdd-scripts:legacy/poll_scripts/uk_eu.R; docs/poll-issues.md UKEU-02-05
uk-eu-1995,tobitpk@historical-v1,tobitpk,T1|T2,joint-above-.6,noncorrect including -1|8|9 at T1; -1|3|9 at T2; system:score-zero,five-items,TRUE,,R/respondent_eu.R; historical-cdd-scripts:legacy/poll_scripts/uk_eu.R; docs/poll-issues.md UKEU-02-05
uk-eu-1995,readbrief@historical-v1,readbrief,not-measured,historical-constant-missing,always-missing,not-applicable,FALSE,,R/respondent_eu.R; historical-cdd-scripts:legacy/poll_scripts/uk_eu.R; docs/poll-issues.md UKEU-02-05
uk-eu-1995,hhincome@historical-v1,hhincome,not-measured,historical-constant-missing,always-missing,not-applicable,FALSE,,R/respondent_eu.R; historical-cdd-scripts:legacy/poll_scripts/uk_eu.R; docs/poll-issues.md UKEU-02-05
uk-eu-1995,highinc@historical-v1,highinc,not-measured,historical-constant-missing,always-missing,not-applicable,FALSE,,R/respondent_eu.R; historical-cdd-scripts:legacy/poll_scripts/uk_eu.R; docs/poll-issues.md UKEU-02-05
uk-eu-1995,t1knowcor2@historical-v1,t1knowcor2,not-measured,historical-constant-missing,always-missing,not-applicable,FALSE,,R/respondent_eu.R; historical-cdd-scripts:legacy/poll_scripts/uk_eu.R; docs/poll-issues.md UKEU-02-05
uk-eu-1995,t12know@historical-v1,t12know,not-measured,historical-constant-missing,always-missing,not-applicable,FALSE,,R/respondent_eu.R; historical-cdd-scripts:legacy/poll_scripts/uk_eu.R; docs/poll-issues.md UKEU-02-05
uk-eu-1995,t12knowcor@historical-v1,t12knowcor,not-measured,historical-constant-missing,always-missing,not-applicable,FALSE,,R/respondent_eu.R; historical-cdd-scripts:legacy/poll_scripts/uk_eu.R; docs/poll-issues.md UKEU-02-05
uk-eu-1995,attextreme2@historical-v1,attextreme2,not-measured,historical-constant-missing,always-missing,not-applicable,FALSE,,R/respondent_eu.R; historical-cdd-scripts:legacy/poll_scripts/uk_eu.R; docs/poll-issues.md UKEU-02-05
uk-monarchy-1996,monarchy_support_t1@historical-v1,monarchy_support_t1,T1,available-mean-explicit-item-recodes-float32,system and documented non-substantive codes,available-components,FALSE,,R/respondent_monarchy.R; docs/poll-issues.md UKM-01-04
uk-monarchy-1996,monarchy_people_t1@historical-v1,monarchy_people_t1,T1,available-mean-explicit-item-recodes-float32,system and documented non-substantive codes,available-components,FALSE,,R/respondent_monarchy.R; docs/poll-issues.md UKM-01-04
uk-monarchy-1996,monarchy_power_t1@historical-v1,monarchy_power_t1,T1,available-mean-explicit-item-recodes-float32,system and documented non-substantive codes,available-components,FALSE,,R/respondent_monarchy.R; docs/poll-issues.md UKM-01-04
uk-monarchy-1996,lords_reform_t1@historical-v1,lords_reform_t1,T1,available-mean-explicit-item-recodes-float32,system and documented non-substantive codes,available-components,FALSE,,R/respondent_monarchy.R; docs/poll-issues.md UKM-01-04
uk-monarchy-1996,monarchy_support_t2@historical-v1,monarchy_support_t2,T2,available-mean-explicit-item-recodes-float32,system and documented non-substantive codes,available-components,TRUE,,R/respondent_monarchy.R; docs/poll-issues.md UKM-01-04
uk-monarchy-1996,monarchy_people_t2@historical-v1,monarchy_people_t2,T2,available-mean-explicit-item-recodes-float32,system and documented non-substantive codes,available-components,TRUE,,R/respondent_monarchy.R; docs/poll-issues.md UKM-01-04
uk-monarchy-1996,monarchy_power_t2@historical-v1,monarchy_power_t2,T2,available-mean-explicit-item-recodes-float32,system and documented non-substantive codes,available-components,TRUE,,R/respondent_monarchy.R; docs/poll-issues.md UKM-01-04
uk-monarchy-1996,lords_reform_t2@historical-v1,lords_reform_t2,T2,available-mean-explicit-item-recodes-float32,system and documented non-substantive codes,available-components,TRUE,,R/respondent_monarchy.R; docs/poll-issues.md UKM-01-04
uk-monarchy-1996,female@historical-v1,female,T1,sex-not-one,system and documented non-substantive codes,not-applicable,FALSE,,R/respondent_monarchy.R; docs/poll-issues.md UKM-01-04
uk-monarchy-1996,minority@historical-v1,minority,T1,ethnicity-not-one,system and documented non-substantive codes,not-applicable,FALSE,,R/respondent_monarchy.R; docs/poll-issues.md UKM-01-04
uk-monarchy-1996,age@historical-v1,age,T1,age-band-midpoints-2-through-9-other-codes-retained,system and documented non-substantive codes,not-applicable,FALSE,,R/respondent_monarchy.R; docs/poll-issues.md UKM-01-04
uk-monarchy-1996,political_interest_t1@historical-v1,political_interest_t1,T1,one-to-four-reversed-five-missing-six-retained,system and documented non-substantive codes,not-applicable,FALSE,,R/respondent_monarchy.R; docs/poll-issues.md UKM-01-04
uk-monarchy-1996,education_four@historical-v1,education_four,T1,school-qualification-override,system and documented non-substantive codes,not-applicable,FALSE,,R/respondent_monarchy.R; docs/poll-issues.md UKM-01-04
uk-monarchy-1996,education_three@historical-v1,education_three,T1,school-qualification-override-middle-to-half,system and documented non-substantive codes,not-applicable,FALSE,,R/respondent_monarchy.R; docs/poll-issues.md UKM-01-04
uk-monarchy-1996,higher_education@historical-v1,higher_education,T1,school-qualification-override-at-least-point33,system and documented non-substantive codes,not-applicable,FALSE,,R/respondent_monarchy.R; docs/poll-issues.md UKM-01-04
uk-monarchy-1996,knowledge_t1@historical-v1,knowledge_t1,T1,nine-item-fixed-denominator,all-noncorrect-including-missing-zero,9,FALSE,,R/respondent_monarchy.R; docs/poll-issues.md UKM-01-04
uk-monarchy-1996,knowledge_t2@historical-v1,knowledge_t2,T1|T2,nine-item-fixed-denominator-commonwealth-baseline-reuse,all-noncorrect-including-missing-zero,9,TRUE,,R/respondent_monarchy.R; docs/poll-issues.md UKM-01-04
uk-monarchy-1996,knowledge_joint@historical-v1,knowledge_joint,T1|T2,nine-item-fixed-denominator-commonwealth-baseline-reuse-knowledge_joint,all-noncorrect-including-missing-zero,9,TRUE,,R/respondent_monarchy.R; docs/poll-issues.md UKM-01-04
uk-monarchy-1996,knowledge_gain@historical-v1,knowledge_gain,T1|T2,nine-item-fixed-denominator-commonwealth-baseline-reuse-knowledge_gain,all-noncorrect-including-missing-zero,9,TRUE,,R/respondent_monarchy.R; docs/poll-issues.md UKM-01-04
uk-monarchy-1996,knowledge_gain_joint@historical-v1,knowledge_gain_joint,T1|T2,nine-item-fixed-denominator-commonwealth-baseline-reuse-knowledge_gain_joint,all-noncorrect-including-missing-zero,9,TRUE,,R/respondent_monarchy.R; docs/poll-issues.md UKM-01-04
uk-monarchy-1996,log_knowledge_joint@historical-v1,log_knowledge_joint,T1|T2,nine-item-fixed-denominator-commonwealth-baseline-reuse-log_knowledge_joint,all-noncorrect-including-missing-zero,9,TRUE,,R/respondent_monarchy.R; docs/poll-issues.md UKM-01-04
uk-monarchy-1996,high_knowledge_joint@historical-v1,high_knowledge_joint,T1|T2,nine-item-fixed-denominator-commonwealth-baseline-reuse-high_knowledge_joint,all-noncorrect-including-missing-zero,9,TRUE,,R/respondent_monarchy.R; docs/poll-issues.md UKM-01-04
uk-monarchy-1996,attitude_extremity@historical-v1,attitude_extremity,T1,available-mean-absolute-distance-from-half,system and documented non-substantive codes,available-indices,FALSE,,R/respondent_monarchy.R; docs/poll-issues.md UKM-01-04
uk-monarchy-1996,household_income@historical-v1,household_income,none,historical-constant-missing,structurally-absent,not-applicable,FALSE,,R/respondent_monarchy.R; docs/poll-issues.md UKM-01-04
uk-monarchy-1996,high_income@historical-v1,high_income,none,historical-constant-missing,structurally-absent,not-applicable,FALSE,,R/respondent_monarchy.R; docs/poll-issues.md UKM-01-04
uk-monarchy-1996,read_briefing@historical-v1,read_briefing,none,historical-constant-missing,structurally-absent,not-applicable,FALSE,,R/respondent_monarchy.R; docs/poll-issues.md UKM-01-04
uk-monarchy-1996,knowledge_joint_midterm@historical-v1,knowledge_joint_midterm,none,historical-constant-missing,structurally-absent,not-applicable,FALSE,,R/respondent_monarchy.R; docs/poll-issues.md UKM-01-04
uk-monarchy-1996,knowledge_midterm@historical-v1,knowledge_midterm,none,historical-constant-missing,structurally-absent,not-applicable,FALSE,,R/respondent_monarchy.R; docs/poll-issues.md UKM-01-04
uk-monarchy-1996,knowledge_midterm_joint@historical-v1,knowledge_midterm_joint,none,historical-constant-missing,structurally-absent,not-applicable,FALSE,,R/respondent_monarchy.R; docs/poll-issues.md UKM-01-04
uk-monarchy-1996,attitude_extremity_midterm@historical-v1,attitude_extremity_midterm,none,historical-constant-missing,structurally-absent,not-applicable,FALSE,,R/respondent_monarchy.R; docs/poll-issues.md UKM-01-04
uk-general-election-1997,redistribution_t1@historical-v1,redistribution_t1,T1,seven-category-rounded-hundredths-float32,system and documented non-substantive codes,one-item,FALSE,,R/respondent_election.R; docs/poll-issues.md UKGE-01-04
uk-general-election-1997,tax_t1@historical-v1,tax_t1,T1,seven-category-rounded-hundredths-float32,system and documented non-substantive codes,one-item,FALSE,,R/respondent_election.R; docs/poll-issues.md UKGE-01-04
uk-general-election-1997,minimum_wage_t1@historical-v1,minimum_wage_t1,T1,seven-category-rounded-hundredths-float32,system and documented non-substantive codes,one-item,FALSE,,R/respondent_election.R; docs/poll-issues.md UKGE-01-04
uk-general-election-1997,european_union_t1@historical-v1,european_union_t1,T1,seven-category-rounded-hundredths-float32,system and documented non-substantive codes,one-item,FALSE,,R/respondent_election.R; docs/poll-issues.md UKGE-01-04
uk-general-election-1997,redistribution_t2@historical-v1,redistribution_t2,T2,seven-category-rounded-hundredths-float32,system and documented non-substantive codes,one-item,TRUE,,R/respondent_election.R; docs/poll-issues.md UKGE-01-04
uk-general-election-1997,tax_t2@historical-v1,tax_t2,T2,retrospective-taxes-five-category,system and documented non-substantive codes,one-item,TRUE,,R/respondent_election.R; docs/poll-issues.md UKGE-01-04
uk-general-election-1997,minimum_wage_t2@historical-v1,minimum_wage_t2,T2,seven-category-rounded-hundredths-float32,system and documented non-substantive codes,one-item,TRUE,,R/respondent_election.R; docs/poll-issues.md UKGE-01-04
uk-general-election-1997,european_union_t2@historical-v1,european_union_t2,T2,seven-category-rounded-hundredths-float32,system and documented non-substantive codes,one-item,TRUE,,R/respondent_election.R; docs/poll-issues.md UKGE-01-04
uk-general-election-1997,female@historical-v1,female,T1,gender-zero,system and documented non-substantive codes,not-applicable,FALSE,,R/respondent_election.R; docs/poll-issues.md UKGE-01-04
uk-general-election-1997,minority@historical-v1,minority,T1,ethnicity-not-one-minus-seven-missing,system and documented non-substantive codes,not-applicable,FALSE,,R/respondent_election.R; docs/poll-issues.md UKGE-01-04
uk-general-election-1997,age@historical-v1,age,T1,raw-age-minus-seven-missing,system and documented non-substantive codes,not-applicable,FALSE,,R/respondent_election.R; docs/poll-issues.md UKGE-01-04
uk-general-election-1997,political_interest_t1@historical-v1,political_interest_t1,T1,five-categories-collapsed-four-levels,system and documented non-substantive codes,not-applicable,FALSE,,R/respondent_election.R; docs/poll-issues.md UKGE-01-04
uk-general-election-1997,household_income@historical-v1,household_income,T1,sixteen-income-categories-collapsed-five,system and documented non-substantive codes,not-applicable,FALSE,,R/respondent_election.R; docs/poll-issues.md UKGE-01-04
uk-general-election-1997,high_income@historical-v1,high_income,T1,collapsed-income-greater-than-two,system and documented non-substantive codes,not-applicable,FALSE,,R/respondent_election.R; docs/poll-issues.md UKGE-01-04
uk-general-election-1997,education_four@historical-v1,education_four,T1,school-qualification-override,system and documented non-substantive codes,not-applicable,FALSE,,R/respondent_election.R; docs/poll-issues.md UKGE-01-04
uk-general-election-1997,education_three@historical-v1,education_three,T1,school-qualification-override-middle-to-half,system and documented non-substantive codes,not-applicable,FALSE,,R/respondent_election.R; docs/poll-issues.md UKGE-01-04
uk-general-election-1997,higher_education@historical-v1,higher_education,T1,school-qualification-override-at-least-point33,system and documented non-substantive codes,not-applicable,FALSE,,R/respondent_election.R; docs/poll-issues.md UKGE-01-04
uk-general-election-1997,knowledge_t1@historical-v1,knowledge_t1,T1,float32-factual-subscale-weighted-with-party-placement,all-noncorrect-including-missing-zero,15,FALSE,,R/respondent_election.R; docs/poll-issues.md UKGE-01-04
uk-general-election-1997,knowledge_t2@historical-v1,knowledge_t2,T1|T2,fifteen-item-fixed-denominator-labour-wage-baseline-reuse,all-noncorrect-including-missing-zero,15,TRUE,,R/respondent_election.R; docs/poll-issues.md UKGE-01-04
uk-general-election-1997,knowledge_joint@historical-v1,knowledge_joint,T1|T2,fifteen-item-fixed-denominator-labour-wage-baseline-reuse-knowledge_joint,all-noncorrect-including-missing-zero,15,TRUE,,R/respondent_election.R; docs/poll-issues.md UKGE-01-04
uk-general-election-1997,knowledge_gain@historical-v1,knowledge_gain,T1|T2,fifteen-item-fixed-denominator-labour-wage-baseline-reuse-knowledge_gain,all-noncorrect-including-missing-zero,15,TRUE,,R/respondent_election.R; docs/poll-issues.md UKGE-01-04
uk-general-election-1997,knowledge_gain_joint@historical-v1,knowledge_gain_joint,T1|T2,fifteen-item-fixed-denominator-labour-wage-baseline-reuse-knowledge_gain_joint,all-noncorrect-including-missing-zero,15,TRUE,,R/respondent_election.R; docs/poll-issues.md UKGE-01-04
uk-general-election-1997,log_knowledge_joint@historical-v1,log_knowledge_joint,T1|T2,fifteen-item-fixed-denominator-labour-wage-baseline-reuse-log_knowledge_joint,all-noncorrect-including-missing-zero,15,TRUE,,R/respondent_election.R; docs/poll-issues.md UKGE-01-04
uk-general-election-1997,high_knowledge_joint@historical-v1,high_knowledge_joint,T1|T2,fifteen-item-fixed-denominator-labour-wage-baseline-reuse-high_knowledge_joint,all-noncorrect-including-missing-zero,15,TRUE,,R/respondent_election.R; docs/poll-issues.md UKGE-01-04
uk-general-election-1997,attitude_extremity@historical-v1,attitude_extremity,T1,available-mean-absolute-distance-from-half,system and documented non-substantive codes,available-indices,FALSE,,R/respondent_election.R; docs/poll-issues.md UKGE-01-04
uk-general-election-1997,read_briefing@historical-v1,read_briefing,none,historical-constant-missing,structurally-absent,not-applicable,FALSE,,R/respondent_election.R; docs/poll-issues.md UKGE-01-04
uk-general-election-1997,knowledge_joint_midterm@historical-v1,knowledge_joint_midterm,none,historical-constant-missing,structurally-absent,not-applicable,FALSE,,R/respondent_election.R; docs/poll-issues.md UKGE-01-04
uk-general-election-1997,knowledge_midterm@historical-v1,knowledge_midterm,none,historical-constant-missing,structurally-absent,not-applicable,FALSE,,R/respondent_election.R; docs/poll-issues.md UKGE-01-04
uk-general-election-1997,knowledge_midterm_joint@historical-v1,knowledge_midterm_joint,none,historical-constant-missing,structurally-absent,not-applicable,FALSE,,R/respondent_election.R; docs/poll-issues.md UKGE-01-04
uk-general-election-1997,attitude_extremity_midterm@historical-v1,attitude_extremity_midterm,none,historical-constant-missing,structurally-absent,not-applicable,FALSE,,R/respondent_election.R; docs/poll-issues.md UKGE-01-04
cpl-1996,research_t1@historical-v1,research_t1,T1,historical-cpl-research-t1,available-component mean; CPL 99 missing,available-components-before-fixed-calibration,FALSE,CPL full source; T1 conservation further calibrated on attendees,R/respondent_utilities.R; docs/poll-issues.md CPL-01-03; historical tx_cpl.R and 05_fix_data.R
cpl-1996,conservation_t1@historical-v1,conservation_t1,T1,historical-cpl-conservation-t1,available-component mean; CPL 99 missing,available-components-before-fixed-calibration,FALSE,CPL full source; T1 conservation further calibrated on attendees,R/respondent_utilities.R; docs/poll-issues.md CPL-01-03; historical tx_cpl.R and 05_fix_data.R
cpl-1996,low_income_support_t1@historical-v1,low_income_support_t1,T1,historical-cpl-low_income_support-t1,available-component mean; CPL 99 missing,available-components-before-fixed-calibration,FALSE,CPL full source; T1 conservation further calibrated on attendees,R/respondent_utilities.R; docs/poll-issues.md CPL-01-03; historical tx_cpl.R and 05_fix_data.R
cpl-1996,renewables_t1@historical-v1,renewables_t1,T1,historical-cpl-renewables-t1,available-component mean; CPL 99 missing,available-components-before-fixed-calibration,FALSE,CPL full source; T1 conservation further calibrated on attendees,R/respondent_utilities.R; docs/poll-issues.md CPL-01-03; historical tx_cpl.R and 05_fix_data.R
cpl-1996,fossil_fuels_t1@historical-v1,fossil_fuels_t1,T1,historical-cpl-fossil_fuels-t1,available-component mean; CPL 99 missing,available-components-before-fixed-calibration,FALSE,CPL full source; T1 conservation further calibrated on attendees,R/respondent_utilities.R; docs/poll-issues.md CPL-01-03; historical tx_cpl.R and 05_fix_data.R
cpl-1996,imported_power_t1@historical-v1,imported_power_t1,T1,historical-cpl-imported_power-t1,available-component mean; CPL 99 missing,available-components-before-fixed-calibration,FALSE,CPL full source; T1 conservation further calibrated on attendees,R/respondent_utilities.R; docs/poll-issues.md CPL-01-03; historical tx_cpl.R and 05_fix_data.R
cpl-1996,research_t2@historical-v1,research_t2,T2,historical-cpl-research-t2,available-component mean; CPL 99 missing,available-components-before-fixed-calibration,TRUE,CPL full source; T1 conservation further calibrated on attendees,R/respondent_utilities.R; docs/poll-issues.md CPL-01-03; historical tx_cpl.R and 05_fix_data.R
cpl-1996,conservation_t2@historical-v1,conservation_t2,T2,historical-cpl-conservation-t2,available-component mean; CPL 99 missing,available-components-before-fixed-calibration,TRUE,CPL full source; T1 conservation further calibrated on attendees,R/respondent_utilities.R; docs/poll-issues.md CPL-01-03; historical tx_cpl.R and 05_fix_data.R
cpl-1996,low_income_support_t2@historical-v1,low_income_support_t2,T2,historical-cpl-low_income_support-t2,available-component mean; CPL 99 missing,available-components-before-fixed-calibration,TRUE,CPL full source; T1 conservation further calibrated on attendees,R/respondent_utilities.R; docs/poll-issues.md CPL-01-03; historical tx_cpl.R and 05_fix_data.R
cpl-1996,renewables_t2@historical-v1,renewables_t2,T2,historical-cpl-renewables-t2,available-component mean; CPL 99 missing,available-components-before-fixed-calibration,TRUE,CPL full source; T1 conservation further calibrated on attendees,R/respondent_utilities.R; docs/poll-issues.md CPL-01-03; historical tx_cpl.R and 05_fix_data.R
cpl-1996,fossil_fuels_t2@historical-v1,fossil_fuels_t2,T2,historical-cpl-fossil_fuels-t2,available-component mean; CPL 99 missing,available-components-before-fixed-calibration,TRUE,CPL full source; T1 conservation further calibrated on attendees,R/respondent_utilities.R; docs/poll-issues.md CPL-01-03; historical tx_cpl.R and 05_fix_data.R
cpl-1996,imported_power_t2@historical-v1,imported_power_t2,T2,historical-cpl-imported_power-t2,available-component mean; CPL 99 missing,available-components-before-fixed-calibration,TRUE,CPL full source; T1 conservation further calibrated on attendees,R/respondent_utilities.R; docs/poll-issues.md CPL-01-03; historical tx_cpl.R and 05_fix_data.R
cpl-1996,female@historical-v1,female,T1,gender-equals-two,system plus CPL 99/999,not-applicable,FALSE,,R/respondent_utilities.R; docs/poll-issues.md CPL-01-03; historical tx_cpl.R and 05_fix_data.R
cpl-1996,minority@historical-v1,minority,T1,race-not-four,system plus CPL 99/999,not-applicable,FALSE,,R/respondent_utilities.R; docs/poll-issues.md CPL-01-03; historical tx_cpl.R and 05_fix_data.R
cpl-1996,age@historical-v1,age,T1,raw-age-missing-sentinels-removed,system plus CPL 99/999,not-applicable,FALSE,,R/respondent_utilities.R; docs/poll-issues.md CPL-01-03; historical tx_cpl.R and 05_fix_data.R
cpl-1996,education_four@historical-v1,education_four,T1,six-categories-to-zero-zero-point33-point66-one-one,system plus CPL 99/999,not-applicable,FALSE,,R/respondent_utilities.R; docs/poll-issues.md CPL-01-03; historical tx_cpl.R and 05_fix_data.R
cpl-1996,education_three@historical-v1,education_three,T1,six-categories-to-three-levels,system plus CPL 99/999,not-applicable,FALSE,,R/respondent_utilities.R; docs/poll-issues.md CPL-01-03; historical tx_cpl.R and 05_fix_data.R
cpl-1996,higher_education@historical-v1,higher_education,T1,historical-education-at-least-point66,system plus CPL 99/999,not-applicable,FALSE,,R/respondent_utilities.R; docs/poll-issues.md CPL-01-03; historical tx_cpl.R and 05_fix_data.R
cpl-1996,household_income@historical-v1,household_income,T1,original-eight-income-bands,system plus CPL 99/999,not-applicable,FALSE,,R/respondent_utilities.R; docs/poll-issues.md CPL-01-03; historical tx_cpl.R and 05_fix_data.R
cpl-1996,high_income@historical-v1,high_income,T1,income-band-above-four,system plus CPL 99/999,not-applicable,FALSE,,R/respondent_utilities.R; docs/poll-issues.md CPL-01-03; historical tx_cpl.R and 05_fix_data.R
cpl-1996,knowledge_t1@historical-v1,knowledge_t1,T1,correct-key,all-noncorrect-including-missing-zero,7,FALSE,,R/respondent_utilities.R; docs/poll-issues.md CPL-01-03; historical tx_cpl.R and 05_fix_data.R
cpl-1996,knowledge_t2@historical-v1,knowledge_t2,T2,correct-key,all-noncorrect-including-missing-zero,7,TRUE,,R/respondent_utilities.R; docs/poll-issues.md CPL-01-03; historical tx_cpl.R and 05_fix_data.R
cpl-1996,knowledge_joint@historical-v1,knowledge_joint,T1|T2,joint-correct,all-noncorrect-including-missing-zero,7,TRUE,,R/respondent_utilities.R; docs/poll-issues.md CPL-01-03; historical tx_cpl.R and 05_fix_data.R
cpl-1996,knowledge_gain@historical-v1,knowledge_gain,T1|T2,post-minus-baseline,all-noncorrect-including-missing-zero,7,TRUE,,R/respondent_utilities.R; docs/poll-issues.md CPL-01-03; historical tx_cpl.R and 05_fix_data.R
cpl-1996,knowledge_gain_joint@historical-v1,knowledge_gain_joint,T1|T2,post-minus-joint,all-noncorrect-including-missing-zero,7,TRUE,,R/respondent_utilities.R; docs/poll-issues.md CPL-01-03; historical tx_cpl.R and 05_fix_data.R
cpl-1996,log_knowledge_joint@historical-v1,log_knowledge_joint,T1|T2,log-joint-floor-point0001,all-noncorrect-including-missing-zero,7,TRUE,,R/respondent_utilities.R; docs/poll-issues.md CPL-01-03; historical tx_cpl.R and 05_fix_data.R
cpl-1996,high_knowledge_joint@historical-v1,high_knowledge_joint,T1|T2,joint-greater-than-point6,all-noncorrect-including-missing-zero,7,TRUE,,R/respondent_utilities.R; docs/poll-issues.md CPL-01-03; historical tx_cpl.R and 05_fix_data.R
cpl-1996,attitude_extremity@historical-v1,attitude_extremity,T1,seven-index-extremity-before-later-export-changes,system plus CPL 99/999,available-indices-including-competition,FALSE,CPL full source; WTU/SWEPCO attendees; research unscaled for WTU/SWEPCO,R/respondent_utilities.R; docs/poll-issues.md CPL-01-03; historical tx_cpl.R and 05_fix_data.R
cpl-1996,political_interest_t1@historical-v1,political_interest_t1,none,historical-constant-missing,structurally-absent,not-applicable,FALSE,,R/respondent_utilities.R; docs/poll-issues.md CPL-01-03; historical tx_cpl.R and 05_fix_data.R
cpl-1996,read_briefing@historical-v1,read_briefing,none,historical-constant-missing,structurally-absent,not-applicable,FALSE,,R/respondent_utilities.R; docs/poll-issues.md CPL-01-03; historical tx_cpl.R and 05_fix_data.R
cpl-1996,knowledge_joint_midterm@historical-v1,knowledge_joint_midterm,none,historical-constant-missing,structurally-absent,not-applicable,FALSE,,R/respondent_utilities.R; docs/poll-issues.md CPL-01-03; historical tx_cpl.R and 05_fix_data.R
cpl-1996,knowledge_midterm@historical-v1,knowledge_midterm,none,historical-constant-missing,structurally-absent,not-applicable,FALSE,,R/respondent_utilities.R; docs/poll-issues.md CPL-01-03; historical tx_cpl.R and 05_fix_data.R
cpl-1996,knowledge_midterm_joint@historical-v1,knowledge_midterm_joint,none,historical-constant-missing,structurally-absent,not-applicable,FALSE,,R/respondent_utilities.R; docs/poll-issues.md CPL-01-03; historical tx_cpl.R and 05_fix_data.R
cpl-1996,attitude_extremity_midterm@historical-v1,attitude_extremity_midterm,none,historical-constant-missing,structurally-absent,not-applicable,FALSE,,R/respondent_utilities.R; docs/poll-issues.md CPL-01-03; historical tx_cpl.R and 05_fix_data.R
wtu-1996,research_t1@historical-v1,research_t1,T1,historical-wtu-research-t1,missing filled as five before scaling or half after; available-component means,available-components-before-fixed-calibration,FALSE,PART == 1; fixed historical ranges in utility_attitudes,R/respondent_utilities.R; docs/poll-issues.md WTU-01-05; historical tx_wtu.R and 05_fix_data.R
wtu-1996,conservation_t1@historical-v1,conservation_t1,T1,historical-wtu-conservation-t1,missing filled as five before scaling or half after; available-component means,available-components-before-fixed-calibration,FALSE,PART == 1; fixed historical ranges in utility_attitudes,R/respondent_utilities.R; docs/poll-issues.md WTU-01-05; historical tx_wtu.R and 05_fix_data.R
wtu-1996,low_income_support_t1@historical-v1,low_income_support_t1,T1,historical-wtu-low_income_support-t1,missing filled as five before scaling or half after; available-component means,available-components-before-fixed-calibration,FALSE,PART == 1; fixed historical ranges in utility_attitudes,R/respondent_utilities.R; docs/poll-issues.md WTU-01-05; historical tx_wtu.R and 05_fix_data.R
wtu-1996,renewables_t1@historical-v1,renewables_t1,T1,historical-wtu-renewables-t1,missing filled as five before scaling or half after; available-component means,available-components-before-fixed-calibration,FALSE,PART == 1; fixed historical ranges in utility_attitudes,R/respondent_utilities.R; docs/poll-issues.md WTU-01-05; historical tx_wtu.R and 05_fix_data.R
wtu-1996,fossil_fuels_t1@historical-v1,fossil_fuels_t1,T1,historical-wtu-fossil_fuels-t1,missing filled as five before scaling or half after; available-component means,available-components-before-fixed-calibration,FALSE,PART == 1; fixed historical ranges in utility_attitudes,R/respondent_utilities.R; docs/poll-issues.md WTU-01-05; historical tx_wtu.R and 05_fix_data.R
wtu-1996,imported_power_t1@historical-v1,imported_power_t1,T1,historical-wtu-imported_power-t1,missing filled as five before scaling or half after; available-component means,available-components-before-fixed-calibration,FALSE,PART == 1; fixed historical ranges in utility_attitudes,R/respondent_utilities.R; docs/poll-issues.md WTU-01-05; historical tx_wtu.R and 05_fix_data.R
wtu-1996,research_t2@historical-v1,research_t2,T2,historical-wtu-research-t2,missing filled as five before scaling or half after; available-component means,available-components-before-fixed-calibration,TRUE,PART == 1; fixed historical ranges in utility_attitudes,R/respondent_utilities.R; docs/poll-issues.md WTU-01-05; historical tx_wtu.R and 05_fix_data.R
wtu-1996,conservation_t2@historical-v1,conservation_t2,T2,historical-wtu-conservation-t2,missing filled as five before scaling or half after; available-component means,available-components-before-fixed-calibration,TRUE,PART == 1; fixed historical ranges in utility_attitudes,R/respondent_utilities.R; docs/poll-issues.md WTU-01-05; historical tx_wtu.R and 05_fix_data.R
wtu-1996,low_income_support_t2@historical-v1,low_income_support_t2,T2,historical-wtu-low_income_support-t2,missing filled as five before scaling or half after; available-component means,available-components-before-fixed-calibration,TRUE,PART == 1; fixed historical ranges in utility_attitudes,R/respondent_utilities.R; docs/poll-issues.md WTU-01-05; historical tx_wtu.R and 05_fix_data.R
wtu-1996,renewables_t2@historical-v1,renewables_t2,T2,historical-wtu-renewables-t2,missing filled as five before scaling or half after; available-component means,available-components-before-fixed-calibration,TRUE,PART == 1; fixed historical ranges in utility_attitudes,R/respondent_utilities.R; docs/poll-issues.md WTU-01-05; historical tx_wtu.R and 05_fix_data.R
wtu-1996,fossil_fuels_t2@historical-v1,fossil_fuels_t2,T2,historical-wtu-fossil_fuels-t2,missing filled as five before scaling or half after; available-component means,available-components-before-fixed-calibration,TRUE,PART == 1; fixed historical ranges in utility_attitudes,R/respondent_utilities.R; docs/poll-issues.md WTU-01-05; historical tx_wtu.R and 05_fix_data.R
wtu-1996,imported_power_t2@historical-v1,imported_power_t2,T2,historical-wtu-imported_power-t2,missing filled as five before scaling or half after; available-component means,available-components-before-fixed-calibration,TRUE,PART == 1; fixed historical ranges in utility_attitudes,R/respondent_utilities.R; docs/poll-issues.md WTU-01-05; historical tx_wtu.R and 05_fix_data.R
wtu-1996,female@historical-v1,female,T1,gender-equals-two,system plus CPL 99/999,not-applicable,FALSE,,R/respondent_utilities.R; docs/poll-issues.md WTU-01-05; historical tx_wtu.R and 05_fix_data.R
wtu-1996,minority@historical-v1,minority,T1,race-not-four,system plus CPL 99/999,not-applicable,FALSE,,R/respondent_utilities.R; docs/poll-issues.md WTU-01-05; historical tx_wtu.R and 05_fix_data.R
wtu-1996,age@historical-v1,age,T1,raw-age-missing-sentinels-removed,system plus CPL 99/999,not-applicable,FALSE,,R/respondent_utilities.R; docs/poll-issues.md WTU-01-05; historical tx_wtu.R and 05_fix_data.R
wtu-1996,education_four@historical-v1,education_four,T1,six-categories-to-zero-zero-point33-point66-one-one,system plus CPL 99/999,not-applicable,FALSE,,R/respondent_utilities.R; docs/poll-issues.md WTU-01-05; historical tx_wtu.R and 05_fix_data.R
wtu-1996,education_three@historical-v1,education_three,T1,six-categories-to-three-levels,system plus CPL 99/999,not-applicable,FALSE,,R/respondent_utilities.R; docs/poll-issues.md WTU-01-05; historical tx_wtu.R and 05_fix_data.R
wtu-1996,higher_education@historical-v1,higher_education,T1,historical-education-at-least-point66,system plus CPL 99/999,not-applicable,FALSE,,R/respondent_utilities.R; docs/poll-issues.md WTU-01-05; historical tx_wtu.R and 05_fix_data.R
wtu-1996,knowledge_t1@historical-v1,knowledge_t1,T1,correct-key,all-noncorrect-including-missing-zero,5,FALSE,,R/respondent_utilities.R; docs/poll-issues.md WTU-01-05; historical tx_wtu.R and 05_fix_data.R
wtu-1996,knowledge_t2@historical-v1,knowledge_t2,T2,correct-key,all-noncorrect-including-missing-zero,5,TRUE,,R/respondent_utilities.R; docs/poll-issues.md WTU-01-05; historical tx_wtu.R and 05_fix_data.R
wtu-1996,knowledge_joint@historical-v1,knowledge_joint,T1|T2,joint-correct,all-noncorrect-including-missing-zero,5,TRUE,,R/respondent_utilities.R; docs/poll-issues.md WTU-01-05; historical tx_wtu.R and 05_fix_data.R
wtu-1996,knowledge_gain@historical-v1,knowledge_gain,T1|T2,post-minus-baseline,all-noncorrect-including-missing-zero,5,TRUE,,R/respondent_utilities.R; docs/poll-issues.md WTU-01-05; historical tx_wtu.R and 05_fix_data.R
wtu-1996,knowledge_gain_joint@historical-v1,knowledge_gain_joint,T1|T2,post-minus-joint,all-noncorrect-including-missing-zero,5,TRUE,,R/respondent_utilities.R; docs/poll-issues.md WTU-01-05; historical tx_wtu.R and 05_fix_data.R
wtu-1996,log_knowledge_joint@historical-v1,log_knowledge_joint,T1|T2,log-joint-floor-point0001,all-noncorrect-including-missing-zero,5,TRUE,,R/respondent_utilities.R; docs/poll-issues.md WTU-01-05; historical tx_wtu.R and 05_fix_data.R
wtu-1996,high_knowledge_joint@historical-v1,high_knowledge_joint,T1|T2,joint-greater-than-point6,all-noncorrect-including-missing-zero,5,TRUE,,R/respondent_utilities.R; docs/poll-issues.md WTU-01-05; historical tx_wtu.R and 05_fix_data.R
wtu-1996,attitude_extremity@historical-v1,attitude_extremity,T1,seven-index-extremity-before-later-export-changes,system plus CPL 99/999,available-indices-including-competition,FALSE,CPL full source; WTU/SWEPCO attendees; research unscaled for WTU/SWEPCO,R/respondent_utilities.R; docs/poll-issues.md WTU-01-05; historical tx_wtu.R and 05_fix_data.R
wtu-1996,political_interest_t1@historical-v1,political_interest_t1,none,historical-constant-missing,structurally-absent,not-applicable,FALSE,,R/respondent_utilities.R; docs/poll-issues.md WTU-01-05; historical tx_wtu.R and 05_fix_data.R
wtu-1996,read_briefing@historical-v1,read_briefing,none,historical-constant-missing,structurally-absent,not-applicable,FALSE,,R/respondent_utilities.R; docs/poll-issues.md WTU-01-05; historical tx_wtu.R and 05_fix_data.R
wtu-1996,knowledge_joint_midterm@historical-v1,knowledge_joint_midterm,none,historical-constant-missing,structurally-absent,not-applicable,FALSE,,R/respondent_utilities.R; docs/poll-issues.md WTU-01-05; historical tx_wtu.R and 05_fix_data.R
wtu-1996,knowledge_midterm@historical-v1,knowledge_midterm,none,historical-constant-missing,structurally-absent,not-applicable,FALSE,,R/respondent_utilities.R; docs/poll-issues.md WTU-01-05; historical tx_wtu.R and 05_fix_data.R
wtu-1996,knowledge_midterm_joint@historical-v1,knowledge_midterm_joint,none,historical-constant-missing,structurally-absent,not-applicable,FALSE,,R/respondent_utilities.R; docs/poll-issues.md WTU-01-05; historical tx_wtu.R and 05_fix_data.R
wtu-1996,attitude_extremity_midterm@historical-v1,attitude_extremity_midterm,none,historical-constant-missing,structurally-absent,not-applicable,FALSE,,R/respondent_utilities.R; docs/poll-issues.md WTU-01-05; historical tx_wtu.R and 05_fix_data.R
wtu-1996,household_income@historical-v1,household_income,none,historical-constant-missing,structurally-absent,not-applicable,FALSE,,R/respondent_utilities.R; docs/poll-issues.md WTU-01-05; historical tx_wtu.R and 05_fix_data.R
wtu-1996,high_income@historical-v1,high_income,none,historical-constant-missing,structurally-absent,not-applicable,FALSE,,R/respondent_utilities.R; docs/poll-issues.md WTU-01-05; historical tx_wtu.R and 05_fix_data.R
swepco-1996,research_t1@historical-v1,research_t1,T1,historical-swp-research-t1,missing filled as five before scaling or half after; available-component means,available-components-before-fixed-calibration,FALSE,PART == 1; fixed historical ranges in utility_attitudes,R/respondent_utilities.R; docs/poll-issues.md SWE-01-04; historical tx_swp.R and 05_fix_data.R
swepco-1996,conservation_t1@historical-v1,conservation_t1,T1,historical-swp-conservation-t1,missing filled as five before scaling or half after; available-component means,available-components-before-fixed-calibration,FALSE,PART == 1; fixed historical ranges in utility_attitudes,R/respondent_utilities.R; docs/poll-issues.md SWE-01-04; historical tx_swp.R and 05_fix_data.R
swepco-1996,low_income_support_t1@historical-v1,low_income_support_t1,T1,historical-swp-low_income_support-t1,missing filled as five before scaling or half after; available-component means,available-components-before-fixed-calibration,FALSE,PART == 1; fixed historical ranges in utility_attitudes,R/respondent_utilities.R; docs/poll-issues.md SWE-01-04; historical tx_swp.R and 05_fix_data.R
swepco-1996,renewables_t1@historical-v1,renewables_t1,T1,historical-swp-renewables-t1,missing filled as five before scaling or half after; available-component means,available-components-before-fixed-calibration,FALSE,PART == 1; fixed historical ranges in utility_attitudes,R/respondent_utilities.R; docs/poll-issues.md SWE-01-04; historical tx_swp.R and 05_fix_data.R
swepco-1996,fossil_fuels_t1@historical-v1,fossil_fuels_t1,T1,historical-swp-fossil_fuels-t1,missing filled as five before scaling or half after; available-component means,available-components-before-fixed-calibration,FALSE,PART == 1; fixed historical ranges in utility_attitudes,R/respondent_utilities.R; docs/poll-issues.md SWE-01-04; historical tx_swp.R and 05_fix_data.R
swepco-1996,imported_power_t1@historical-v1,imported_power_t1,T1,historical-swp-imported_power-t1,missing filled as five before scaling or half after; available-component means,available-components-before-fixed-calibration,FALSE,PART == 1; fixed historical ranges in utility_attitudes,R/respondent_utilities.R; docs/poll-issues.md SWE-01-04; historical tx_swp.R and 05_fix_data.R
swepco-1996,research_t2@historical-v1,research_t2,T2,historical-swp-research-t2,missing filled as five before scaling or half after; available-component means,available-components-before-fixed-calibration,TRUE,PART == 1; fixed historical ranges in utility_attitudes,R/respondent_utilities.R; docs/poll-issues.md SWE-01-04; historical tx_swp.R and 05_fix_data.R
swepco-1996,conservation_t2@historical-v1,conservation_t2,T2,historical-swp-conservation-t2,missing filled as five before scaling or half after; available-component means,available-components-before-fixed-calibration,TRUE,PART == 1; fixed historical ranges in utility_attitudes,R/respondent_utilities.R; docs/poll-issues.md SWE-01-04; historical tx_swp.R and 05_fix_data.R
swepco-1996,low_income_support_t2@historical-v1,low_income_support_t2,T2,historical-swp-low_income_support-t2,missing filled as five before scaling or half after; available-component means,available-components-before-fixed-calibration,TRUE,PART == 1; fixed historical ranges in utility_attitudes,R/respondent_utilities.R; docs/poll-issues.md SWE-01-04; historical tx_swp.R and 05_fix_data.R
swepco-1996,renewables_t2@historical-v1,renewables_t2,T2,historical-swp-renewables-t2,missing filled as five before scaling or half after; available-component means,available-components-before-fixed-calibration,TRUE,PART == 1; fixed historical ranges in utility_attitudes,R/respondent_utilities.R; docs/poll-issues.md SWE-01-04; historical tx_swp.R and 05_fix_data.R
swepco-1996,fossil_fuels_t2@historical-v1,fossil_fuels_t2,T2,historical-swp-fossil_fuels-t2,missing filled as five before scaling or half after; available-component means,available-components-before-fixed-calibration,TRUE,PART == 1; fixed historical ranges in utility_attitudes,R/respondent_utilities.R; docs/poll-issues.md SWE-01-04; historical tx_swp.R and 05_fix_data.R
swepco-1996,imported_power_t2@historical-v1,imported_power_t2,T2,historical-swp-imported_power-t2,missing filled as five before scaling or half after; available-component means,available-components-before-fixed-calibration,TRUE,PART == 1; fixed historical ranges in utility_attitudes,R/respondent_utilities.R; docs/poll-issues.md SWE-01-04; historical tx_swp.R and 05_fix_data.R
swepco-1996,female@historical-v1,female,T1,gender-equals-two,system plus CPL 99/999,not-applicable,FALSE,,R/respondent_utilities.R; docs/poll-issues.md SWE-01-04; historical tx_swp.R and 05_fix_data.R
swepco-1996,minority@historical-v1,minority,T1,race-not-four,system plus CPL 99/999,not-applicable,FALSE,,R/respondent_utilities.R; docs/poll-issues.md SWE-01-04; historical tx_swp.R and 05_fix_data.R
swepco-1996,age@historical-v1,age,T1,raw-age-missing-sentinels-removed,system plus CPL 99/999,not-applicable,FALSE,,R/respondent_utilities.R; docs/poll-issues.md SWE-01-04; historical tx_swp.R and 05_fix_data.R
swepco-1996,education_four@historical-v1,education_four,T1,six-categories-to-zero-zero-point33-point66-one-one,system plus CPL 99/999,not-applicable,FALSE,,R/respondent_utilities.R; docs/poll-issues.md SWE-01-04; historical tx_swp.R and 05_fix_data.R
swepco-1996,education_three@historical-v1,education_three,T1,six-categories-to-three-levels,system plus CPL 99/999,not-applicable,FALSE,,R/respondent_utilities.R; docs/poll-issues.md SWE-01-04; historical tx_swp.R and 05_fix_data.R
swepco-1996,higher_education@historical-v1,higher_education,T1,historical-education-at-least-point66,system plus CPL 99/999,not-applicable,FALSE,,R/respondent_utilities.R; docs/poll-issues.md SWE-01-04; historical tx_swp.R and 05_fix_data.R
swepco-1996,knowledge_t1@historical-v1,knowledge_t1,T1,correct-key,all-noncorrect-including-missing-zero,5,FALSE,,R/respondent_utilities.R; docs/poll-issues.md SWE-01-04; historical tx_swp.R and 05_fix_data.R
swepco-1996,knowledge_t2@historical-v1,knowledge_t2,T2,correct-key,all-noncorrect-including-missing-zero,5,TRUE,,R/respondent_utilities.R; docs/poll-issues.md SWE-01-04; historical tx_swp.R and 05_fix_data.R
swepco-1996,knowledge_joint@historical-v1,knowledge_joint,T1|T2,joint-correct,all-noncorrect-including-missing-zero,5,TRUE,,R/respondent_utilities.R; docs/poll-issues.md SWE-01-04; historical tx_swp.R and 05_fix_data.R
swepco-1996,knowledge_gain@historical-v1,knowledge_gain,T1|T2,post-minus-baseline,all-noncorrect-including-missing-zero,5,TRUE,,R/respondent_utilities.R; docs/poll-issues.md SWE-01-04; historical tx_swp.R and 05_fix_data.R
swepco-1996,knowledge_gain_joint@historical-v1,knowledge_gain_joint,T1|T2,post-minus-joint,all-noncorrect-including-missing-zero,5,TRUE,,R/respondent_utilities.R; docs/poll-issues.md SWE-01-04; historical tx_swp.R and 05_fix_data.R
swepco-1996,log_knowledge_joint@historical-v1,log_knowledge_joint,T1|T2,log-joint-floor-point0001,all-noncorrect-including-missing-zero,5,TRUE,,R/respondent_utilities.R; docs/poll-issues.md SWE-01-04; historical tx_swp.R and 05_fix_data.R
swepco-1996,high_knowledge_joint@historical-v1,high_knowledge_joint,T1|T2,joint-greater-than-point6,all-noncorrect-including-missing-zero,5,TRUE,,R/respondent_utilities.R; docs/poll-issues.md SWE-01-04; historical tx_swp.R and 05_fix_data.R
swepco-1996,attitude_extremity@historical-v1,attitude_extremity,T1,seven-index-extremity-before-later-export-changes,system plus CPL 99/999,available-indices-including-competition,FALSE,CPL full source; WTU/SWEPCO attendees; research unscaled for WTU/SWEPCO,R/respondent_utilities.R; docs/poll-issues.md SWE-01-04; historical tx_swp.R and 05_fix_data.R
swepco-1996,political_interest_t1@historical-v1,political_interest_t1,none,historical-constant-missing,structurally-absent,not-applicable,FALSE,,R/respondent_utilities.R; docs/poll-issues.md SWE-01-04; historical tx_swp.R and 05_fix_data.R
swepco-1996,read_briefing@historical-v1,read_briefing,none,historical-constant-missing,structurally-absent,not-applicable,FALSE,,R/respondent_utilities.R; docs/poll-issues.md SWE-01-04; historical tx_swp.R and 05_fix_data.R
swepco-1996,knowledge_joint_midterm@historical-v1,knowledge_joint_midterm,none,historical-constant-missing,structurally-absent,not-applicable,FALSE,,R/respondent_utilities.R; docs/poll-issues.md SWE-01-04; historical tx_swp.R and 05_fix_data.R
swepco-1996,knowledge_midterm@historical-v1,knowledge_midterm,none,historical-constant-missing,structurally-absent,not-applicable,FALSE,,R/respondent_utilities.R; docs/poll-issues.md SWE-01-04; historical tx_swp.R and 05_fix_data.R
swepco-1996,knowledge_midterm_joint@historical-v1,knowledge_midterm_joint,none,historical-constant-missing,structurally-absent,not-applicable,FALSE,,R/respondent_utilities.R; docs/poll-issues.md SWE-01-04; historical tx_swp.R and 05_fix_data.R
swepco-1996,attitude_extremity_midterm@historical-v1,attitude_extremity_midterm,none,historical-constant-missing,structurally-absent,not-applicable,FALSE,,R/respondent_utilities.R; docs/poll-issues.md SWE-01-04; historical tx_swp.R and 05_fix_data.R
swepco-1996,household_income@historical-v1,household_income,none,historical-constant-missing,structurally-absent,not-applicable,FALSE,,R/respondent_utilities.R; docs/poll-issues.md SWE-01-04; historical tx_swp.R and 05_fix_data.R
swepco-1996,high_income@historical-v1,high_income,none,historical-constant-missing,structurally-absent,not-applicable,FALSE,,R/respondent_utilities.R; docs/poll-issues.md SWE-01-04; historical tx_swp.R and 05_fix_data.R
uk-crime-1994,root_causes_t1@historical-v1,root_causes_t1,T1,available-mean-five-point-items-explicit-direction,system-missing,available-components,FALSE,,R/respondent_crime.R; docs/poll-issues.md UKC-01-03
uk-crime-1994,policing_t1@historical-v1,policing_t1,T1,available-mean-five-point-items-explicit-direction,system-missing,available-components,FALSE,,R/respondent_crime.R; docs/poll-issues.md UKC-01-03
uk-crime-1994,punishment_t1@historical-v1,punishment_t1,T1,available-mean-five-point-items-explicit-direction,system-missing,available-components,FALSE,,R/respondent_crime.R; docs/poll-issues.md UKC-01-03
uk-crime-1994,procedural_restrictions_t1@historical-v1,procedural_restrictions_t1,T1,available-mean-five-point-items-explicit-direction,system-missing,available-components,FALSE,,R/respondent_crime.R; docs/poll-issues.md UKC-01-03
uk-crime-1994,self_protection_t1@historical-v1,self_protection_t1,T1,available-mean-five-point-items-explicit-direction,system-missing,available-components,FALSE,,R/respondent_crime.R; docs/poll-issues.md UKC-01-03
uk-crime-1994,root_causes_t2@historical-v1,root_causes_t2,T1|T2,available-mean-five-point-items-explicit-direction-baseline-policing-reuse,system-missing,available-components,TRUE,,R/respondent_crime.R; docs/poll-issues.md UKC-01-03
uk-crime-1994,policing_t2@historical-v1,policing_t2,T2,available-mean-five-point-items-explicit-direction,system-missing,available-components,TRUE,,R/respondent_crime.R; docs/poll-issues.md UKC-01-03
uk-crime-1994,punishment_t2@historical-v1,punishment_t2,T2,available-mean-five-point-items-explicit-direction,system-missing,available-components,TRUE,,R/respondent_crime.R; docs/poll-issues.md UKC-01-03
uk-crime-1994,procedural_restrictions_t2@historical-v1,procedural_restrictions_t2,T2,available-mean-five-point-items-explicit-direction,system-missing,available-components,TRUE,,R/respondent_crime.R; docs/poll-issues.md UKC-01-03
uk-crime-1994,self_protection_t2@historical-v1,self_protection_t2,T2,available-mean-five-point-items-explicit-direction,system-missing,available-components,TRUE,,R/respondent_crime.R; docs/poll-issues.md UKC-01-03
uk-crime-1994,female@historical-v1,female,T1,sex-zero,system-missing,not-applicable,FALSE,,R/respondent_crime.R; docs/poll-issues.md UKC-01-03
uk-crime-1994,minority@historical-v1,minority,T1,source-binary,system-missing,not-applicable,FALSE,,R/respondent_crime.R; docs/poll-issues.md UKC-01-03
uk-crime-1994,age@historical-v1,age,T1,source-age-years,system-missing,not-applicable,FALSE,,R/respondent_crime.R; docs/poll-issues.md UKC-01-03
uk-crime-1994,education_four@historical-v1,education_four,T1,seven-to-four-education,system-missing,not-applicable,FALSE,,R/respondent_crime.R; docs/poll-issues.md UKC-01-03
uk-crime-1994,education_three@historical-v1,education_three,T1,seven-to-four-education-middle-to-half,system-missing,not-applicable,FALSE,,R/respondent_crime.R; docs/poll-issues.md UKC-01-03
uk-crime-1994,higher_education@historical-v1,higher_education,T1,seven-to-four-education-at-least-point66,system-missing,not-applicable,FALSE,,R/respondent_crime.R; docs/poll-issues.md UKC-01-03
uk-crime-1994,knowledge_t1@historical-v1,knowledge_t1,T1,seven-item-fixed-denominator-knowledge_t1,all-noncorrect-including-missing-zero,7,FALSE,,R/respondent_crime.R; docs/poll-issues.md UKC-01-03
uk-crime-1994,knowledge_t2@historical-v1,knowledge_t2,T2,seven-item-fixed-denominator-knowledge_t2,all-noncorrect-including-missing-zero,7,TRUE,,R/respondent_crime.R; docs/poll-issues.md UKC-01-03
uk-crime-1994,knowledge_joint@historical-v1,knowledge_joint,T1|T2,seven-item-fixed-denominator-knowledge_joint,all-noncorrect-including-missing-zero,7,TRUE,,R/respondent_crime.R; docs/poll-issues.md UKC-01-03
uk-crime-1994,knowledge_gain@historical-v1,knowledge_gain,T1|T2,seven-item-fixed-denominator-knowledge_gain,all-noncorrect-including-missing-zero,7,TRUE,,R/respondent_crime.R; docs/poll-issues.md UKC-01-03
uk-crime-1994,knowledge_gain_joint@historical-v1,knowledge_gain_joint,T1|T2,seven-item-fixed-denominator-knowledge_gain_joint,all-noncorrect-including-missing-zero,7,TRUE,,R/respondent_crime.R; docs/poll-issues.md UKC-01-03
uk-crime-1994,log_knowledge_joint@historical-v1,log_knowledge_joint,T1|T2,seven-item-fixed-denominator-log_knowledge_joint,all-noncorrect-including-missing-zero,7,TRUE,,R/respondent_crime.R; docs/poll-issues.md UKC-01-03
uk-crime-1994,high_knowledge_joint@historical-v1,high_knowledge_joint,T1|T2,seven-item-fixed-denominator-high_knowledge_joint,all-noncorrect-including-missing-zero,7,TRUE,,R/respondent_crime.R; docs/poll-issues.md UKC-01-03
uk-crime-1994,attitude_extremity@historical-v1,attitude_extremity,T1,available-mean-absolute-distance-from-half,system-missing,available-indices,FALSE,,R/respondent_crime.R; docs/poll-issues.md UKC-01-03
uk-crime-1994,household_income@historical-v1,household_income,none,historical-constant-missing,structurally-absent,not-applicable,FALSE,,R/respondent_crime.R; docs/poll-issues.md UKC-01-03
uk-crime-1994,high_income@historical-v1,high_income,none,historical-constant-missing,structurally-absent,not-applicable,FALSE,,R/respondent_crime.R; docs/poll-issues.md UKC-01-03
uk-crime-1994,political_interest_t1@historical-v1,political_interest_t1,none,historical-constant-missing,structurally-absent,not-applicable,FALSE,,R/respondent_crime.R; docs/poll-issues.md UKC-01-03
uk-crime-1994,read_briefing@historical-v1,read_briefing,none,historical-constant-missing,structurally-absent,not-applicable,FALSE,,R/respondent_crime.R; docs/poll-issues.md UKC-01-03
uk-crime-1994,knowledge_joint_midterm@historical-v1,knowledge_joint_midterm,none,historical-constant-missing,structurally-absent,not-applicable,FALSE,,R/respondent_crime.R; docs/poll-issues.md UKC-01-03
uk-crime-1994,knowledge_midterm@historical-v1,knowledge_midterm,none,historical-constant-missing,structurally-absent,not-applicable,FALSE,,R/respondent_crime.R; docs/poll-issues.md UKC-01-03
uk-crime-1994,knowledge_midterm_joint@historical-v1,knowledge_midterm_joint,none,historical-constant-missing,structurally-absent,not-applicable,FALSE,,R/respondent_crime.R; docs/poll-issues.md UKC-01-03
uk-crime-1994,attitude_extremity_midterm@historical-v1,attitude_extremity_midterm,none,historical-constant-missing,structurally-absent,not-applicable,FALSE,,R/respondent_crime.R; docs/poll-issues.md UKC-01-03
uk-crime-1994,knowledge_issue_t1@historical-v1,knowledge_issue_t1,none,historical-constant-missing,absent-from-historical-export,not-applicable,FALSE,,R/respondent_crime.R; docs/poll-issues.md UKC-01-03
uk-crime-1994,knowledge_issue_t2@historical-v1,knowledge_issue_t2,none,historical-constant-missing,absent-from-historical-export,not-applicable,FALSE,,R/respondent_crime.R; docs/poll-issues.md UKC-01-03
uk-crime-1994,knowledge_issue_joint@historical-v1,knowledge_issue_joint,none,historical-constant-missing,absent-from-historical-export,not-applicable,FALSE,,R/respondent_crime.R; docs/poll-issues.md UKC-01-03
uk-crime-1994,knowledge_issue_gain@historical-v1,knowledge_issue_gain,none,historical-constant-missing,absent-from-historical-export,not-applicable,FALSE,,R/respondent_crime.R; docs/poll-issues.md UKC-01-03
uk-crime-1994,knowledge_issue_gain_joint@historical-v1,knowledge_issue_gain_joint,none,historical-constant-missing,absent-from-historical-export,not-applicable,FALSE,,R/respondent_crime.R; docs/poll-issues.md UKC-01-03
nic-1996,read_briefing@historical-v1,read_briefing,T2,five-categories-to-zero-point33-point33-point66-one,system and documented non-substantive codes,not-applicable,TRUE,,R/respondent_nic.R; data/nic-1996/codebook.txt; historical-cdd-scripts:legacy/poll_scripts/nic1.R; docs/poll-issues.md NIC-02-04
nic-1996,knowledge_t1@historical-v1,knowledge_t1,T1,eleven-item-codebook-key-knowledge_t1,all-noncorrect-including-missing-zero,11,FALSE,,R/respondent_nic.R; data/nic-1996/codebook.txt; historical-cdd-scripts:legacy/poll_scripts/nic1.R; docs/poll-issues.md NIC-02-04
nic-1996,knowledge_joint@historical-v1,knowledge_joint,T1|T3,eleven-item-codebook-key-knowledge_joint,all-noncorrect-including-missing-zero,11,TRUE,,R/respondent_nic.R; data/nic-1996/codebook.txt; historical-cdd-scripts:legacy/poll_scripts/nic1.R; docs/poll-issues.md NIC-02-04
nic-1996,knowledge_t2@historical-v1,knowledge_t2,T3,eleven-item-codebook-key-knowledge_t2,all-noncorrect-including-missing-zero,11,TRUE,,R/respondent_nic.R; data/nic-1996/codebook.txt; historical-cdd-scripts:legacy/poll_scripts/nic1.R; docs/poll-issues.md NIC-02-04
nic-1996,age@historical-v1,age,T1,1996-minus-two-digit-birth-year-preserved,system and documented non-substantive codes,not-applicable,FALSE,,R/respondent_nic.R; data/nic-1996/codebook.txt; historical-cdd-scripts:legacy/poll_scripts/nic1.R; docs/poll-issues.md NIC-02-04
nic-1996,education_four@historical-v1,education_four,T1,thirteen-education-codes-to-four-levels,system and documented non-substantive codes,not-applicable,FALSE,,R/respondent_nic.R; data/nic-1996/codebook.txt; historical-cdd-scripts:legacy/poll_scripts/nic1.R; docs/poll-issues.md NIC-02-04
nic-1996,minority@historical-v1,minority,T1,race-not-one,system and documented non-substantive codes,not-applicable,FALSE,,R/respondent_nic.R; data/nic-1996/codebook.txt; historical-cdd-scripts:legacy/poll_scripts/nic1.R; docs/poll-issues.md NIC-02-04
nic-1996,household_income@historical-v1,household_income,none,historical-constant-missing,structurally-absent,not-applicable,FALSE,,R/respondent_nic.R; data/nic-1996/codebook.txt; historical-cdd-scripts:legacy/poll_scripts/nic1.R; docs/poll-issues.md NIC-02-04
nic-1996,female@historical-v1,female,T1,sex-equals-two,system and documented non-substantive codes,not-applicable,FALSE,,R/respondent_nic.R; data/nic-1996/codebook.txt; historical-cdd-scripts:legacy/poll_scripts/nic1.R; docs/poll-issues.md NIC-02-04
nic-1996,attitude_extremity@historical-v1,attitude_extremity,T1,mean-absolute-distance-from-half,missing-and-non-substantive-midpoint,9,FALSE,,R/respondent_nic.R; data/nic-1996/codebook.txt; historical-cdd-scripts:legacy/poll_scripts/nic1.R; docs/poll-issues.md NIC-02-04
nic-1996,high_income@historical-v1,high_income,none,historical-constant-missing,structurally-absent,not-applicable,FALSE,,R/respondent_nic.R; data/nic-1996/codebook.txt; historical-cdd-scripts:legacy/poll_scripts/nic1.R; docs/poll-issues.md NIC-02-04
nic-1996,political_interest_t1@historical-v1,political_interest_t1,T1,four-categories-zero-one,system and documented non-substantive codes,not-applicable,FALSE,,R/respondent_nic.R; data/nic-1996/codebook.txt; historical-cdd-scripts:legacy/poll_scripts/nic1.R; docs/poll-issues.md NIC-02-04
nic-1996,knowledge_joint_midterm@historical-v1,knowledge_joint_midterm,T1|T2|T3,eleven-item-codebook-key-knowledge_joint_midterm,all-noncorrect-including-missing-zero,11,TRUE,,R/respondent_nic.R; data/nic-1996/codebook.txt; historical-cdd-scripts:legacy/poll_scripts/nic1.R; docs/poll-issues.md NIC-02-04
nic-1996,knowledge_midterm@historical-v1,knowledge_midterm,T2,eleven-item-codebook-key-knowledge_midterm,all-noncorrect-including-missing-zero,11,TRUE,,R/respondent_nic.R; data/nic-1996/codebook.txt; historical-cdd-scripts:legacy/poll_scripts/nic1.R; docs/poll-issues.md NIC-02-04
nic-1996,knowledge_midterm_joint@historical-v1,knowledge_midterm_joint,T2|T3,eleven-item-codebook-key-knowledge_midterm_joint,all-noncorrect-including-missing-zero,11,TRUE,,R/respondent_nic.R; data/nic-1996/codebook.txt; historical-cdd-scripts:legacy/poll_scripts/nic1.R; docs/poll-issues.md NIC-02-04
nic-1996,attitude_extremity_midterm@historical-v1,attitude_extremity_midterm,T1|T2,mean-absolute-distance-from-half-mixed-arrival-baseline,missing-and-non-substantive-midpoint,9,TRUE,,R/respondent_nic.R; data/nic-1996/codebook.txt; historical-cdd-scripts:legacy/poll_scripts/nic1.R; docs/poll-issues.md NIC-02-04
nic-1996,knowledge_gain@historical-v1,knowledge_gain,T1|T3,eleven-item-codebook-key-knowledge_gain,all-noncorrect-including-missing-zero,11,TRUE,,R/respondent_nic.R; data/nic-1996/codebook.txt; historical-cdd-scripts:legacy/poll_scripts/nic1.R; docs/poll-issues.md NIC-02-04
nic-1996,knowledge_gain_joint@historical-v1,knowledge_gain_joint,T1|T3,eleven-item-codebook-key-knowledge_gain_joint,all-noncorrect-including-missing-zero,11,TRUE,,R/respondent_nic.R; data/nic-1996/codebook.txt; historical-cdd-scripts:legacy/poll_scripts/nic1.R; docs/poll-issues.md NIC-02-04
nic-1996,log_knowledge_joint@historical-v1,log_knowledge_joint,T1|T3,eleven-item-codebook-key-log_knowledge_joint,all-noncorrect-including-missing-zero,11,TRUE,,R/respondent_nic.R; data/nic-1996/codebook.txt; historical-cdd-scripts:legacy/poll_scripts/nic1.R; docs/poll-issues.md NIC-02-04
nic-1996,high_knowledge_joint@historical-v1,high_knowledge_joint,T1|T3,eleven-item-codebook-key-high_knowledge_joint,all-noncorrect-including-missing-zero,11,TRUE,,R/respondent_nic.R; data/nic-1996/codebook.txt; historical-cdd-scripts:legacy/poll_scripts/nic1.R; docs/poll-issues.md NIC-02-04
nic-1996,education_three@historical-v1,education_three,T1,four-level-education-middle-to-half,system and documented non-substantive codes,not-applicable,FALSE,,R/respondent_nic.R; data/nic-1996/codebook.txt; historical-cdd-scripts:legacy/poll_scripts/nic1.R; docs/poll-issues.md NIC-02-04
nic-1996,environment_t1@historical-v1,environment_t1,T1,three-category-zero-one,missing-and-non-substantive-midpoint,one-item,FALSE,,R/respondent_nic.R; data/nic-1996/codebook.txt; historical-cdd-scripts:legacy/poll_scripts/nic1.R; docs/poll-issues.md NIC-02-04
nic-1996,medicare_t1@historical-v1,medicare_t1,T1,three-category-zero-one,missing-and-non-substantive-midpoint,one-item,FALSE,,R/respondent_nic.R; data/nic-1996/codebook.txt; historical-cdd-scripts:legacy/poll_scripts/nic1.R; docs/poll-issues.md NIC-02-04
nic-1996,law_t1@historical-v1,law_t1,T1,three-category-zero-one,missing-and-non-substantive-midpoint,one-item,FALSE,,R/respondent_nic.R; data/nic-1996/codebook.txt; historical-cdd-scripts:legacy/poll_scripts/nic1.R; docs/poll-issues.md NIC-02-04
nic-1996,drugs_t1@historical-v1,drugs_t1,T1,three-category-zero-one,missing-and-non-substantive-midpoint,one-item,FALSE,,R/respondent_nic.R; data/nic-1996/codebook.txt; historical-cdd-scripts:legacy/poll_scripts/nic1.R; docs/poll-issues.md NIC-02-04
nic-1996,education_t1@historical-v1,education_t1,T1,three-category-zero-one,missing-and-non-substantive-midpoint,one-item,FALSE,,R/respondent_nic.R; data/nic-1996/codebook.txt; historical-cdd-scripts:legacy/poll_scripts/nic1.R; docs/poll-issues.md NIC-02-04
nic-1996,defense_t1@historical-v1,defense_t1,T1,three-category-zero-one,missing-and-non-substantive-midpoint,one-item,FALSE,,R/respondent_nic.R; data/nic-1996/codebook.txt; historical-cdd-scripts:legacy/poll_scripts/nic1.R; docs/poll-issues.md NIC-02-04
nic-1996,foreign_aid_t1@historical-v1,foreign_aid_t1,T1,three-category-zero-one,missing-and-non-substantive-midpoint,one-item,FALSE,,R/respondent_nic.R; data/nic-1996/codebook.txt; historical-cdd-scripts:legacy/poll_scripts/nic1.R; docs/poll-issues.md NIC-02-04
nic-1996,welfare_t1@historical-v1,welfare_t1,T1,three-category-zero-one,missing-and-non-substantive-midpoint,one-item,FALSE,,R/respondent_nic.R; data/nic-1996/codebook.txt; historical-cdd-scripts:legacy/poll_scripts/nic1.R; docs/poll-issues.md NIC-02-04
nic-1996,social_security_t1@historical-v1,social_security_t1,T1,three-category-zero-one,missing-and-non-substantive-midpoint,one-item,FALSE,,R/respondent_nic.R; data/nic-1996/codebook.txt; historical-cdd-scripts:legacy/poll_scripts/nic1.R; docs/poll-issues.md NIC-02-04
nic-1996,environment_t2@historical-v1,environment_t2,T3,three-category-zero-one,missing-and-non-substantive-midpoint,one-item,TRUE,,R/respondent_nic.R; data/nic-1996/codebook.txt; historical-cdd-scripts:legacy/poll_scripts/nic1.R; docs/poll-issues.md NIC-02-04
nic-1996,medicare_t2@historical-v1,medicare_t2,T3,three-category-zero-one,missing-and-non-substantive-midpoint,one-item,TRUE,,R/respondent_nic.R; data/nic-1996/codebook.txt; historical-cdd-scripts:legacy/poll_scripts/nic1.R; docs/poll-issues.md NIC-02-04
nic-1996,law_t2@historical-v1,law_t2,T3,three-category-zero-one,missing-and-non-substantive-midpoint,one-item,TRUE,,R/respondent_nic.R; data/nic-1996/codebook.txt; historical-cdd-scripts:legacy/poll_scripts/nic1.R; docs/poll-issues.md NIC-02-04
nic-1996,drugs_t2@historical-v1,drugs_t2,T3,three-category-zero-one,missing-and-non-substantive-midpoint,one-item,TRUE,,R/respondent_nic.R; data/nic-1996/codebook.txt; historical-cdd-scripts:legacy/poll_scripts/nic1.R; docs/poll-issues.md NIC-02-04
nic-1996,education_t2@historical-v1,education_t2,T3,three-category-zero-one,missing-and-non-substantive-midpoint,one-item,TRUE,,R/respondent_nic.R; data/nic-1996/codebook.txt; historical-cdd-scripts:legacy/poll_scripts/nic1.R; docs/poll-issues.md NIC-02-04
nic-1996,defense_t2@historical-v1,defense_t2,T3,three-category-zero-one,missing-and-non-substantive-midpoint,one-item,TRUE,,R/respondent_nic.R; data/nic-1996/codebook.txt; historical-cdd-scripts:legacy/poll_scripts/nic1.R; docs/poll-issues.md NIC-02-04
nic-1996,foreign_aid_t2@historical-v1,foreign_aid_t2,T3,three-category-zero-one,missing-and-non-substantive-midpoint,one-item,TRUE,,R/respondent_nic.R; data/nic-1996/codebook.txt; historical-cdd-scripts:legacy/poll_scripts/nic1.R; docs/poll-issues.md NIC-02-04
nic-1996,welfare_t2@historical-v1,welfare_t2,T3,three-category-zero-one,missing-and-non-substantive-midpoint,one-item,TRUE,,R/respondent_nic.R; data/nic-1996/codebook.txt; historical-cdd-scripts:legacy/poll_scripts/nic1.R; docs/poll-issues.md NIC-02-04
nic-1996,social_security_t2@historical-v1,social_security_t2,T3,three-category-zero-one,missing-and-non-substantive-midpoint,one-item,TRUE,,R/respondent_nic.R; data/nic-1996/codebook.txt; historical-cdd-scripts:legacy/poll_scripts/nic1.R; docs/poll-issues.md NIC-02-04
nic-1996,higher_education@historical-v1,higher_education,T1,education-at-least-point66,system and documented non-substantive codes,not-applicable,FALSE,,R/respondent_nic.R; data/nic-1996/codebook.txt; historical-cdd-scripts:legacy/poll_scripts/nic1.R; docs/poll-issues.md NIC-02-04
