legacy_field,layer,alias_of,evidence
X,export-artifact,,vault/cdd/merge_data_scripts/03_data.R; 04_kyu.R; 05_fix_data.R; 06_add_more_vars.R
pollid,identifier,,vault/cdd/merge_data_scripts/03_data.R; 04_kyu.R; 05_fix_data.R; 06_add_more_vars.R
caseid,identifier,,vault/cdd/merge_data_scripts/03_data.R; 04_kyu.R; 05_fix_data.R; 06_add_more_vars.R
country,poll-metadata,,vault/cdd/merge_data_scripts/03_data.R; 04_kyu.R; 05_fix_data.R; 06_add_more_vars.R
mode,poll-metadata,,vault/cdd/merge_data_scripts/03_data.R; 04_kyu.R; 05_fix_data.R; 06_add_more_vars.R
t1knowlevel,poll-derived,,vault/cdd/merge_data_scripts/03_data.R; 04_kyu.R; 05_fix_data.R; 06_add_more_vars.R
numitems,poll-metadata,,vault/cdd/merge_data_scripts/03_data.R; 04_kyu.R; 05_fix_data.R; 06_add_more_vars.R
pollgroup,identifier,,vault/cdd/merge_data_scripts/03_data.R; 04_kyu.R; 05_fix_data.R; 06_add_more_vars.R
groupsize,group-derived,,vault/cdd/merge_data_scripts/03_data.R; 04_kyu.R; 05_fix_data.R; 06_add_more_vars.R
avgsd,group-derived,,vault/cdd/merge_data_scripts/03_data.R; 04_kyu.R; 05_fix_data.R; 06_add_more_vars.R
numindices,poll-metadata,,vault/cdd/merge_data_scripts/03_data.R; 04_kyu.R; 05_fix_data.R; 06_add_more_vars.R
genvar,group-derived,,vault/cdd/merge_data_scripts/03_data.R; 04_kyu.R; 05_fix_data.R; 06_add_more_vars.R
readbrief,respondent,,vault/cdd/merge_data_scripts/03_data.R; 04_kyu.R; 05_fix_data.R; 06_add_more_vars.R
t1know,respondent,,vault/cdd/merge_data_scripts/03_data.R; 04_kyu.R; 05_fix_data.R; 06_add_more_vars.R
t1knowr,respondent,t1know,vault/cdd/merge_data_scripts/03_data.R; 04_kyu.R; 05_fix_data.R; 06_add_more_vars.R; conditional alias: excludes Australia Republic and UK Crime; consult poll-specific targets
t1knowcor,respondent,,vault/cdd/merge_data_scripts/03_data.R; 04_kyu.R; 05_fix_data.R; 06_add_more_vars.R
grpgain,group-derived,,vault/cdd/merge_data_scripts/03_data.R; 04_kyu.R; 05_fix_data.R; 06_add_more_vars.R
t2know,respondent,,vault/cdd/merge_data_scripts/03_data.R; 04_kyu.R; 05_fix_data.R; 06_add_more_vars.R
ppage,respondent,,vault/cdd/merge_data_scripts/03_data.R; 04_kyu.R; 05_fix_data.R; 06_add_more_vars.R
educ4,respondent,,vault/cdd/merge_data_scripts/03_data.R; 04_kyu.R; 05_fix_data.R; 06_add_more_vars.R
minority,respondent,,vault/cdd/merge_data_scripts/03_data.R; 04_kyu.R; 05_fix_data.R; 06_add_more_vars.R
hhincome,respondent,,vault/cdd/merge_data_scripts/03_data.R; 04_kyu.R; 05_fix_data.R; 06_add_more_vars.R
female,respondent,,vault/cdd/merge_data_scripts/03_data.R; 04_kyu.R; 05_fix_data.R; 06_add_more_vars.R
attextreme,respondent,,vault/cdd/merge_data_scripts/03_data.R; 04_kyu.R; 05_fix_data.R; 06_add_more_vars.R
highinc,respondent,,vault/cdd/merge_data_scripts/03_data.R; 04_kyu.R; 05_fix_data.R; 06_add_more_vars.R
t1polint,respondent,,vault/cdd/merge_data_scripts/03_data.R; 04_kyu.R; 05_fix_data.R; 06_add_more_vars.R
avgsd2,group-derived,,vault/cdd/merge_data_scripts/03_data.R; 04_kyu.R; 05_fix_data.R; 06_add_more_vars.R
grpgain2,group-derived,,vault/cdd/merge_data_scripts/03_data.R; 04_kyu.R; 05_fix_data.R; 06_add_more_vars.R
t1knowcor2,respondent,,vault/cdd/merge_data_scripts/03_data.R; 04_kyu.R; 05_fix_data.R; 06_add_more_vars.R
t12know,respondent,,vault/cdd/merge_data_scripts/03_data.R; 04_kyu.R; 05_fix_data.R; 06_add_more_vars.R
t12knowcor,respondent,,vault/cdd/merge_data_scripts/03_data.R; 04_kyu.R; 05_fix_data.R; 06_add_more_vars.R
attextreme2,respondent,,vault/cdd/merge_data_scripts/03_data.R; 04_kyu.R; 05_fix_data.R; 06_add_more_vars.R
length,poll-metadata,,vault/cdd/merge_data_scripts/03_data.R; 04_kyu.R; 05_fix_data.R; 06_add_more_vars.R
timebtw,poll-metadata,,vault/cdd/merge_data_scripts/03_data.R; 04_kyu.R; 05_fix_data.R; 06_add_more_vars.R
grpgainr,group-derived,,vault/cdd/merge_data_scripts/03_data.R; 04_kyu.R; 05_fix_data.R; 06_add_more_vars.R
t1knowrcor,respondent,t1knowcor,vault/cdd/merge_data_scripts/03_data.R; 04_kyu.R; 05_fix_data.R; 06_add_more_vars.R; conditional alias: excludes Australia Republic and UK Crime; consult poll-specific targets
t2knowr,respondent,t2know,vault/cdd/merge_data_scripts/03_data.R; 04_kyu.R; 05_fix_data.R; 06_add_more_vars.R; conditional alias: excludes Australia Republic and UK Crime; consult poll-specific targets
pollname,poll-metadata,,vault/cdd/merge_data_scripts/03_data.R; 04_kyu.R; 05_fix_data.R; 06_add_more_vars.R
numissues,poll-metadata,,vault/cdd/merge_data_scripts/03_data.R; 04_kyu.R; 05_fix_data.R; 06_add_more_vars.R
pfemale,group-derived,,vault/cdd/merge_data_scripts/03_data.R; 04_kyu.R; 05_fix_data.R; 06_add_more_vars.R
pminority,group-derived,,vault/cdd/merge_data_scripts/03_data.R; 04_kyu.R; 05_fix_data.R; 06_add_more_vars.R
varfemale,group-derived,,vault/cdd/merge_data_scripts/03_data.R; 04_kyu.R; 05_fix_data.R; 06_add_more_vars.R
sdfemale,group-derived,,vault/cdd/merge_data_scripts/03_data.R; 04_kyu.R; 05_fix_data.R; 06_add_more_vars.R
vareduc,group-derived,,vault/cdd/merge_data_scripts/03_data.R; 04_kyu.R; 05_fix_data.R; 06_add_more_vars.R
sdeduc,group-derived,,vault/cdd/merge_data_scripts/03_data.R; 04_kyu.R; 05_fix_data.R; 06_add_more_vars.R
meaned,group-derived,,vault/cdd/merge_data_scripts/03_data.R; 04_kyu.R; 05_fix_data.R; 06_add_more_vars.R
meanage,group-derived,,vault/cdd/merge_data_scripts/03_data.R; 04_kyu.R; 05_fix_data.R; 06_add_more_vars.R
phighinc,group-derived,,vault/cdd/merge_data_scripts/03_data.R; 04_kyu.R; 05_fix_data.R; 06_add_more_vars.R
meanxtreme,group-derived,,vault/cdd/merge_data_scripts/03_data.R; 04_kyu.R; 05_fix_data.R; 06_add_more_vars.R
pfemale_ind,group-derived,,vault/cdd/merge_data_scripts/03_data.R; 04_kyu.R; 05_fix_data.R; 06_add_more_vars.R
entropy,group-derived,,vault/cdd/merge_data_scripts/03_data.R; 04_kyu.R; 05_fix_data.R; 06_add_more_vars.R
meant1know,group-derived,,vault/cdd/merge_data_scripts/03_data.R; 04_kyu.R; 05_fix_data.R; 06_add_more_vars.R
meant1knowcor,group-derived,,vault/cdd/merge_data_scripts/03_data.R; 04_kyu.R; 05_fix_data.R; 06_add_more_vars.R
t1knowlevelcor,poll-derived,,vault/cdd/merge_data_scripts/03_data.R; 04_kyu.R; 05_fix_data.R; 06_add_more_vars.R
meant1know_ind,group-derived,,vault/cdd/merge_data_scripts/03_data.R; 04_kyu.R; 05_fix_data.R; 06_add_more_vars.R
meant1knowcor_ind,group-derived,,vault/cdd/merge_data_scripts/03_data.R; 04_kyu.R; 05_fix_data.R; 06_add_more_vars.R
meant2know,group-derived,,vault/cdd/merge_data_scripts/03_data.R; 04_kyu.R; 05_fix_data.R; 06_add_more_vars.R
knowgain,respondent,,vault/cdd/merge_data_scripts/03_data.R; 04_kyu.R; 05_fix_data.R; 06_add_more_vars.R
knowgain2,respondent,,vault/cdd/merge_data_scripts/03_data.R; 04_kyu.R; 05_fix_data.R; 06_add_more_vars.R
t2knowlevel,poll-derived,,vault/cdd/merge_data_scripts/03_data.R; 04_kyu.R; 05_fix_data.R; 06_add_more_vars.R
logpk,respondent,,vault/cdd/merge_data_scripts/03_data.R; 04_kyu.R; 05_fix_data.R; 06_add_more_vars.R
loggain,group-derived,,vault/cdd/merge_data_scripts/03_data.R; 04_kyu.R; 05_fix_data.R; 06_add_more_vars.R
tobitpk,respondent,,vault/cdd/merge_data_scripts/03_data.R; 04_kyu.R; 05_fix_data.R; 06_add_more_vars.R
meant1knowr,group-derived,,vault/cdd/merge_data_scripts/03_data.R; 04_kyu.R; 05_fix_data.R; 06_add_more_vars.R
meant1knowrcor,group-derived,,vault/cdd/merge_data_scripts/03_data.R; 04_kyu.R; 05_fix_data.R; 06_add_more_vars.R
t1knowlevelrcor,poll-derived,,vault/cdd/merge_data_scripts/03_data.R; 04_kyu.R; 05_fix_data.R; 06_add_more_vars.R
knowgainr,respondent,knowgain,vault/cdd/merge_data_scripts/03_data.R; 04_kyu.R; 05_fix_data.R; 06_add_more_vars.R; conditional alias: excludes Australia Republic and UK Crime; consult poll-specific targets
knowgainr2,respondent,knowgain2,vault/cdd/merge_data_scripts/03_data.R; 04_kyu.R; 05_fix_data.R; 06_add_more_vars.R; conditional alias: excludes Australia Republic and UK Crime; consult poll-specific targets
educ3,respondent,,vault/cdd/merge_data_scripts/03_data.R; 04_kyu.R; 05_fix_data.R; 06_add_more_vars.R
aus.popparl1,respondent,,vault/cdd/merge_data_scripts/03_data.R; 04_kyu.R; 05_fix_data.R; 06_add_more_vars.R
aus.popparl2,respondent,,vault/cdd/merge_data_scripts/03_data.R; 04_kyu.R; 05_fix_data.R; 06_add_more_vars.R
aus.republican1,respondent,,vault/cdd/merge_data_scripts/03_data.R; 04_kyu.R; 05_fix_data.R; 06_add_more_vars.R
aus.republican2,respondent,,vault/cdd/merge_data_scripts/03_data.R; 04_kyu.R; 05_fix_data.R; 06_add_more_vars.R
btp04pr.t1trade,respondent,,vault/cdd/merge_data_scripts/03_data.R; 04_kyu.R; 05_fix_data.R; 06_add_more_vars.R
btp04pr.t1mindex,respondent,,vault/cdd/merge_data_scripts/03_data.R; 04_kyu.R; 05_fix_data.R; 06_add_more_vars.R
btp04pr.t1services,respondent,,vault/cdd/merge_data_scripts/03_data.R; 04_kyu.R; 05_fix_data.R; 06_add_more_vars.R
btp04pr.t2trade,respondent,,vault/cdd/merge_data_scripts/03_data.R; 04_kyu.R; 05_fix_data.R; 06_add_more_vars.R
btp04pr.t2mindex,respondent,,vault/cdd/merge_data_scripts/03_data.R; 04_kyu.R; 05_fix_data.R; 06_add_more_vars.R
btp04pr.t2services,respondent,,vault/cdd/merge_data_scripts/03_data.R; 04_kyu.R; 05_fix_data.R; 06_add_more_vars.R
bulgaria.bulgaria.t1tghpc,respondent,,vault/cdd/merge_data_scripts/03_data.R; 04_kyu.R; 05_fix_data.R; 06_add_more_vars.R
bulgaria.bulgaria.t1clibe,respondent,,vault/cdd/merge_data_scripts/03_data.R; 04_kyu.R; 05_fix_data.R; 06_add_more_vars.R
bulgaria.bulgaria.t1q8_7,respondent,,vault/cdd/merge_data_scripts/03_data.R; 04_kyu.R; 05_fix_data.R; 06_add_more_vars.R
bulgaria.bulgaria.t1q8_1,respondent,,vault/cdd/merge_data_scripts/03_data.R; 04_kyu.R; 05_fix_data.R; 06_add_more_vars.R
bulgaria.bulgaria.t1q8_8,respondent,,vault/cdd/merge_data_scripts/03_data.R; 04_kyu.R; 05_fix_data.R; 06_add_more_vars.R
bulgaria.bulgaria.t1q8_11,respondent,,vault/cdd/merge_data_scripts/03_data.R; 04_kyu.R; 05_fix_data.R; 06_add_more_vars.R
bulgaria.bulgaria.t1q10_3,respondent,,vault/cdd/merge_data_scripts/03_data.R; 04_kyu.R; 05_fix_data.R; 06_add_more_vars.R
bulgaria.bulgaria.t1q16,respondent,,vault/cdd/merge_data_scripts/03_data.R; 04_kyu.R; 05_fix_data.R; 06_add_more_vars.R
bulgaria.bulgaria.t1q21,respondent,,vault/cdd/merge_data_scripts/03_data.R; 04_kyu.R; 05_fix_data.R; 06_add_more_vars.R
bulgaria.bulgaria.t1q22,respondent,,vault/cdd/merge_data_scripts/03_data.R; 04_kyu.R; 05_fix_data.R; 06_add_more_vars.R
bulgaria.bulgaria.t1q23,respondent,,vault/cdd/merge_data_scripts/03_data.R; 04_kyu.R; 05_fix_data.R; 06_add_more_vars.R
bulgaria.bulgaria.t1q19,respondent,,vault/cdd/merge_data_scripts/03_data.R; 04_kyu.R; 05_fix_data.R; 06_add_more_vars.R
bulgaria.bulgaria.t2tghpc,respondent,,vault/cdd/merge_data_scripts/03_data.R; 04_kyu.R; 05_fix_data.R; 06_add_more_vars.R
bulgaria.bulgaria.t2clibe,respondent,,vault/cdd/merge_data_scripts/03_data.R; 04_kyu.R; 05_fix_data.R; 06_add_more_vars.R
bulgaria.bulgaria.t2q8_7,respondent,,vault/cdd/merge_data_scripts/03_data.R; 04_kyu.R; 05_fix_data.R; 06_add_more_vars.R
bulgaria.bulgaria.t2q8_1,respondent,,vault/cdd/merge_data_scripts/03_data.R; 04_kyu.R; 05_fix_data.R; 06_add_more_vars.R
bulgaria.bulgaria.t2q8_8,respondent,,vault/cdd/merge_data_scripts/03_data.R; 04_kyu.R; 05_fix_data.R; 06_add_more_vars.R
bulgaria.bulgaria.t2q8_11,respondent,,vault/cdd/merge_data_scripts/03_data.R; 04_kyu.R; 05_fix_data.R; 06_add_more_vars.R
bulgaria.bulgaria.t2q10_3,respondent,,vault/cdd/merge_data_scripts/03_data.R; 04_kyu.R; 05_fix_data.R; 06_add_more_vars.R
bulgaria.bulgaria.t2q16,respondent,,vault/cdd/merge_data_scripts/03_data.R; 04_kyu.R; 05_fix_data.R; 06_add_more_vars.R
bulgaria.bulgaria.t2q21,respondent,,vault/cdd/merge_data_scripts/03_data.R; 04_kyu.R; 05_fix_data.R; 06_add_more_vars.R
bulgaria.bulgaria.t2q22,respondent,,vault/cdd/merge_data_scripts/03_data.R; 04_kyu.R; 05_fix_data.R; 06_add_more_vars.R
bulgaria.bulgaria.t2q23,respondent,,vault/cdd/merge_data_scripts/03_data.R; 04_kyu.R; 05_fix_data.R; 06_add_more_vars.R
bulgaria.bulgaria.t2q19,respondent,,vault/cdd/merge_data_scripts/03_data.R; 04_kyu.R; 05_fix_data.R; 06_add_more_vars.R
chi.t1att1,respondent,,vault/cdd/merge_data_scripts/03_data.R; 04_kyu.R; 05_fix_data.R; 06_add_more_vars.R
chi.t1att2,respondent,,vault/cdd/merge_data_scripts/03_data.R; 04_kyu.R; 05_fix_data.R; 06_add_more_vars.R
chi.t1att3,respondent,,vault/cdd/merge_data_scripts/03_data.R; 04_kyu.R; 05_fix_data.R; 06_add_more_vars.R
chi.t1att4,respondent,,vault/cdd/merge_data_scripts/03_data.R; 04_kyu.R; 05_fix_data.R; 06_add_more_vars.R
chi.t1att5,respondent,,vault/cdd/merge_data_scripts/03_data.R; 04_kyu.R; 05_fix_data.R; 06_add_more_vars.R
chi.t1att6,respondent,,vault/cdd/merge_data_scripts/03_data.R; 04_kyu.R; 05_fix_data.R; 06_add_more_vars.R
chi.t1att7,respondent,,vault/cdd/merge_data_scripts/03_data.R; 04_kyu.R; 05_fix_data.R; 06_add_more_vars.R
chi.t1att8,respondent,,vault/cdd/merge_data_scripts/03_data.R; 04_kyu.R; 05_fix_data.R; 06_add_more_vars.R
chi.t1att9,respondent,,vault/cdd/merge_data_scripts/03_data.R; 04_kyu.R; 05_fix_data.R; 06_add_more_vars.R
chi.t2att1,respondent,,vault/cdd/merge_data_scripts/03_data.R; 04_kyu.R; 05_fix_data.R; 06_add_more_vars.R
chi.t2att2,respondent,,vault/cdd/merge_data_scripts/03_data.R; 04_kyu.R; 05_fix_data.R; 06_add_more_vars.R
chi.t2att3,respondent,,vault/cdd/merge_data_scripts/03_data.R; 04_kyu.R; 05_fix_data.R; 06_add_more_vars.R
chi.t2att4,respondent,,vault/cdd/merge_data_scripts/03_data.R; 04_kyu.R; 05_fix_data.R; 06_add_more_vars.R
chi.t2att5,respondent,,vault/cdd/merge_data_scripts/03_data.R; 04_kyu.R; 05_fix_data.R; 06_add_more_vars.R
chi.t2att6,respondent,,vault/cdd/merge_data_scripts/03_data.R; 04_kyu.R; 05_fix_data.R; 06_add_more_vars.R
chi.t2att7,respondent,,vault/cdd/merge_data_scripts/03_data.R; 04_kyu.R; 05_fix_data.R; 06_add_more_vars.R
chi.t2att8,respondent,,vault/cdd/merge_data_scripts/03_data.R; 04_kyu.R; 05_fix_data.R; 06_add_more_vars.R
chi.t2att9,respondent,,vault/cdd/merge_data_scripts/03_data.R; 04_kyu.R; 05_fix_data.R; 06_add_more_vars.R
cpl.t1res,respondent,,vault/cdd/merge_data_scripts/03_data.R; 04_kyu.R; 05_fix_data.R; 06_add_more_vars.R
cpl.t1cons,respondent,,vault/cdd/merge_data_scripts/03_data.R; 04_kyu.R; 05_fix_data.R; 06_add_more_vars.R
cpl.t1poor,respondent,,vault/cdd/merge_data_scripts/03_data.R; 04_kyu.R; 05_fix_data.R; 06_add_more_vars.R
cpl.t1renew,respondent,,vault/cdd/merge_data_scripts/03_data.R; 04_kyu.R; 05_fix_data.R; 06_add_more_vars.R
cpl.t1fossil,respondent,,vault/cdd/merge_data_scripts/03_data.R; 04_kyu.R; 05_fix_data.R; 06_add_more_vars.R
cpl.t1buypwr,respondent,,vault/cdd/merge_data_scripts/03_data.R; 04_kyu.R; 05_fix_data.R; 06_add_more_vars.R
cpl.t2res,respondent,,vault/cdd/merge_data_scripts/03_data.R; 04_kyu.R; 05_fix_data.R; 06_add_more_vars.R
cpl.t2cons,respondent,,vault/cdd/merge_data_scripts/03_data.R; 04_kyu.R; 05_fix_data.R; 06_add_more_vars.R
cpl.t2poor,respondent,,vault/cdd/merge_data_scripts/03_data.R; 04_kyu.R; 05_fix_data.R; 06_add_more_vars.R
cpl.t2renew,respondent,,vault/cdd/merge_data_scripts/03_data.R; 04_kyu.R; 05_fix_data.R; 06_add_more_vars.R
cpl.t2fossil,respondent,,vault/cdd/merge_data_scripts/03_data.R; 04_kyu.R; 05_fix_data.R; 06_add_more_vars.R
cpl.t2buypwr,respondent,,vault/cdd/merge_data_scripts/03_data.R; 04_kyu.R; 05_fix_data.R; 06_add_more_vars.R
eu.support_eu_membership_t1,respondent,,vault/cdd/merge_data_scripts/03_data.R; 04_kyu.R; 05_fix_data.R; 06_add_more_vars.R
eu.att_towards_privatization_t1,respondent,,vault/cdd/merge_data_scripts/03_data.R; 04_kyu.R; 05_fix_data.R; 06_add_more_vars.R
eu.attitude_towards_migration_t1,respondent,,vault/cdd/merge_data_scripts/03_data.R; 04_kyu.R; 05_fix_data.R; 06_add_more_vars.R
eu.mil_att_11_12_t1,respondent,,vault/cdd/merge_data_scripts/03_data.R; 04_kyu.R; 05_fix_data.R; 06_add_more_vars.R
eu.t1q11b,respondent,,vault/cdd/merge_data_scripts/03_data.R; 04_kyu.R; 05_fix_data.R; 06_add_more_vars.R
eu.turkey_enlargement_att_t1,respondent,,vault/cdd/merge_data_scripts/03_data.R; 04_kyu.R; 05_fix_data.R; 06_add_more_vars.R
eu.eu_veto_support_t1,respondent,,vault/cdd/merge_data_scripts/03_data.R; 04_kyu.R; 05_fix_data.R; 06_add_more_vars.R
eu.support_eu_membership_t2,respondent,,vault/cdd/merge_data_scripts/03_data.R; 04_kyu.R; 05_fix_data.R; 06_add_more_vars.R
eu.att_towards_privatization_t2,respondent,,vault/cdd/merge_data_scripts/03_data.R; 04_kyu.R; 05_fix_data.R; 06_add_more_vars.R
eu.attitude_towards_migration_t2,respondent,,vault/cdd/merge_data_scripts/03_data.R; 04_kyu.R; 05_fix_data.R; 06_add_more_vars.R
eu.mil_att_11_12_t2,respondent,,vault/cdd/merge_data_scripts/03_data.R; 04_kyu.R; 05_fix_data.R; 06_add_more_vars.R
eu.t2q11br,respondent,,vault/cdd/merge_data_scripts/03_data.R; 04_kyu.R; 05_fix_data.R; 06_add_more_vars.R
eu.turkey_enlargement_att_t2,respondent,,vault/cdd/merge_data_scripts/03_data.R; 04_kyu.R; 05_fix_data.R; 06_add_more_vars.R
eu.eu_veto_support_t2,respondent,,vault/cdd/merge_data_scripts/03_data.R; 04_kyu.R; 05_fix_data.R; 06_add_more_vars.R
eu.pay_for_pension_1_t2_r,respondent,,vault/cdd/merge_data_scripts/03_data.R; 04_kyu.R; 05_fix_data.R; 06_add_more_vars.R
eu.free_trade_index_t2,respondent,,vault/cdd/merge_data_scripts/03_data.R; 04_kyu.R; 05_fix_data.R; 06_add_more_vars.R
eu.general_enlargement_att_f_t2,respondent,,vault/cdd/merge_data_scripts/03_data.R; 04_kyu.R; 05_fix_data.R; 06_add_more_vars.R
eu.eu_level_decision_making_t2,respondent,,vault/cdd/merge_data_scripts/03_data.R; 04_kyu.R; 05_fix_data.R; 06_add_more_vars.R
eu.t2q16jr,respondent,,vault/cdd/merge_data_scripts/03_data.R; 04_kyu.R; 05_fix_data.R; 06_add_more_vars.R
eu.support_eu_membership_t3,respondent,,vault/cdd/merge_data_scripts/03_data.R; 04_kyu.R; 05_fix_data.R; 06_add_more_vars.R
eu.att_towards_privatization_t3,respondent,,vault/cdd/merge_data_scripts/03_data.R; 04_kyu.R; 05_fix_data.R; 06_add_more_vars.R
eu.attitude_towards_migration_t3,respondent,,vault/cdd/merge_data_scripts/03_data.R; 04_kyu.R; 05_fix_data.R; 06_add_more_vars.R
eu.mil_att_11_12_t3,respondent,,vault/cdd/merge_data_scripts/03_data.R; 04_kyu.R; 05_fix_data.R; 06_add_more_vars.R
eu.t3q11br,respondent,,vault/cdd/merge_data_scripts/03_data.R; 04_kyu.R; 05_fix_data.R; 06_add_more_vars.R
eu.turkey_enlargement_att_t3,respondent,,vault/cdd/merge_data_scripts/03_data.R; 04_kyu.R; 05_fix_data.R; 06_add_more_vars.R
eu.eu_veto_support_t3,respondent,,vault/cdd/merge_data_scripts/03_data.R; 04_kyu.R; 05_fix_data.R; 06_add_more_vars.R
eu.pay_for_pension_1_t3_r,respondent,,vault/cdd/merge_data_scripts/03_data.R; 04_kyu.R; 05_fix_data.R; 06_add_more_vars.R
eu.free_trade_index_t3,respondent,,vault/cdd/merge_data_scripts/03_data.R; 04_kyu.R; 05_fix_data.R; 06_add_more_vars.R
eu.general_enlargement_att_f_t3,respondent,,vault/cdd/merge_data_scripts/03_data.R; 04_kyu.R; 05_fix_data.R; 06_add_more_vars.R
eu.eu_level_decision_making_t3,respondent,,vault/cdd/merge_data_scripts/03_data.R; 04_kyu.R; 05_fix_data.R; 06_add_more_vars.R
eu.t3q16jr,respondent,,vault/cdd/merge_data_scripts/03_data.R; 04_kyu.R; 05_fix_data.R; 06_add_more_vars.R
grk.t1att1,respondent,,vault/cdd/merge_data_scripts/03_data.R; 04_kyu.R; 05_fix_data.R; 06_add_more_vars.R; Greece columns all missing in 6084-row historical benchmark; Marousi is outside its 21-poll scope
grk.t1att2,respondent,,vault/cdd/merge_data_scripts/03_data.R; 04_kyu.R; 05_fix_data.R; 06_add_more_vars.R; Greece columns all missing in 6084-row historical benchmark; Marousi is outside its 21-poll scope
grk.t1att3,respondent,,vault/cdd/merge_data_scripts/03_data.R; 04_kyu.R; 05_fix_data.R; 06_add_more_vars.R; Greece columns all missing in 6084-row historical benchmark; Marousi is outside its 21-poll scope
grk.t1att4,respondent,,vault/cdd/merge_data_scripts/03_data.R; 04_kyu.R; 05_fix_data.R; 06_add_more_vars.R; Greece columns all missing in 6084-row historical benchmark; Marousi is outside its 21-poll scope
grk.t1att5,respondent,,vault/cdd/merge_data_scripts/03_data.R; 04_kyu.R; 05_fix_data.R; 06_add_more_vars.R; Greece columns all missing in 6084-row historical benchmark; Marousi is outside its 21-poll scope
grk.t1att6,respondent,,vault/cdd/merge_data_scripts/03_data.R; 04_kyu.R; 05_fix_data.R; 06_add_more_vars.R; Greece columns all missing in 6084-row historical benchmark; Marousi is outside its 21-poll scope
grk.t2att1,respondent,,vault/cdd/merge_data_scripts/03_data.R; 04_kyu.R; 05_fix_data.R; 06_add_more_vars.R; Greece columns all missing in 6084-row historical benchmark; Marousi is outside its 21-poll scope
grk.t2att2,respondent,,vault/cdd/merge_data_scripts/03_data.R; 04_kyu.R; 05_fix_data.R; 06_add_more_vars.R; Greece columns all missing in 6084-row historical benchmark; Marousi is outside its 21-poll scope
grk.t2att3,respondent,,vault/cdd/merge_data_scripts/03_data.R; 04_kyu.R; 05_fix_data.R; 06_add_more_vars.R; Greece columns all missing in 6084-row historical benchmark; Marousi is outside its 21-poll scope
grk.t2att4,respondent,,vault/cdd/merge_data_scripts/03_data.R; 04_kyu.R; 05_fix_data.R; 06_add_more_vars.R; Greece columns all missing in 6084-row historical benchmark; Marousi is outside its 21-poll scope
grk.t2att5,respondent,,vault/cdd/merge_data_scripts/03_data.R; 04_kyu.R; 05_fix_data.R; 06_add_more_vars.R; Greece columns all missing in 6084-row historical benchmark; Marousi is outside its 21-poll scope
grk.t2att6,respondent,,vault/cdd/merge_data_scripts/03_data.R; 04_kyu.R; 05_fix_data.R; 06_add_more_vars.R; Greece columns all missing in 6084-row historical benchmark; Marousi is outside its 21-poll scope
ukmonarchy.t1supmon,respondent,,vault/cdd/merge_data_scripts/03_data.R; 04_kyu.R; 05_fix_data.R; 06_add_more_vars.R
ukmonarchy.t2supmon,respondent,,vault/cdd/merge_data_scripts/03_data.R; 04_kyu.R; 05_fix_data.R; 06_add_more_vars.R
ukmonarchy.t1mpop,respondent,,vault/cdd/merge_data_scripts/03_data.R; 04_kyu.R; 05_fix_data.R; 06_add_more_vars.R
ukmonarchy.t2mpop,respondent,,vault/cdd/merge_data_scripts/03_data.R; 04_kyu.R; 05_fix_data.R; 06_add_more_vars.R
ukmonarchy.t1pwrm,respondent,,vault/cdd/merge_data_scripts/03_data.R; 04_kyu.R; 05_fix_data.R; 06_add_more_vars.R
ukmonarchy.t2pwrm,respondent,,vault/cdd/merge_data_scripts/03_data.R; 04_kyu.R; 05_fix_data.R; 06_add_more_vars.R
ukmonarchy.t1reflor,respondent,,vault/cdd/merge_data_scripts/03_data.R; 04_kyu.R; 05_fix_data.R; 06_add_more_vars.R
ukmonarchy.t2reflor,respondent,,vault/cdd/merge_data_scripts/03_data.R; 04_kyu.R; 05_fix_data.R; 06_add_more_vars.R
nic1.t1att1,respondent,,vault/cdd/merge_data_scripts/03_data.R; 04_kyu.R; 05_fix_data.R; 06_add_more_vars.R
nic1.t1att2,respondent,,vault/cdd/merge_data_scripts/03_data.R; 04_kyu.R; 05_fix_data.R; 06_add_more_vars.R
nic1.t1att3,respondent,,vault/cdd/merge_data_scripts/03_data.R; 04_kyu.R; 05_fix_data.R; 06_add_more_vars.R
nic1.t1att4,respondent,,vault/cdd/merge_data_scripts/03_data.R; 04_kyu.R; 05_fix_data.R; 06_add_more_vars.R
nic1.t1att5,respondent,,vault/cdd/merge_data_scripts/03_data.R; 04_kyu.R; 05_fix_data.R; 06_add_more_vars.R
nic1.t1att6,respondent,,vault/cdd/merge_data_scripts/03_data.R; 04_kyu.R; 05_fix_data.R; 06_add_more_vars.R
nic1.t1att7,respondent,,vault/cdd/merge_data_scripts/03_data.R; 04_kyu.R; 05_fix_data.R; 06_add_more_vars.R
nic1.t1att8,respondent,,vault/cdd/merge_data_scripts/03_data.R; 04_kyu.R; 05_fix_data.R; 06_add_more_vars.R
nic1.t1att9,respondent,,vault/cdd/merge_data_scripts/03_data.R; 04_kyu.R; 05_fix_data.R; 06_add_more_vars.R
nic1.t2att1,respondent,,vault/cdd/merge_data_scripts/03_data.R; 04_kyu.R; 05_fix_data.R; 06_add_more_vars.R
nic1.t2att2,respondent,,vault/cdd/merge_data_scripts/03_data.R; 04_kyu.R; 05_fix_data.R; 06_add_more_vars.R
nic1.t2att3,respondent,,vault/cdd/merge_data_scripts/03_data.R; 04_kyu.R; 05_fix_data.R; 06_add_more_vars.R
nic1.t2att4,respondent,,vault/cdd/merge_data_scripts/03_data.R; 04_kyu.R; 05_fix_data.R; 06_add_more_vars.R
nic1.t2att5,respondent,,vault/cdd/merge_data_scripts/03_data.R; 04_kyu.R; 05_fix_data.R; 06_add_more_vars.R
nic1.t2att6,respondent,,vault/cdd/merge_data_scripts/03_data.R; 04_kyu.R; 05_fix_data.R; 06_add_more_vars.R
nic1.t2att7,respondent,,vault/cdd/merge_data_scripts/03_data.R; 04_kyu.R; 05_fix_data.R; 06_add_more_vars.R
nic1.t2att8,respondent,,vault/cdd/merge_data_scripts/03_data.R; 04_kyu.R; 05_fix_data.R; 06_add_more_vars.R
nic1.t2att9,respondent,,vault/cdd/merge_data_scripts/03_data.R; 04_kyu.R; 05_fix_data.R; 06_add_more_vars.R
swp.t1att1,respondent,,vault/cdd/merge_data_scripts/03_data.R; 04_kyu.R; 05_fix_data.R; 06_add_more_vars.R
swp.t1att3,respondent,,vault/cdd/merge_data_scripts/03_data.R; 04_kyu.R; 05_fix_data.R; 06_add_more_vars.R
swp.t1att4,respondent,,vault/cdd/merge_data_scripts/03_data.R; 04_kyu.R; 05_fix_data.R; 06_add_more_vars.R
swp.t1att5,respondent,,vault/cdd/merge_data_scripts/03_data.R; 04_kyu.R; 05_fix_data.R; 06_add_more_vars.R
swp.t1att6,respondent,,vault/cdd/merge_data_scripts/03_data.R; 04_kyu.R; 05_fix_data.R; 06_add_more_vars.R
swp.t1att7,respondent,,vault/cdd/merge_data_scripts/03_data.R; 04_kyu.R; 05_fix_data.R; 06_add_more_vars.R
swp.t2att1,respondent,,vault/cdd/merge_data_scripts/03_data.R; 04_kyu.R; 05_fix_data.R; 06_add_more_vars.R
swp.t2att3,respondent,,vault/cdd/merge_data_scripts/03_data.R; 04_kyu.R; 05_fix_data.R; 06_add_more_vars.R
swp.t2att4,respondent,,vault/cdd/merge_data_scripts/03_data.R; 04_kyu.R; 05_fix_data.R; 06_add_more_vars.R
swp.t2att5,respondent,,vault/cdd/merge_data_scripts/03_data.R; 04_kyu.R; 05_fix_data.R; 06_add_more_vars.R
swp.t2att6,respondent,,vault/cdd/merge_data_scripts/03_data.R; 04_kyu.R; 05_fix_data.R; 06_add_more_vars.R
swp.t2att7,respondent,,vault/cdd/merge_data_scripts/03_data.R; 04_kyu.R; 05_fix_data.R; 06_add_more_vars.R
ukbge.t1redist,respondent,,vault/cdd/merge_data_scripts/03_data.R; 04_kyu.R; 05_fix_data.R; 06_add_more_vars.R
ukbge.t1tax,respondent,,vault/cdd/merge_data_scripts/03_data.R; 04_kyu.R; 05_fix_data.R; 06_add_more_vars.R
ukbge.t1wage,respondent,,vault/cdd/merge_data_scripts/03_data.R; 04_kyu.R; 05_fix_data.R; 06_add_more_vars.R
ukbge.t1eu,respondent,,vault/cdd/merge_data_scripts/03_data.R; 04_kyu.R; 05_fix_data.R; 06_add_more_vars.R
ukbge.t2redist,respondent,,vault/cdd/merge_data_scripts/03_data.R; 04_kyu.R; 05_fix_data.R; 06_add_more_vars.R
ukbge.t2tax,respondent,,vault/cdd/merge_data_scripts/03_data.R; 04_kyu.R; 05_fix_data.R; 06_add_more_vars.R
ukbge.t2wage,respondent,,vault/cdd/merge_data_scripts/03_data.R; 04_kyu.R; 05_fix_data.R; 06_add_more_vars.R
ukbge.t2eu,respondent,,vault/cdd/merge_data_scripts/03_data.R; 04_kyu.R; 05_fix_data.R; 06_add_more_vars.R
ukcrime.rootcauset1,respondent,,vault/cdd/merge_data_scripts/03_data.R; 04_kyu.R; 05_fix_data.R; 06_add_more_vars.R
ukcrime.policet1,respondent,,vault/cdd/merge_data_scripts/03_data.R; 04_kyu.R; 05_fix_data.R; 06_add_more_vars.R
ukcrime.punisht1,respondent,,vault/cdd/merge_data_scripts/03_data.R; 04_kyu.R; 05_fix_data.R; 06_add_more_vars.R
ukcrime.procrightst1,respondent,,vault/cdd/merge_data_scripts/03_data.R; 04_kyu.R; 05_fix_data.R; 06_add_more_vars.R
ukcrime.selfprotectt1,respondent,,vault/cdd/merge_data_scripts/03_data.R; 04_kyu.R; 05_fix_data.R; 06_add_more_vars.R
ukcrime.rootcauset2,respondent,,vault/cdd/merge_data_scripts/03_data.R; 04_kyu.R; 05_fix_data.R; 06_add_more_vars.R
ukcrime.policet2,respondent,,vault/cdd/merge_data_scripts/03_data.R; 04_kyu.R; 05_fix_data.R; 06_add_more_vars.R
ukcrime.punisht2,respondent,,vault/cdd/merge_data_scripts/03_data.R; 04_kyu.R; 05_fix_data.R; 06_add_more_vars.R
ukcrime.procrightst2,respondent,,vault/cdd/merge_data_scripts/03_data.R; 04_kyu.R; 05_fix_data.R; 06_add_more_vars.R
ukcrime.selfprotectt2,respondent,,vault/cdd/merge_data_scripts/03_data.R; 04_kyu.R; 05_fix_data.R; 06_add_more_vars.R
ukeu.eurelat1g,respondent,,vault/cdd/merge_data_scripts/03_data.R; 04_kyu.R; 05_fix_data.R; 06_add_more_vars.R
ukeu.euscope1g,respondent,,vault/cdd/merge_data_scripts/03_data.R; 04_kyu.R; 05_fix_data.R; 06_add_more_vars.R
ukeu.commies1r,respondent,,vault/cdd/merge_data_scripts/03_data.R; 04_kyu.R; 05_fix_data.R; 06_add_more_vars.R
ukeu.favref1r,respondent,,vault/cdd/merge_data_scripts/03_data.R; 04_kyu.R; 05_fix_data.R; 06_add_more_vars.R
ukeu.eurelat2g,respondent,,vault/cdd/merge_data_scripts/03_data.R; 04_kyu.R; 05_fix_data.R; 06_add_more_vars.R
ukeu.euscope2g,respondent,,vault/cdd/merge_data_scripts/03_data.R; 04_kyu.R; 05_fix_data.R; 06_add_more_vars.R
ukeu.commies2r,respondent,,vault/cdd/merge_data_scripts/03_data.R; 04_kyu.R; 05_fix_data.R; 06_add_more_vars.R
ukeu.favref2r,respondent,,vault/cdd/merge_data_scripts/03_data.R; 04_kyu.R; 05_fix_data.R; 06_add_more_vars.R
ukhealth.t1payhlt,respondent,,vault/cdd/merge_data_scripts/03_data.R; 04_kyu.R; 05_fix_data.R; 06_add_more_vars.R
ukhealth.t1poora,respondent,,vault/cdd/merge_data_scripts/03_data.R; 04_kyu.R; 05_fix_data.R; 06_add_more_vars.R
ukhealth.t1option,respondent,,vault/cdd/merge_data_scripts/03_data.R; 04_kyu.R; 05_fix_data.R; 06_add_more_vars.R
ukhealth.t1hlthfu,respondent,,vault/cdd/merge_data_scripts/03_data.R; 04_kyu.R; 05_fix_data.R; 06_add_more_vars.R
ukhealth.t1ctexpt,respondent,,vault/cdd/merge_data_scripts/03_data.R; 04_kyu.R; 05_fix_data.R; 06_add_more_vars.R
ukhealth.t1pritre,respondent,,vault/cdd/merge_data_scripts/03_data.R; 04_kyu.R; 05_fix_data.R; 06_add_more_vars.R
ukhealth.t1severi,respondent,,vault/cdd/merge_data_scripts/03_data.R; 04_kyu.R; 05_fix_data.R; 06_add_more_vars.R
ukhealth.t1preven,respondent,,vault/cdd/merge_data_scripts/03_data.R; 04_kyu.R; 05_fix_data.R; 06_add_more_vars.R
ukhealth.t1dispub,respondent,,vault/cdd/merge_data_scripts/03_data.R; 04_kyu.R; 05_fix_data.R; 06_add_more_vars.R
ukhealth.t1avgdis,respondent,,vault/cdd/merge_data_scripts/03_data.R; 04_kyu.R; 05_fix_data.R; 06_add_more_vars.R
ukhealth.t1moresa,respondent,,vault/cdd/merge_data_scripts/03_data.R; 04_kyu.R; 05_fix_data.R; 06_add_more_vars.R
ukhealth.t2payhlt,respondent,,vault/cdd/merge_data_scripts/03_data.R; 04_kyu.R; 05_fix_data.R; 06_add_more_vars.R
ukhealth.t2poora,respondent,,vault/cdd/merge_data_scripts/03_data.R; 04_kyu.R; 05_fix_data.R; 06_add_more_vars.R
ukhealth.t2option,respondent,,vault/cdd/merge_data_scripts/03_data.R; 04_kyu.R; 05_fix_data.R; 06_add_more_vars.R
ukhealth.t2hlthfu,respondent,,vault/cdd/merge_data_scripts/03_data.R; 04_kyu.R; 05_fix_data.R; 06_add_more_vars.R
ukhealth.t2ctexpt,respondent,,vault/cdd/merge_data_scripts/03_data.R; 04_kyu.R; 05_fix_data.R; 06_add_more_vars.R
ukhealth.t2pritre,respondent,,vault/cdd/merge_data_scripts/03_data.R; 04_kyu.R; 05_fix_data.R; 06_add_more_vars.R
ukhealth.t2severi,respondent,,vault/cdd/merge_data_scripts/03_data.R; 04_kyu.R; 05_fix_data.R; 06_add_more_vars.R
ukhealth.t2preven,respondent,,vault/cdd/merge_data_scripts/03_data.R; 04_kyu.R; 05_fix_data.R; 06_add_more_vars.R
ukhealth.t2dispub,respondent,,vault/cdd/merge_data_scripts/03_data.R; 04_kyu.R; 05_fix_data.R; 06_add_more_vars.R
ukhealth.t2avgdis,respondent,,vault/cdd/merge_data_scripts/03_data.R; 04_kyu.R; 05_fix_data.R; 06_add_more_vars.R
ukhealth.t2moresa,respondent,,vault/cdd/merge_data_scripts/03_data.R; 04_kyu.R; 05_fix_data.R; 06_add_more_vars.R
wtu.t1att1,respondent,,vault/cdd/merge_data_scripts/03_data.R; 04_kyu.R; 05_fix_data.R; 06_add_more_vars.R
wtu.t1att3,respondent,,vault/cdd/merge_data_scripts/03_data.R; 04_kyu.R; 05_fix_data.R; 06_add_more_vars.R
wtu.t1att4,respondent,,vault/cdd/merge_data_scripts/03_data.R; 04_kyu.R; 05_fix_data.R; 06_add_more_vars.R
wtu.t1att5,respondent,,vault/cdd/merge_data_scripts/03_data.R; 04_kyu.R; 05_fix_data.R; 06_add_more_vars.R
wtu.t1att6,respondent,,vault/cdd/merge_data_scripts/03_data.R; 04_kyu.R; 05_fix_data.R; 06_add_more_vars.R
wtu.t1att7,respondent,,vault/cdd/merge_data_scripts/03_data.R; 04_kyu.R; 05_fix_data.R; 06_add_more_vars.R
wtu.t2att1,respondent,,vault/cdd/merge_data_scripts/03_data.R; 04_kyu.R; 05_fix_data.R; 06_add_more_vars.R
wtu.t2att3,respondent,,vault/cdd/merge_data_scripts/03_data.R; 04_kyu.R; 05_fix_data.R; 06_add_more_vars.R
wtu.t2att4,respondent,,vault/cdd/merge_data_scripts/03_data.R; 04_kyu.R; 05_fix_data.R; 06_add_more_vars.R
wtu.t2att5,respondent,,vault/cdd/merge_data_scripts/03_data.R; 04_kyu.R; 05_fix_data.R; 06_add_more_vars.R
wtu.t2att6,respondent,,vault/cdd/merge_data_scripts/03_data.R; 04_kyu.R; 05_fix_data.R; 06_add_more_vars.R
wtu.t2att7,respondent,,vault/cdd/merge_data_scripts/03_data.R; 04_kyu.R; 05_fix_data.R; 06_add_more_vars.R
eu2009.cc1,respondent,,vault/cdd/merge_data_scripts/03_data.R; 04_kyu.R; 05_fix_data.R; 06_add_more_vars.R
eu2009.cc2,respondent,,vault/cdd/merge_data_scripts/03_data.R; 04_kyu.R; 05_fix_data.R; 06_add_more_vars.R
eu2009.imm1,respondent,,vault/cdd/merge_data_scripts/03_data.R; 04_kyu.R; 05_fix_data.R; 06_add_more_vars.R
eu2009.imm2,respondent,,vault/cdd/merge_data_scripts/03_data.R; 04_kyu.R; 05_fix_data.R; 06_add_more_vars.R
nh.t1endexp,respondent,,vault/cdd/merge_data_scripts/03_data.R; 04_kyu.R; 05_fix_data.R; 06_add_more_vars.R
nh.t1manvol,respondent,,vault/cdd/merge_data_scripts/03_data.R; 04_kyu.R; 05_fix_data.R; 06_add_more_vars.R
nh.t1volloc,respondent,,vault/cdd/merge_data_scripts/03_data.R; 04_kyu.R; 05_fix_data.R; 06_add_more_vars.R
nh.t2endexp,respondent,,vault/cdd/merge_data_scripts/03_data.R; 04_kyu.R; 05_fix_data.R; 06_add_more_vars.R
nh.t2manvol,respondent,,vault/cdd/merge_data_scripts/03_data.R; 04_kyu.R; 05_fix_data.R; 06_add_more_vars.R
nh.t2volloc,respondent,,vault/cdd/merge_data_scripts/03_data.R; 04_kyu.R; 05_fix_data.R; 06_add_more_vars.R
nic2.t1usseca,respondent,,vault/cdd/merge_data_scripts/03_data.R; 04_kyu.R; 05_fix_data.R; 06_add_more_vars.R
nic2.t1humrh2,respondent,,vault/cdd/merge_data_scripts/03_data.R; 04_kyu.R; 05_fix_data.R; 06_add_more_vars.R
nic2.t1envir,respondent,,vault/cdd/merge_data_scripts/03_data.R; 04_kyu.R; 05_fix_data.R; 06_add_more_vars.R
nic2.t1inter,respondent,,vault/cdd/merge_data_scripts/03_data.R; 04_kyu.R; 05_fix_data.R; 06_add_more_vars.R
nic2.t1multi,respondent,,vault/cdd/merge_data_scripts/03_data.R; 04_kyu.R; 05_fix_data.R; 06_add_more_vars.R
nic2.t1demo,respondent,,vault/cdd/merge_data_scripts/03_data.R; 04_kyu.R; 05_fix_data.R; 06_add_more_vars.R
nic2.t1forai1,respondent,,vault/cdd/merge_data_scripts/03_data.R; 04_kyu.R; 05_fix_data.R; 06_add_more_vars.R
nic2.t1global,respondent,,vault/cdd/merge_data_scripts/03_data.R; 04_kyu.R; 05_fix_data.R; 06_add_more_vars.R
nic2.t1trade_b,respondent,,vault/cdd/merge_data_scripts/03_data.R; 04_kyu.R; 05_fix_data.R; 06_add_more_vars.R
nic2.t2usseca,respondent,,vault/cdd/merge_data_scripts/03_data.R; 04_kyu.R; 05_fix_data.R; 06_add_more_vars.R
nic2.t2humrh2,respondent,,vault/cdd/merge_data_scripts/03_data.R; 04_kyu.R; 05_fix_data.R; 06_add_more_vars.R
nic2.t2envir,respondent,,vault/cdd/merge_data_scripts/03_data.R; 04_kyu.R; 05_fix_data.R; 06_add_more_vars.R
nic2.t2inter,respondent,,vault/cdd/merge_data_scripts/03_data.R; 04_kyu.R; 05_fix_data.R; 06_add_more_vars.R
nic2.t2multi,respondent,,vault/cdd/merge_data_scripts/03_data.R; 04_kyu.R; 05_fix_data.R; 06_add_more_vars.R
nic2.t2demo,respondent,,vault/cdd/merge_data_scripts/03_data.R; 04_kyu.R; 05_fix_data.R; 06_add_more_vars.R
nic2.t2forai1,respondent,,vault/cdd/merge_data_scripts/03_data.R; 04_kyu.R; 05_fix_data.R; 06_add_more_vars.R
nic2.t2global,respondent,,vault/cdd/merge_data_scripts/03_data.R; 04_kyu.R; 05_fix_data.R; 06_add_more_vars.R
nic2.t2trade_b,respondent,,vault/cdd/merge_data_scripts/03_data.R; 04_kyu.R; 05_fix_data.R; 06_add_more_vars.R
btp03.olt1usseca,respondent,,vault/cdd/merge_data_scripts/03_data.R; 04_kyu.R; 05_fix_data.R; 06_add_more_vars.R
btp03.olt1humrh2,respondent,,vault/cdd/merge_data_scripts/03_data.R; 04_kyu.R; 05_fix_data.R; 06_add_more_vars.R
btp03.olt1envir,respondent,,vault/cdd/merge_data_scripts/03_data.R; 04_kyu.R; 05_fix_data.R; 06_add_more_vars.R
btp03.olt1inter,respondent,,vault/cdd/merge_data_scripts/03_data.R; 04_kyu.R; 05_fix_data.R; 06_add_more_vars.R
btp03.olt1multi,respondent,,vault/cdd/merge_data_scripts/03_data.R; 04_kyu.R; 05_fix_data.R; 06_add_more_vars.R
btp03.olt1demo,respondent,,vault/cdd/merge_data_scripts/03_data.R; 04_kyu.R; 05_fix_data.R; 06_add_more_vars.R
btp03.olt1forai1,respondent,,vault/cdd/merge_data_scripts/03_data.R; 04_kyu.R; 05_fix_data.R; 06_add_more_vars.R
btp03.olt1global,respondent,,vault/cdd/merge_data_scripts/03_data.R; 04_kyu.R; 05_fix_data.R; 06_add_more_vars.R
btp03.olt1trade,respondent,,vault/cdd/merge_data_scripts/03_data.R; 04_kyu.R; 05_fix_data.R; 06_add_more_vars.R
btp03.olt2usseca,respondent,,vault/cdd/merge_data_scripts/03_data.R; 04_kyu.R; 05_fix_data.R; 06_add_more_vars.R
btp03.olt2humrh2,respondent,,vault/cdd/merge_data_scripts/03_data.R; 04_kyu.R; 05_fix_data.R; 06_add_more_vars.R
btp03.olt2envir,respondent,,vault/cdd/merge_data_scripts/03_data.R; 04_kyu.R; 05_fix_data.R; 06_add_more_vars.R
btp03.olt2inter,respondent,,vault/cdd/merge_data_scripts/03_data.R; 04_kyu.R; 05_fix_data.R; 06_add_more_vars.R
btp03.olt2multi,respondent,,vault/cdd/merge_data_scripts/03_data.R; 04_kyu.R; 05_fix_data.R; 06_add_more_vars.R
btp03.olt2demo,respondent,,vault/cdd/merge_data_scripts/03_data.R; 04_kyu.R; 05_fix_data.R; 06_add_more_vars.R
btp03.olt2forai1,respondent,,vault/cdd/merge_data_scripts/03_data.R; 04_kyu.R; 05_fix_data.R; 06_add_more_vars.R
btp03.olt2global,respondent,,vault/cdd/merge_data_scripts/03_data.R; 04_kyu.R; 05_fix_data.R; 06_add_more_vars.R
btp03.olt2trade,respondent,,vault/cdd/merge_data_scripts/03_data.R; 04_kyu.R; 05_fix_data.R; 06_add_more_vars.R
btp04.w4b42,respondent,,vault/cdd/merge_data_scripts/03_data.R; 04_kyu.R; 05_fix_data.R; 06_add_more_vars.R
btp04.w4b45,respondent,,vault/cdd/merge_data_scripts/03_data.R; 04_kyu.R; 05_fix_data.R; 06_add_more_vars.R
btp04.w4b48,respondent,,vault/cdd/merge_data_scripts/03_data.R; 04_kyu.R; 05_fix_data.R; 06_add_more_vars.R
btp04.w4b51,respondent,,vault/cdd/merge_data_scripts/03_data.R; 04_kyu.R; 05_fix_data.R; 06_add_more_vars.R
btp04.w4b54,respondent,,vault/cdd/merge_data_scripts/03_data.R; 04_kyu.R; 05_fix_data.R; 06_add_more_vars.R
btp04.w4b57,respondent,,vault/cdd/merge_data_scripts/03_data.R; 04_kyu.R; 05_fix_data.R; 06_add_more_vars.R
btp04.w4f42,respondent,,vault/cdd/merge_data_scripts/03_data.R; 04_kyu.R; 05_fix_data.R; 06_add_more_vars.R
btp04.w4f45,respondent,,vault/cdd/merge_data_scripts/03_data.R; 04_kyu.R; 05_fix_data.R; 06_add_more_vars.R
btp04.w4f48,respondent,,vault/cdd/merge_data_scripts/03_data.R; 04_kyu.R; 05_fix_data.R; 06_add_more_vars.R
btp04.w4f51,respondent,,vault/cdd/merge_data_scripts/03_data.R; 04_kyu.R; 05_fix_data.R; 06_add_more_vars.R
btp04.w4f54,respondent,,vault/cdd/merge_data_scripts/03_data.R; 04_kyu.R; 05_fix_data.R; 06_add_more_vars.R
btp04.w4f57,respondent,,vault/cdd/merge_data_scripts/03_data.R; 04_kyu.R; 05_fix_data.R; 06_add_more_vars.R
btp05.t1reform,respondent,,vault/cdd/merge_data_scripts/03_data.R; 04_kyu.R; 05_fix_data.R; 06_add_more_vars.R
btp05.t1fcvsch,respondent,,vault/cdd/merge_data_scripts/03_data.R; 04_kyu.R; 05_fix_data.R; 06_add_more_vars.R
btp05.t1mmtaxe,respondent,,vault/cdd/merge_data_scripts/03_data.R; 04_kyu.R; 05_fix_data.R; 06_add_more_vars.R
btp05.t1stest,respondent,,vault/cdd/merge_data_scripts/03_data.R; 04_kyu.R; 05_fix_data.R; 06_add_more_vars.R
btp05.t1testsl,respondent,,vault/cdd/merge_data_scripts/03_data.R; 04_kyu.R; 05_fix_data.R; 06_add_more_vars.R
btp05.t1nclb,respondent,,vault/cdd/merge_data_scripts/03_data.R; 04_kyu.R; 05_fix_data.R; 06_add_more_vars.R
btp05.t1govinv,respondent,,vault/cdd/merge_data_scripts/03_data.R; 04_kyu.R; 05_fix_data.R; 06_add_more_vars.R
btp05.t1medqual,respondent,,vault/cdd/merge_data_scripts/03_data.R; 04_kyu.R; 05_fix_data.R; 06_add_more_vars.R
btp05.t1costcov,respondent,,vault/cdd/merge_data_scripts/03_data.R; 04_kyu.R; 05_fix_data.R; 06_add_more_vars.R
btp05.t1emplypay,respondent,,vault/cdd/merge_data_scripts/03_data.R; 04_kyu.R; 05_fix_data.R; 06_add_more_vars.R
btp05.t1indivpay,respondent,,vault/cdd/merge_data_scripts/03_data.R; 04_kyu.R; 05_fix_data.R; 06_add_more_vars.R
btp05.t2reform,respondent,,vault/cdd/merge_data_scripts/03_data.R; 04_kyu.R; 05_fix_data.R; 06_add_more_vars.R
btp05.t2fcvsch,respondent,,vault/cdd/merge_data_scripts/03_data.R; 04_kyu.R; 05_fix_data.R; 06_add_more_vars.R
btp05.t2mmtaxe,respondent,,vault/cdd/merge_data_scripts/03_data.R; 04_kyu.R; 05_fix_data.R; 06_add_more_vars.R
btp05.t2stest,respondent,,vault/cdd/merge_data_scripts/03_data.R; 04_kyu.R; 05_fix_data.R; 06_add_more_vars.R
btp05.t2testsl,respondent,,vault/cdd/merge_data_scripts/03_data.R; 04_kyu.R; 05_fix_data.R; 06_add_more_vars.R
btp05.t2nclb,respondent,,vault/cdd/merge_data_scripts/03_data.R; 04_kyu.R; 05_fix_data.R; 06_add_more_vars.R
btp05.t2govinv,respondent,,vault/cdd/merge_data_scripts/03_data.R; 04_kyu.R; 05_fix_data.R; 06_add_more_vars.R
btp05.t2medqual,respondent,,vault/cdd/merge_data_scripts/03_data.R; 04_kyu.R; 05_fix_data.R; 06_add_more_vars.R
btp05.t2costcov,respondent,,vault/cdd/merge_data_scripts/03_data.R; 04_kyu.R; 05_fix_data.R; 06_add_more_vars.R
btp05.t2emplypay,respondent,,vault/cdd/merge_data_scripts/03_data.R; 04_kyu.R; 05_fix_data.R; 06_add_more_vars.R
btp05.t2indivpay,respondent,,vault/cdd/merge_data_scripts/03_data.R; 04_kyu.R; 05_fix_data.R; 06_add_more_vars.R
sm.t1more,respondent,,vault/cdd/merge_data_scripts/03_data.R; 04_kyu.R; 05_fix_data.R; 06_add_more_vars.R
sm.t1belowmrkt,respondent,,vault/cdd/merge_data_scripts/03_data.R; 04_kyu.R; 05_fix_data.R; 06_add_more_vars.R
sm.t1openspace,respondent,,vault/cdd/merge_data_scripts/03_data.R; 04_kyu.R; 05_fix_data.R; 06_add_more_vars.R
sm.t1countyl,respondent,,vault/cdd/merge_data_scripts/03_data.R; 04_kyu.R; 05_fix_data.R; 06_add_more_vars.R
sm.t2more,respondent,,vault/cdd/merge_data_scripts/03_data.R; 04_kyu.R; 05_fix_data.R; 06_add_more_vars.R
sm.t2belowmrkt,respondent,,vault/cdd/merge_data_scripts/03_data.R; 04_kyu.R; 05_fix_data.R; 06_add_more_vars.R
sm.t2openspace,respondent,,vault/cdd/merge_data_scripts/03_data.R; 04_kyu.R; 05_fix_data.R; 06_add_more_vars.R
sm.t2countyl,respondent,,vault/cdd/merge_data_scripts/03_data.R; 04_kyu.R; 05_fix_data.R; 06_add_more_vars.R
dpnum,identifier,,vault/cdd/merge_data_scripts/03_data.R; 04_kyu.R; 05_fix_data.R; 06_add_more_vars.R
bettered,respondent,,vault/cdd/merge_data_scripts/03_data.R; 04_kyu.R; 05_fix_data.R; 06_add_more_vars.R
