poll_id,material_type,status,notes,checked_references
nic-1996,questionnaires,available,Existing local source (s) and/or newly downloaded documents identified; see cited references.,us-nic-1996-cdd-nic-1996-questionnaire;us-nic-1996-material-26f8e4dfcdba7271-nic-1996
nic-1996,briefing-materials,available,Existing local source (s) and/or newly downloaded documents identified; see cited references.,us-nic-1996-material-99247b0bb1a1091f-nic-1996
nic-1996,event-reports,external-only,Existing local source (s) and/or newly downloaded documents identified; see cited references.,us-nic-1996-stanford-event
nic-1996,papers,available,Existing local source (s) and/or newly downloaded documents identified; see cited references.,us-nic-1996-material-9e22605b26bbd3e3-nic-1996;us-nic-1996-material-f51efc2dc1f9a9a1-nic-1996;us-nic-1996-material-53315bd489de4e58-nic-1996
nic-1996,codebooks,available,Authored poll-specific codebook.txt inspected; additional machine-extracted variable/value dictionaries and shared recode appendices are supplemental.,us-nic-1996-cdd-nic-1996-survey-variables;us-nic-1996-cdd-nic-1996-survey-value-labels;us-nic-1996-cdd-nic-1996-codebook;us-nic-1996-material-14f09619eb8626fc-nic-1996;us-nic-1996-material-e0ff5cf4f836a41b-nic-1996;us-nic-1996-material-9408908108592c63-nic-1996;us-nic-1996-material-7af1872d80219bc0-nic-1996
cpl-1996,questionnaires,partial,"57-page compendium: Entergy pp. 1–8; HL&P pp. 9–29; SPS pp. 30–38; TU pp. 39–57 (versions start on pp. 39 and 51). No verified CPL, WTU or SWEPCO section; retain as related evidence without transferring codes or answer keys.",us-cpl-1996-material-d74cf3d2a3e6254d-cpl-1996
cpl-1996,briefing-materials,not-found,"No poll-specific document verified after reviewing local artifact catalog, archival metadata appendix and official event/material pages plus targeted paper search. This is not evidence that no document exists.",us-cpl-1996-material-1ee4b1a7a598708d-cpl-1996;us-cpl-1996-material-cdd3ff1e869846b9-cpl-1996;us-cpl-1996-material-7731a4ce1a2d98a7-cpl-1996;us-cpl-1996-material-eabf0fc4da9a721a-cpl-1996;us-cpl-1996-material-ee96cf90494a2ada-cpl-1996;us-cpl-1996-stanford-utilities;us-cpl-1996-wang2020
cpl-1996,event-reports,available,Existing local source (s) and/or newly downloaded documents identified; see cited references.,us-cpl-1996-material-ee96cf90494a2ada-cpl-1996;us-cpl-1996-stanford-utilities
cpl-1996,papers,available,Existing local source (s) and/or newly downloaded documents identified; see cited references.,us-cpl-1996-material-1ee4b1a7a598708d-cpl-1996;us-cpl-1996-material-cdd3ff1e869846b9-cpl-1996;us-cpl-1996-material-eabf0fc4da9a721a-cpl-1996;us-cpl-1996-wang2020
cpl-1996,codebooks,available,Authored poll-specific codebook.txt inspected; additional machine-extracted variable/value dictionaries and shared recode appendices are supplemental.,us-cpl-1996-cdd-cpl-1996-variables;us-cpl-1996-cdd-cpl-1996-value-labels;us-cpl-1996-cdd-cpl-1996-codebook;us-cpl-1996-material-14f09619eb8626fc-cpl-1996;us-cpl-1996-material-e0ff5cf4f836a41b-cpl-1996;us-cpl-1996-material-9408908108592c63-cpl-1996;us-cpl-1996-material-7af1872d80219bc0-cpl-1996
wtu-1996,questionnaires,partial,"57-page compendium: Entergy pp. 1–8; HL&P pp. 9–29; SPS pp. 30–38; TU pp. 39–57 (versions start on pp. 39 and 51). No verified CPL, WTU or SWEPCO section; retain as related evidence without transferring codes or answer keys.",us-wtu-1996-material-d74cf3d2a3e6254d-wtu-1996
wtu-1996,briefing-materials,available,Existing local source (s) and/or newly downloaded documents identified; see cited references.,us-wtu-1996-material-d647471b30f926dc-wtu-1996
wtu-1996,event-reports,available,Existing local source (s) and/or newly downloaded documents identified; see cited references.,us-wtu-1996-material-ee96cf90494a2ada-wtu-1996;us-wtu-1996-stanford-utilities
wtu-1996,papers,available,Existing local source (s) and/or newly downloaded documents identified; see cited references.,us-wtu-1996-material-1ee4b1a7a598708d-wtu-1996;us-wtu-1996-material-cdd3ff1e869846b9-wtu-1996;us-wtu-1996-material-eabf0fc4da9a721a-wtu-1996;us-wtu-1996-wang2020
wtu-1996,codebooks,available,Authored poll-specific codebook.txt inspected; additional machine-extracted variable/value dictionaries and shared recode appendices are supplemental.,us-wtu-1996-cdd-wtu-1996-variables;us-wtu-1996-cdd-wtu-1996-value-labels;us-wtu-1996-cdd-wtu-1996-codebook;us-wtu-1996-material-14f09619eb8626fc-wtu-1996;us-wtu-1996-material-e0ff5cf4f836a41b-wtu-1996;us-wtu-1996-material-9408908108592c63-wtu-1996;us-wtu-1996-material-7af1872d80219bc0-wtu-1996
swepco-1996,questionnaires,partial,"57-page compendium: Entergy pp. 1–8; HL&P pp. 9–29; SPS pp. 30–38; TU pp. 39–57 (versions start on pp. 39 and 51). No verified CPL, WTU or SWEPCO section; retain as related evidence without transferring codes or answer keys.",us-swepco-1996-material-d74cf3d2a3e6254d-swepco-1996
swepco-1996,briefing-materials,available,Existing local source (s) and/or newly downloaded documents identified; see cited references.,us-swepco-1996-material-b799c201e709521e-swepco-1996
swepco-1996,event-reports,available,Existing local source (s) and/or newly downloaded documents identified; see cited references.,us-swepco-1996-material-ee96cf90494a2ada-swepco-1996;us-swepco-1996-stanford-utilities
swepco-1996,papers,available,Existing local source (s) and/or newly downloaded documents identified; see cited references.,us-swepco-1996-material-1ee4b1a7a598708d-swepco-1996;us-swepco-1996-material-cdd3ff1e869846b9-swepco-1996;us-swepco-1996-material-eabf0fc4da9a721a-swepco-1996;us-swepco-1996-wang2020
swepco-1996,codebooks,available,Authored poll-specific codebook.txt inspected; additional machine-extracted variable/value dictionaries and shared recode appendices are supplemental.,us-swepco-1996-cdd-swepco-1996-variables;us-swepco-1996-cdd-swepco-1996-value-labels;us-swepco-1996-cdd-swepco-1996-codebook;us-swepco-1996-material-14f09619eb8626fc-swepco-1996;us-swepco-1996-material-e0ff5cf4f836a41b-swepco-1996;us-swepco-1996-material-9408908108592c63-swepco-1996;us-swepco-1996-material-7af1872d80219bc0-swepco-1996
nic2-2003,questionnaires,available,Existing local source (s) and/or newly downloaded documents identified; see cited references.,us-nic2-2003-material-e4be44c4c45bb8d6-nic2-2003;us-nic2-2003-material-1995d0d2d8096db1-nic2-2003
nic2-2003,briefing-materials,available,Existing local source (s) and/or newly downloaded documents identified; see cited references.,us-nic2-2003-material-e22cf114ce27bf82-nic2-2003;us-nic2-2003-material-37d7741249efa6c3-nic2-2003;us-nic2-2003-material-e4d515256fed3e3e-nic2-2003;us-nic2-2003-material-5fd4fcfe9767c285-nic2-2003
nic2-2003,event-reports,available,Existing local source (s) and/or newly downloaded documents identified; see cited references.,us-nic2-2003-material-dd722fd627b2e9f0-nic2-2003;us-nic2-2003-stanford-event;us-nic2-2003-brookings2003
nic2-2003,papers,available,Existing local source (s) and/or newly downloaded documents identified; see cited references.,us-nic2-2003-material-90cbc9c9cb25b21c-nic2-2003;us-nic2-2003-material-7ad6c3c2eb5f0731-nic2-2003
nic2-2003,codebooks,partial,Variable/value-label dictionaries and/or shared recode documentation are available; completeness as an authored poll-specific codebook is not established.,us-nic2-2003-material-14f09619eb8626fc-nic2-2003;us-nic2-2003-material-e0ff5cf4f836a41b-nic2-2003;us-nic2-2003-material-9408908108592c63-nic2-2003;us-nic2-2003-material-7af1872d80219bc0-nic2-2003;us-nic2-2003-cdd-nic2-2003-survey-variables;us-nic2-2003-cdd-nic2-2003-survey-value-labels;us-nic2-2003-cdd-nic2-2003-survey-historical-ids
btp-national-2003,questionnaires,available,Existing local source (s) and/or newly downloaded documents identified; see cited references.,us-btp-national-2003-material-ea98e8b86f693edf-btp-national-2003
btp-national-2003,briefing-materials,available,Existing local source (s) and/or newly downloaded documents identified; see cited references.,us-btp-national-2003-material-e22cf114ce27bf82-btp-national-2003;us-btp-national-2003-material-37d7741249efa6c3-btp-national-2003;us-btp-national-2003-material-e4d515256fed3e3e-btp-national-2003;us-btp-national-2003-material-5fd4fcfe9767c285-btp-national-2003
btp-national-2003,event-reports,partial,Brookings foreign-policy-paper.pdf report concerns Philadelphia face-to-face NIC II. The separate foreign-policy.pdf is a genuine online/face-to-face comparative empirical manuscript. Dedicated online event-report coverage remains partial.,us-btp-national-2003-material-dd722fd627b2e9f0-btp-national-2003
btp-national-2003,papers,available,Existing local source (s) and/or newly downloaded documents identified; see cited references.,us-btp-national-2003-material-90cbc9c9cb25b21c-btp-national-2003;us-btp-national-2003-material-7ad6c3c2eb5f0731-btp-national-2003;us-btp-national-2003-refined-or-biased-opinions-2009;us-btp-national-2003-primaries-methods-cross-reference
btp-national-2003,codebooks,partial,Variable/value-label dictionaries and/or shared recode documentation are available; completeness as an authored poll-specific codebook is not established.,us-btp-national-2003-material-14f09619eb8626fc-btp-national-2003;us-btp-national-2003-material-e0ff5cf4f836a41b-btp-national-2003;us-btp-national-2003-material-9408908108592c63-btp-national-2003;us-btp-national-2003-material-7af1872d80219bc0-btp-national-2003;us-btp-national-2003-cdd-btp-national-2003-survey-variables;us-btp-national-2003-cdd-btp-national-2003-survey-value-labels
btp-online-primaries-2004,questionnaires,available,Existing local source (s) and/or newly downloaded documents identified; see cited references.,us-btp-online-primaries-2004-cdd-btp-online-primaries-2004-questionnaires
btp-online-primaries-2004,briefing-materials,partial,Research paper identifies MacNeil/Lehrer reading material plus Stanford Political Communication Lab multimedia candidateCD; exact completeCD/reading package not recovered. Do not replace with fall-general-election briefing book.,us-btp-online-primaries-2004-material-f3671213505686ab-btp-online-primaries-2004;us-btp-online-primaries-2004-material-7ad6c3c2eb5f0731-btp-online-primaries-2004;us-btp-online-primaries-2004-wang-siu2009
btp-online-primaries-2004,event-reports,not-found,"No poll-specific document verified after reviewing local artifact catalog, archival metadata appendix and official event/material pages plus targeted paper search. This is not evidence that no document exists.",us-btp-online-primaries-2004-material-f3671213505686ab-btp-online-primaries-2004;us-btp-online-primaries-2004-material-7ad6c3c2eb5f0731-btp-online-primaries-2004
btp-online-primaries-2004,papers,available,Existing local source (s) and/or newly downloaded documents identified; see cited references.,us-btp-online-primaries-2004-material-f3671213505686ab-btp-online-primaries-2004;us-btp-online-primaries-2004-material-7ad6c3c2eb5f0731-btp-online-primaries-2004
btp-online-primaries-2004,codebooks,partial,Variable/value-label dictionaries and/or shared recode documentation are available; completeness as an authored poll-specific codebook is not established.,us-btp-online-primaries-2004-cdd-btp-online-primaries-2004-survey-variables;us-btp-online-primaries-2004-cdd-btp-online-primaries-2004-survey-value-labels
btp-presidential-primaries-2004,questionnaires,available,Existing local source (s) and/or newly downloaded documents identified; see cited references.,us-btp-presidential-primaries-2004-cdd-btp-presidential-primaries-2004-survey-source-materials-baseline-questionnaire-doc;us-btp-presidential-primaries-2004-cdd-btp-presidential-primaries-2004-survey-source-materials-followup-questionnaire-doc
btp-presidential-primaries-2004,briefing-materials,partial,Research paper identifies MacNeil/Lehrer reading material plus Stanford Political Communication Lab multimedia candidateCD; exact completeCD/reading package not recovered. Do not replace with fall-general-election briefing book.,us-btp-presidential-primaries-2004-material-f3671213505686ab-btp-presidential-primaries-2004;us-btp-presidential-primaries-2004-material-7731a4ce1a2d98a7-btp-presidential-primaries-2004;us-btp-presidential-primaries-2004-material-7ad6c3c2eb5f0731-btp-presidential-primaries-2004;us-btp-presidential-primaries-2004-wang-siu2009
btp-presidential-primaries-2004,event-reports,not-found,"No poll-specific document verified after reviewing local artifact catalog, archival metadata appendix and official event/material pages plus targeted paper search. This is not evidence that no document exists.",us-btp-presidential-primaries-2004-material-f3671213505686ab-btp-presidential-primaries-2004;us-btp-presidential-primaries-2004-material-7731a4ce1a2d98a7-btp-presidential-primaries-2004;us-btp-presidential-primaries-2004-material-7ad6c3c2eb5f0731-btp-presidential-primaries-2004
btp-presidential-primaries-2004,papers,available,Existing local source (s) and/or newly downloaded documents identified; see cited references.,us-btp-presidential-primaries-2004-material-f3671213505686ab-btp-presidential-primaries-2004;us-btp-presidential-primaries-2004-material-7ad6c3c2eb5f0731-btp-presidential-primaries-2004
btp-presidential-primaries-2004,codebooks,partial,Variable/value-label dictionaries and/or shared recode documentation are available; completeness as an authored poll-specific codebook is not established.,us-btp-presidential-primaries-2004-material-14f09619eb8626fc-btp-presidential-primaries-2004;us-btp-presidential-primaries-2004-material-e0ff5cf4f836a41b-btp-presidential-primaries-2004;us-btp-presidential-primaries-2004-material-9408908108592c63-btp-presidential-primaries-2004;us-btp-presidential-primaries-2004-material-7af1872d80219bc0-btp-presidential-primaries-2004;us-btp-presidential-primaries-2004-cdd-btp-presidential-primaries-2004-survey-variables;us-btp-presidential-primaries-2004-cdd-btp-presidential-primaries-2004-survey-value-labels;us-btp-presidential-primaries-2004-cdd-btp-presidential-primaries-2004-survey-historical-group-order-csv;us-btp-presidential-primaries-2004-cdd-btp-presidential-primaries-2004-survey-source-materials-historical-recoding-txt
btp-general-election-2004,questionnaires,available,Existing local source (s) and/or newly downloaded documents identified; see cited references.,us-btp-general-election-2004-cdd-btp-general-election-2004-questionnaires
btp-general-election-2004,briefing-materials,available,Existing local source (s) and/or newly downloaded documents identified; see cited references.,us-btp-general-election-2004-material-55c92b39754401da-btp-general-election-2004
btp-general-election-2004,event-reports,available,Existing local source (s) and/or newly downloaded documents identified; see cited references.,us-btp-general-election-2004-material-6a7c1093a7155f60-btp-general-election-2004;us-btp-general-election-2004-stanford-event
btp-general-election-2004,papers,available,Existing local source (s) and/or newly downloaded documents identified; see cited references.,us-btp-general-election-2004-material-7ad6c3c2eb5f0731-btp-general-election-2004
btp-general-election-2004,codebooks,partial,Variable/value-label dictionaries and/or shared recode documentation are available; completeness as an authored poll-specific codebook is not established.,us-btp-general-election-2004-cdd-btp-general-election-2004-survey-variables;us-btp-general-election-2004-cdd-btp-general-election-2004-survey-value-labels;us-btp-general-election-2004-material-14f09619eb8626fc-btp-general-election-2004;us-btp-general-election-2004-material-e0ff5cf4f836a41b-btp-general-election-2004;us-btp-general-election-2004-material-9408908108592c63-btp-general-election-2004;us-btp-general-election-2004-material-7af1872d80219bc0-btp-general-election-2004
new-haven-2004,questionnaires,available,Existing local source (s) and/or newly downloaded documents identified; see cited references.,us-new-haven-2004-cdd-new-haven-2004-survey-source-materials-baseline-cati-txt;us-new-haven-2004-cdd-new-haven-2004-survey-source-materials-field-questionnaire-doc;us-new-haven-2004-cdd-new-haven-2004-survey-source-materials-questionnaire-1-xls;us-new-haven-2004-cdd-new-haven-2004-survey-source-materials-questionnaire-2-xls
new-haven-2004,briefing-materials,not-found,"No poll-specific document verified after reviewing local artifact catalog, archival metadata appendix and official event/material pages plus targeted paper search. This is not evidence that no document exists.",us-new-haven-2004-material-03b1a5b29192fdc1-new-haven-2004;us-new-haven-2004-material-7731a4ce1a2d98a7-new-haven-2004;us-new-haven-2004-farrar2010;us-new-haven-2004-jpal-event
new-haven-2004,event-reports,external-only,Existing local source (s) and/or newly downloaded documents identified; see cited references.,us-new-haven-2004-jpal-event
new-haven-2004,papers,available,Existing local source (s) and/or newly downloaded documents identified; see cited references.,us-new-haven-2004-material-03b1a5b29192fdc1-new-haven-2004;us-new-haven-2004-farrar2010
new-haven-2004,codebooks,partial,Variable/value-label dictionaries and/or shared recode documentation are available; completeness as an authored poll-specific codebook is not established.,us-new-haven-2004-material-14f09619eb8626fc-new-haven-2004;us-new-haven-2004-material-e0ff5cf4f836a41b-new-haven-2004;us-new-haven-2004-material-9408908108592c63-new-haven-2004;us-new-haven-2004-material-7af1872d80219bc0-new-haven-2004;us-new-haven-2004-cdd-new-haven-2004-survey-historical-ids-csv;us-new-haven-2004-cdd-new-haven-2004-survey-value-labels-csv;us-new-haven-2004-cdd-new-haven-2004-survey-variables-csv
btp-health-education-2005,questionnaires,available,Existing local source (s) and/or newly downloaded documents identified; see cited references.,us-btp-health-education-2005-cdd-btp-health-education-2005-questionnaire-pre;us-btp-health-education-2005-cdd-btp-health-education-2005-questionnaire-post;us-btp-health-education-2005-material-a5ff547ec303d781-btp-health-education-2005
btp-health-education-2005,briefing-materials,available,Existing local source (s) and/or newly downloaded documents identified; see cited references.,us-btp-health-education-2005-material-4163f7e9106b2ce3-btp-health-education-2005;us-btp-health-education-2005-material-0faa7eba55720f6b-btp-health-education-2005
btp-health-education-2005,event-reports,available,Existing local source (s) and/or newly downloaded documents identified; see cited references.,us-btp-health-education-2005-material-e60d75d559b532ae-btp-health-education-2005;us-btp-health-education-2005-stanford-event
btp-health-education-2005,papers,not-found,"Official page labels results under research, but local document is a press/results release. Related 2005 education papers about individual cities are not automatically national-online-poll analyses.",us-btp-health-education-2005-material-7731a4ce1a2d98a7-btp-health-education-2005;us-btp-health-education-2005-material-e60d75d559b532ae-btp-health-education-2005;us-btp-health-education-2005-stanford-event
btp-health-education-2005,codebooks,partial,Variable/value-label dictionaries and/or shared recode documentation are available; completeness as an authored poll-specific codebook is not established.,us-btp-health-education-2005-cdd-btp-health-education-2005-survey-variables;us-btp-health-education-2005-cdd-btp-health-education-2005-survey-value-labels;us-btp-health-education-2005-material-14f09619eb8626fc-btp-health-education-2005;us-btp-health-education-2005-material-e0ff5cf4f836a41b-btp-health-education-2005;us-btp-health-education-2005-material-9408908108592c63-btp-health-education-2005;us-btp-health-education-2005-material-7af1872d80219bc0-btp-health-education-2005
vermont-energy-2007,questionnaires,available,Existing local source (s) and/or newly downloaded documents identified; see cited references.,us-vermont-energy-2007-cdd-vermont-energy-2007-questionnaire-post-key;us-vermont-energy-2007-cdd-vermont-energy-2007-questionnaire-pre
vermont-energy-2007,briefing-materials,available,Existing local source (s) and/or newly downloaded documents identified; see cited references.,us-vermont-energy-2007-material-47b6df15a654578f-vermont-energy-2007;us-vermont-energy-2007-vermont-energy-briefing
vermont-energy-2007,event-reports,available,Existing local source (s) and/or newly downloaded documents identified; see cited references.,us-vermont-energy-2007-material-4710440da6eb03c4-vermont-energy-2007;us-vermont-energy-2007-stanford-event
vermont-energy-2007,papers,available,Existing local source (s) and/or newly downloaded documents identified; see cited references.,us-vermont-energy-2007-material-e64dd7d44feac2a2-vermont-energy-2007;us-vermont-energy-2007-taking-it-to-the-streets-2008
vermont-energy-2007,codebooks,partial,Variable/value-label dictionaries and/or shared recode documentation are available; completeness as an authored poll-specific codebook is not established.,us-vermont-energy-2007-cdd-vermont-energy-2007-survey-variables;us-vermont-energy-2007-cdd-vermont-energy-2007-survey-value-labels
btp-2007,questionnaires,available,Complete Questionnaire Text section inside original codebook.pdf; no separate duplicate instrument needed.,us-btp-2007-material-15325174029c8c47-btp-2007;us-btp-2007-stanford-event;us-btp-2007-embedded-questionnaire;us-btp-2007-cdd-btp-2007-codebook
btp-2007,briefing-materials,available,Existing local source (s) and/or newly downloaded documents identified; see cited references.,us-btp-2007-material-37d5cbb761443373-btp-2007;us-btp-2007-citizenship-briefing
btp-2007,event-reports,available,Existing local source (s) and/or newly downloaded documents identified; see cited references.,us-btp-2007-material-15325174029c8c47-btp-2007;us-btp-2007-stanford-event
btp-2007,papers,not-found,"Reviewed local archive, official event/results/material pages and targeted research searches; no directly verified poll-specific empirical research paper retrieved.",us-btp-2007-material-15325174029c8c47-btp-2007;us-btp-2007-stanford-event
btp-2007,codebooks,available,"Original authored codebook contains Study Description, sample selection/weighting, variable documentation and full questionnaire text.",us-btp-2007-cdd-btp-2007-survey-variables;us-btp-2007-cdd-btp-2007-survey-value-labels;us-btp-2007-cdd-btp-2007-codebook
san-mateo-2008,questionnaires,available,Existing local source (s) and/or newly downloaded documents identified; see cited references.,us-san-mateo-2008-cdd-san-mateo-2008-questionnaire-pre;us-san-mateo-2008-cdd-san-mateo-2008-questionnaire-post
san-mateo-2008,briefing-materials,available,Existing local source (s) and/or newly downloaded documents identified; see cited references.,us-san-mateo-2008-material-4ee886368a2d2e44-san-mateo-2008
san-mateo-2008,event-reports,available,Existing local source (s) and/or newly downloaded documents identified; see cited references.,us-san-mateo-2008-material-583e1dd46d32ddf7-san-mateo-2008;us-san-mateo-2008-stanford-event
san-mateo-2008,papers,not-found,"Reviewed local archive, official event/results/material pages and targeted research searches; no directly verified poll-specific empirical research paper retrieved.",us-san-mateo-2008-material-7731a4ce1a2d98a7-san-mateo-2008;us-san-mateo-2008-material-583e1dd46d32ddf7-san-mateo-2008;us-san-mateo-2008-stanford-event
san-mateo-2008,codebooks,partial,Variable/value-label dictionaries and/or shared recode documentation are available; completeness as an authored poll-specific codebook is not established.,us-san-mateo-2008-cdd-san-mateo-2008-survey-variables;us-san-mateo-2008-cdd-san-mateo-2008-survey-value-labels;us-san-mateo-2008-material-14f09619eb8626fc-san-mateo-2008;us-san-mateo-2008-material-e0ff5cf4f836a41b-san-mateo-2008;us-san-mateo-2008-material-9408908108592c63-san-mateo-2008;us-san-mateo-2008-material-7af1872d80219bc0-san-mateo-2008
michigan-2009,questionnaires,available,Existing local source (s) and/or newly downloaded documents identified; see cited references.,us-michigan-2009-cdd-michigan-2009-questionnaire-pre;us-michigan-2009-cdd-michigan-2009-questionnaire-post
michigan-2009,briefing-materials,available,Existing local source (s) and/or newly downloaded documents identified; see cited references.,us-michigan-2009-material-d84a83e52feff108-michigan-2009;us-michigan-2009-michigan-participant-guide
michigan-2009,event-reports,available,Existing local source (s) and/or newly downloaded documents identified; see cited references.,us-michigan-2009-material-bb554247c8bade38-michigan-2009;us-michigan-2009-stanford-event
michigan-2009,papers,not-found,"Reviewed official results, briefing documents and targeted scholar/web searches; no directly verified empirical research paper specifically analyzing this poll retrieved. Michigan AAPOR 2010 title appears in author CV but fullpaper/unambiguousversion not obtained.",us-michigan-2009-material-bb554247c8bade38-michigan-2009;us-michigan-2009-stanford-event
michigan-2009,codebooks,partial,Variable/value-label dictionaries and/or shared recode documentation are available; completeness as an authored poll-specific codebook is not established.,us-michigan-2009-cdd-michigan-2009-survey-variables;us-michigan-2009-cdd-michigan-2009-survey-value-labels
california-whats-next-2011,questionnaires,available,Existing local source (s) and/or newly downloaded documents identified; see cited references.,us-california-whats-next-2011-cdd-california-whats-next-2011-questionnaire-pre;us-california-whats-next-2011-cdd-california-whats-next-2011-questionnaire-post
california-whats-next-2011,briefing-materials,available,Existing local source (s) and/or newly downloaded documents identified; see cited references.,us-california-whats-next-2011-material-e989fb089d4108a1-california-whats-next-2011;us-california-whats-next-2011-california-participant-guide
california-whats-next-2011,event-reports,available,Existing local source (s) and/or newly downloaded documents identified; see cited references.,us-california-whats-next-2011-material-0b2e0edeea3aca9c-california-whats-next-2011;us-california-whats-next-2011-stanford-event
california-whats-next-2011,papers,available,Existing local source (s) and/or newly downloaded documents identified; see cited references.,us-california-whats-next-2011-material-5cb1d017f73d4742-california-whats-next-2011;us-california-whats-next-2011-deliberative-agenda-setting;us-california-whats-next-2011-published-agenda-setting
california-whats-next-2011,codebooks,partial,Variable/value-label dictionaries and/or shared recode documentation are available; completeness as an authored poll-specific codebook is not established.,us-california-whats-next-2011-cdd-california-whats-next-2011-survey-variables;us-california-whats-next-2011-cdd-california-whats-next-2011-survey-value-labels;us-california-whats-next-2011-cdd-california-whats-next-2011-codebook
america-in-one-room-2019,questionnaires,partial,"Methods, article and issue-result tables document questions and sample design, but a standalone full questionnaire/codebook was not verified in this pass. Follow public article replication supplements; do not treat briefing booklet as questionnaire. Harvard Dataverse DOI 10.7910/DVN/KJ8IH2 landing/API access returned 403 during this check; no claim to have inspected those files.",us-america-in-one-room-2019-material-f937811041f72f6f-america-in-one-room-2019;us-america-in-one-room-2019-material-c231aae89955d3d7-america-in-one-room-2019;us-america-in-one-room-2019-material-16c84a17f5152926-america-in-one-room-2019;us-america-in-one-room-2019-a1r-2019-norc-methods;us-america-in-one-room-2019-a1r-2019-executive-summary;us-america-in-one-room-2019-stanford-event;us-america-in-one-room-2019-apsr2021
america-in-one-room-2019,briefing-materials,available,Existing local source (s) and/or newly downloaded documents identified; see cited references.,us-america-in-one-room-2019-material-96ffcf2f21674cbf-america-in-one-room-2019;us-america-in-one-room-2019-a1r-2019-briefing
america-in-one-room-2019,event-reports,available,Existing local source (s) and/or newly downloaded documents identified; see cited references.,us-america-in-one-room-2019-material-16c84a17f5152926-america-in-one-room-2019;us-america-in-one-room-2019-a1r-2019-executive-summary;us-america-in-one-room-2019-stanford-event
america-in-one-room-2019,papers,available,Existing local source (s) and/or newly downloaded documents identified; see cited references.,us-america-in-one-room-2019-material-f937811041f72f6f-america-in-one-room-2019;us-america-in-one-room-2019-apsr2021
america-in-one-room-2019,codebooks,partial,"Methods, article and issue-result tables document questions and sample design, but a standalone full questionnaire/codebook was not verified in this pass. Follow public article replication supplements; do not treat briefing booklet as questionnaire. Harvard Dataverse DOI 10.7910/DVN/KJ8IH2 landing/API access returned 403 during this check; no claim to have inspected those files.",us-america-in-one-room-2019-oos-a1r-codebook;us-america-in-one-room-2019-oos-a1r-code
a1r-climate-2021,questionnaires,partial,"Methods, article and issue-result tables document questions and sample design, but a standalone full questionnaire/codebook was not verified in this pass. Follow public article replication supplements; do not treat briefing booklet as questionnaire.",us-a1r-climate-2021-material-76ae7185d1d8b5db-a1r-climate-2021;us-a1r-climate-2021-material-c798742af8d64fbb-a1r-climate-2021;us-a1r-climate-2021-material-8373611151769a55-a1r-climate-2021;us-a1r-climate-2021-oos-climate-results;us-a1r-climate-2021-stanford-event;us-a1r-climate-2021-perspectives2025
a1r-climate-2021,briefing-materials,available,Existing local source (s) and/or newly downloaded documents identified; see cited references.,us-a1r-climate-2021-material-041ca9052fe2cfc6-a1r-climate-2021
a1r-climate-2021,event-reports,available,Existing local source (s) and/or newly downloaded documents identified; see cited references.,us-a1r-climate-2021-material-8373611151769a55-a1r-climate-2021;us-a1r-climate-2021-oos-climate-results;us-a1r-climate-2021-stanford-event
a1r-climate-2021,papers,available,Existing local source (s) and/or newly downloaded documents identified; see cited references.,us-a1r-climate-2021-material-76ae7185d1d8b5db-a1r-climate-2021;us-a1r-climate-2021-perspectives2025
a1r-climate-2021,codebooks,partial,"Methods, article and issue-result tables document questions and sample design, but a standalone full questionnaire/codebook was not verified in this pass. Follow public article replication supplements; do not treat briefing booklet as questionnaire.",us-a1r-climate-2021-material-76ae7185d1d8b5db-a1r-climate-2021;us-a1r-climate-2021-material-c798742af8d64fbb-a1r-climate-2021;us-a1r-climate-2021-material-8373611151769a55-a1r-climate-2021;us-a1r-climate-2021-oos-climate-results;us-a1r-climate-2021-stanford-event;us-a1r-climate-2021-perspectives2025
uk-crime-1994,questionnaires,available,"Reviewed local manifests, archived material titles/content and official event/research sources; availability does not establish complete wave/language coverage.",uk-crime-1994-local-material-580ac20de6f19c5c-uk-crime-1994;uk-crime-1994-download-material-580ac20de6f19c5c
uk-crime-1994,briefing-materials,available,"Reviewed local manifests, archived material titles/content and official event/research sources; availability does not establish complete wave/language coverage.",uk-crime-1994-local-material-c082c7217c856b73-uk-crime-1994;uk-crime-1994-download-material-c082c7217c856b73
uk-crime-1994,event-reports,external-only,"Reviewed local manifests, archived material titles/content and official event/research sources; availability does not establish complete wave/language coverage.",uk-crime-1994-stanford-event
uk-crime-1994,papers,available,"Reviewed local manifests, archived material titles/content and official event/research sources; availability does not establish complete wave/language coverage.",uk-crime-1994-local-material-628f37bfc90de006-uk-crime-1994;uk-crime-1994-local-material-6eaeae118f40db64-uk-crime-1994;uk-crime-1994-local-material-6180dbb6f0a7a41c-uk-crime-1994;uk-crime-1994-local-material-3d9d41d8bc592937-uk-crime-1994;uk-crime-1994-local-material-29cbe30c018c2d68-uk-crime-1994;uk-crime-1994-uk-comparative-paper;uk-crime-1994-considered-opinions
uk-crime-1994,codebooks,partial,Generated variable/value-label dictionaries available where listed; a complete fielded codebook and all missing-value/routing instructions are not thereby established.,uk-crime-1994-local-cdd-uk-crime-variables;uk-crime-1994-local-cdd-uk-crime-value-labels;uk-crime-1994-local-cdd-uk-crime-codebook
uk-eu-1995,questionnaires,not-found,"Reviewed local manifests, archived material titles/content and official event/research sources; availability does not establish complete wave/language coverage.",uk-eu-1995-local-cdd-uk-eu-variables;uk-eu-1995-local-cdd-uk-eu-value-labels;uk-eu-1995-local-cdd-uk-eu-codebook;uk-eu-1995-local-material-6eaeae118f40db64-uk-eu-1995;uk-eu-1995-local-material-7731a4ce1a2d98a7-uk-eu-1995;uk-eu-1995-local-material-7ad6c3c2eb5f0731-uk-eu-1995;uk-eu-1995-local-material-3d9d41d8bc592937-uk-eu-1995;uk-eu-1995-local-material-29cbe30c018c2d68-uk-eu-1995;uk-eu-1995-download-material-29cbe30c018c2d68;uk-eu-1995-considered-opinions
uk-eu-1995,briefing-materials,not-found,No event-specific briefing file located in inspected local poll manifests or official project/research links; not evidence that no briefing existed.,uk-eu-1995-local-cdd-uk-eu-variables;uk-eu-1995-local-cdd-uk-eu-value-labels;uk-eu-1995-local-cdd-uk-eu-codebook;uk-eu-1995-local-material-6eaeae118f40db64-uk-eu-1995;uk-eu-1995-local-material-7731a4ce1a2d98a7-uk-eu-1995;uk-eu-1995-local-material-7ad6c3c2eb5f0731-uk-eu-1995;uk-eu-1995-local-material-3d9d41d8bc592937-uk-eu-1995;uk-eu-1995-local-material-29cbe30c018c2d68-uk-eu-1995;uk-eu-1995-download-material-29cbe30c018c2d68;uk-eu-1995-considered-opinions
uk-eu-1995,event-reports,external-only,"Contemporaneous parliamentary event account located, but no dedicated final poll report; its May date conflicts with later research June date.",uk-eu-1995-local-cdd-uk-eu-variables;uk-eu-1995-local-cdd-uk-eu-value-labels;uk-eu-1995-local-cdd-uk-eu-codebook;uk-eu-1995-local-material-6eaeae118f40db64-uk-eu-1995;uk-eu-1995-local-material-7731a4ce1a2d98a7-uk-eu-1995;uk-eu-1995-local-material-7ad6c3c2eb5f0731-uk-eu-1995;uk-eu-1995-local-material-3d9d41d8bc592937-uk-eu-1995;uk-eu-1995-local-material-29cbe30c018c2d68-uk-eu-1995;uk-eu-1995-download-material-29cbe30c018c2d68;uk-eu-1995-considered-opinions;uk-eu-1995-canadian-testimony
uk-eu-1995,papers,available,"Reviewed local manifests, archived material titles/content and official event/research sources; availability does not establish complete wave/language coverage.",uk-eu-1995-local-material-6eaeae118f40db64-uk-eu-1995;uk-eu-1995-local-material-7ad6c3c2eb5f0731-uk-eu-1995;uk-eu-1995-local-material-3d9d41d8bc592937-uk-eu-1995;uk-eu-1995-local-material-29cbe30c018c2d68-uk-eu-1995;uk-eu-1995-download-material-29cbe30c018c2d68;uk-eu-1995-considered-opinions
uk-eu-1995,codebooks,partial,Generated variable/value-label dictionaries available where listed; a complete fielded codebook and all missing-value/routing instructions are not thereby established.,uk-eu-1995-local-cdd-uk-eu-variables;uk-eu-1995-local-cdd-uk-eu-value-labels;uk-eu-1995-local-cdd-uk-eu-codebook
uk-monarchy-1996,questionnaires,not-found,"Reviewed local manifests, archived material titles/content and official event/research sources; availability does not establish complete wave/language coverage.",uk-monarchy-1996-local-cdd-uk-monarchy-1996-variables;uk-monarchy-1996-local-cdd-uk-monarchy-1996-value-labels;uk-monarchy-1996-local-cdd-uk-monarchy-1996-codebook;uk-monarchy-1996-local-material-6eaeae118f40db64-uk-monarchy-1996;uk-monarchy-1996-local-material-7731a4ce1a2d98a7-uk-monarchy-1996;uk-monarchy-1996-local-material-7ad6c3c2eb5f0731-uk-monarchy-1996;uk-monarchy-1996-local-material-3d9d41d8bc592937-uk-monarchy-1996;uk-monarchy-1996-local-material-29cbe30c018c2d68-uk-monarchy-1996;uk-monarchy-1996-uk-comparative-paper;uk-monarchy-1996-considered-opinions
uk-monarchy-1996,briefing-materials,not-found,No event-specific briefing file located in inspected local poll manifests or official project/research links; not evidence that no briefing existed.,uk-monarchy-1996-local-cdd-uk-monarchy-1996-variables;uk-monarchy-1996-local-cdd-uk-monarchy-1996-value-labels;uk-monarchy-1996-local-cdd-uk-monarchy-1996-codebook;uk-monarchy-1996-local-material-6eaeae118f40db64-uk-monarchy-1996;uk-monarchy-1996-local-material-7731a4ce1a2d98a7-uk-monarchy-1996;uk-monarchy-1996-local-material-7ad6c3c2eb5f0731-uk-monarchy-1996;uk-monarchy-1996-local-material-3d9d41d8bc592937-uk-monarchy-1996;uk-monarchy-1996-local-material-29cbe30c018c2d68-uk-monarchy-1996;uk-monarchy-1996-uk-comparative-paper;uk-monarchy-1996-considered-opinions
uk-monarchy-1996,event-reports,not-found,"Reviewed local manifests, archived material titles/content and official event/research sources; availability does not establish complete wave/language coverage.",uk-monarchy-1996-local-cdd-uk-monarchy-1996-variables;uk-monarchy-1996-local-cdd-uk-monarchy-1996-value-labels;uk-monarchy-1996-local-cdd-uk-monarchy-1996-codebook;uk-monarchy-1996-local-material-6eaeae118f40db64-uk-monarchy-1996;uk-monarchy-1996-local-material-7731a4ce1a2d98a7-uk-monarchy-1996;uk-monarchy-1996-local-material-7ad6c3c2eb5f0731-uk-monarchy-1996;uk-monarchy-1996-local-material-3d9d41d8bc592937-uk-monarchy-1996;uk-monarchy-1996-local-material-29cbe30c018c2d68-uk-monarchy-1996;uk-monarchy-1996-uk-comparative-paper;uk-monarchy-1996-considered-opinions
uk-monarchy-1996,papers,available,"Reviewed local manifests, archived material titles/content and official event/research sources; availability does not establish complete wave/language coverage.",uk-monarchy-1996-local-material-6eaeae118f40db64-uk-monarchy-1996;uk-monarchy-1996-local-material-7ad6c3c2eb5f0731-uk-monarchy-1996;uk-monarchy-1996-local-material-3d9d41d8bc592937-uk-monarchy-1996;uk-monarchy-1996-local-material-29cbe30c018c2d68-uk-monarchy-1996;uk-monarchy-1996-uk-comparative-paper;uk-monarchy-1996-considered-opinions
uk-monarchy-1996,codebooks,partial,Generated variable/value-label dictionaries available where listed; a complete fielded codebook and all missing-value/routing instructions are not thereby established.,uk-monarchy-1996-local-cdd-uk-monarchy-1996-variables;uk-monarchy-1996-local-cdd-uk-monarchy-1996-value-labels;uk-monarchy-1996-local-cdd-uk-monarchy-1996-codebook
uk-general-election-1997,questionnaires,not-found,"Reviewed local manifests, archived material titles/content and official event/research sources; availability does not establish complete wave/language coverage.",uk-general-election-1997-local-cdd-uk-general-election-1997-variables;uk-general-election-1997-local-cdd-uk-general-election-1997-value-labels;uk-general-election-1997-local-cdd-uk-general-election-1997-codebook;uk-general-election-1997-local-material-6eaeae118f40db64-uk-general-election-1997;uk-general-election-1997-local-material-77127c12491dcc60-uk-general-election-1997;uk-general-election-1997-local-material-7731a4ce1a2d98a7-uk-general-election-1997;uk-general-election-1997-local-material-1a6478af06bb3df1-uk-general-election-1997;uk-general-election-1997-local-material-7ad6c3c2eb5f0731-uk-general-election-1997;uk-general-election-1997-local-material-3d9d41d8bc592937-uk-general-election-1997;uk-general-election-1997-local-material-29cbe30c018c2d68-uk-general-election-1997;uk-general-election-1997-uk-comparative-paper;uk-general-election-1997-considered-opinions;uk-general-election-1997-election-design
uk-general-election-1997,briefing-materials,not-found,No event-specific briefing file located in inspected local poll manifests or official project/research links; not evidence that no briefing existed.,uk-general-election-1997-local-cdd-uk-general-election-1997-variables;uk-general-election-1997-local-cdd-uk-general-election-1997-value-labels;uk-general-election-1997-local-cdd-uk-general-election-1997-codebook;uk-general-election-1997-local-material-6eaeae118f40db64-uk-general-election-1997;uk-general-election-1997-local-material-77127c12491dcc60-uk-general-election-1997;uk-general-election-1997-local-material-7731a4ce1a2d98a7-uk-general-election-1997;uk-general-election-1997-local-material-1a6478af06bb3df1-uk-general-election-1997;uk-general-election-1997-local-material-7ad6c3c2eb5f0731-uk-general-election-1997;uk-general-election-1997-local-material-3d9d41d8bc592937-uk-general-election-1997;uk-general-election-1997-local-material-29cbe30c018c2d68-uk-general-election-1997;uk-general-election-1997-uk-comparative-paper;uk-general-election-1997-considered-opinions;uk-general-election-1997-election-design
uk-general-election-1997,event-reports,not-found,"Reviewed local manifests, archived material titles/content and official event/research sources; availability does not establish complete wave/language coverage.",uk-general-election-1997-local-cdd-uk-general-election-1997-variables;uk-general-election-1997-local-cdd-uk-general-election-1997-value-labels;uk-general-election-1997-local-cdd-uk-general-election-1997-codebook;uk-general-election-1997-local-material-6eaeae118f40db64-uk-general-election-1997;uk-general-election-1997-local-material-77127c12491dcc60-uk-general-election-1997;uk-general-election-1997-local-material-7731a4ce1a2d98a7-uk-general-election-1997;uk-general-election-1997-local-material-1a6478af06bb3df1-uk-general-election-1997;uk-general-election-1997-local-material-7ad6c3c2eb5f0731-uk-general-election-1997;uk-general-election-1997-local-material-3d9d41d8bc592937-uk-general-election-1997;uk-general-election-1997-local-material-29cbe30c018c2d68-uk-general-election-1997;uk-general-election-1997-uk-comparative-paper;uk-general-election-1997-considered-opinions;uk-general-election-1997-election-design
uk-general-election-1997,papers,available,"Reviewed local manifests, archived material titles/content and official event/research sources; availability does not establish complete wave/language coverage.",uk-general-election-1997-local-material-6eaeae118f40db64-uk-general-election-1997;uk-general-election-1997-local-material-77127c12491dcc60-uk-general-election-1997;uk-general-election-1997-local-material-1a6478af06bb3df1-uk-general-election-1997;uk-general-election-1997-local-material-7ad6c3c2eb5f0731-uk-general-election-1997;uk-general-election-1997-local-material-3d9d41d8bc592937-uk-general-election-1997;uk-general-election-1997-local-material-29cbe30c018c2d68-uk-general-election-1997;uk-general-election-1997-uk-comparative-paper;uk-general-election-1997-considered-opinions;uk-general-election-1997-election-design
uk-general-election-1997,codebooks,partial,Generated variable/value-label dictionaries available where listed; a complete fielded codebook and all missing-value/routing instructions are not thereby established.,uk-general-election-1997-local-cdd-uk-general-election-1997-variables;uk-general-election-1997-local-cdd-uk-general-election-1997-value-labels;uk-general-election-1997-local-cdd-uk-general-election-1997-codebook
uk-health-1998,questionnaires,not-found,"Reviewed local manifests, archived material titles/content and official event/research sources; availability does not establish complete wave/language coverage.",uk-health-1998-local-cdd-uk-health-variables;uk-health-1998-local-cdd-uk-health-value-labels;uk-health-1998-local-material-6eaeae118f40db64-uk-health-1998;uk-health-1998-local-material-7731a4ce1a2d98a7-uk-health-1998;uk-health-1998-local-material-7ad6c3c2eb5f0731-uk-health-1998;uk-health-1998-local-material-3d9d41d8bc592937-uk-health-1998;uk-health-1998-local-material-29cbe30c018c2d68-uk-health-1998;uk-health-1998-uk-comparative-paper;uk-health-1998-considered-opinions;uk-health-1998-health-project-report
uk-health-1998,briefing-materials,not-found,No event-specific briefing file located in inspected local poll manifests or official project/research links; not evidence that no briefing existed.,uk-health-1998-local-cdd-uk-health-variables;uk-health-1998-local-cdd-uk-health-value-labels;uk-health-1998-local-material-6eaeae118f40db64-uk-health-1998;uk-health-1998-local-material-7731a4ce1a2d98a7-uk-health-1998;uk-health-1998-local-material-7ad6c3c2eb5f0731-uk-health-1998;uk-health-1998-local-material-3d9d41d8bc592937-uk-health-1998;uk-health-1998-local-material-29cbe30c018c2d68-uk-health-1998;uk-health-1998-uk-comparative-paper;uk-health-1998-considered-opinions;uk-health-1998-health-project-report
uk-health-1998,event-reports,external-only,"Project report identified and its section 3 inspected through indexed text; direct PDF download failed. It is a project report, not the complete questionnaire.",uk-health-1998-health-project-report
uk-health-1998,papers,available,"Reviewed local manifests, archived material titles/content and official event/research sources; availability does not establish complete wave/language coverage.",uk-health-1998-local-material-6eaeae118f40db64-uk-health-1998;uk-health-1998-local-material-7ad6c3c2eb5f0731-uk-health-1998;uk-health-1998-local-material-3d9d41d8bc592937-uk-health-1998;uk-health-1998-local-material-29cbe30c018c2d68-uk-health-1998;uk-health-1998-uk-comparative-paper;uk-health-1998-considered-opinions
uk-health-1998,codebooks,partial,Generated variable/value-label dictionaries available where listed; a complete fielded codebook and all missing-value/routing instructions are not thereby established.,uk-health-1998-local-cdd-uk-health-variables;uk-health-1998-local-cdd-uk-health-value-labels
australia-republic-1999,questionnaires,not-found,"Reviewed local manifests, archived material titles/content and official event/research sources; availability does not establish complete wave/language coverage.",australia-republic-1999-stanford-event;australia-republic-1999-local-cdd-australia-republic-1999-survey-variables;australia-republic-1999-local-cdd-australia-republic-1999-survey-value-labels;australia-republic-1999-local-cdd-australia-republic-1999-codebook;australia-republic-1999-local-material-218f80d359921e91-australia-republic-1999;australia-republic-1999-local-material-7731a4ce1a2d98a7-australia-republic-1999;australia-republic-1999-local-material-a7a3c9c03cb4f75a-australia-republic-1999;australia-republic-1999-local-material-7ad6c3c2eb5f0731-australia-republic-1999;australia-republic-1999-referendum-paper;australia-republic-1999-british-comparative-overview
australia-republic-1999,briefing-materials,not-found,No event-specific briefing file located in inspected local poll manifests or official project/research links; not evidence that no briefing existed.,australia-republic-1999-stanford-event;australia-republic-1999-local-cdd-australia-republic-1999-survey-variables;australia-republic-1999-local-cdd-australia-republic-1999-survey-value-labels;australia-republic-1999-local-cdd-australia-republic-1999-codebook;australia-republic-1999-local-material-218f80d359921e91-australia-republic-1999;australia-republic-1999-local-material-7731a4ce1a2d98a7-australia-republic-1999;australia-republic-1999-local-material-a7a3c9c03cb4f75a-australia-republic-1999;australia-republic-1999-local-material-7ad6c3c2eb5f0731-australia-republic-1999;australia-republic-1999-referendum-paper;australia-republic-1999-british-comparative-overview
australia-republic-1999,event-reports,external-only,"Reviewed local manifests, archived material titles/content and official event/research sources; availability does not establish complete wave/language coverage.",australia-republic-1999-stanford-event
australia-republic-1999,papers,available,"Reviewed local manifests, archived material titles/content and official event/research sources; availability does not establish complete wave/language coverage.",australia-republic-1999-local-material-218f80d359921e91-australia-republic-1999;australia-republic-1999-local-material-a7a3c9c03cb4f75a-australia-republic-1999;australia-republic-1999-local-material-7ad6c3c2eb5f0731-australia-republic-1999;australia-republic-1999-referendum-paper;australia-republic-1999-british-comparative-overview
australia-republic-1999,codebooks,partial,Generated variable/value-label dictionaries available where listed; a complete fielded codebook and all missing-value/routing instructions are not thereby established.,australia-republic-1999-local-cdd-australia-republic-1999-survey-variables;australia-republic-1999-local-cdd-australia-republic-1999-survey-value-labels;australia-republic-1999-local-cdd-australia-republic-1999-codebook
denmark-euro-2000,questionnaires,available,"Reviewed local manifests, archived material titles/content and official event/research sources; availability does not establish complete wave/language coverage.",denmark-euro-2000-local-cdd-denmark-euro-2000-questionnaire;denmark-euro-2000-local-material-ee26ba3b4b986754-denmark-euro-2000
denmark-euro-2000,briefing-materials,not-found,No event-specific briefing file located in inspected local poll manifests or official project/research links; not evidence that no briefing existed.,denmark-euro-2000-stanford-event;denmark-euro-2000-local-cdd-denmark-euro-2000-survey-variables;denmark-euro-2000-local-cdd-denmark-euro-2000-survey-value-labels;denmark-euro-2000-local-cdd-denmark-euro-2000-departure-variables;denmark-euro-2000-local-cdd-denmark-euro-2000-departure-value-labels;denmark-euro-2000-local-cdd-denmark-euro-2000-questionnaire;denmark-euro-2000-local-material-ee26ba3b4b986754-denmark-euro-2000;denmark-euro-2000-local-material-74c9b79b98a13028-denmark-euro-2000;denmark-euro-2000-local-material-c14992b83e1071df-denmark-euro-2000;denmark-euro-2000-local-material-63b8bfe9d098fd38-denmark-euro-2000;denmark-euro-2000-download-material-c14992b83e1071df;denmark-euro-2000-download-material-63b8bfe9d098fd38
denmark-euro-2000,event-reports,available,"Reviewed local manifests, archived material titles/content and official event/research sources; availability does not establish complete wave/language coverage.",denmark-euro-2000-stanford-event;denmark-euro-2000-local-material-74c9b79b98a13028-denmark-euro-2000
denmark-euro-2000,papers,available,"Reviewed local manifests, archived material titles/content and official event/research sources; availability does not establish complete wave/language coverage.",denmark-euro-2000-local-material-c14992b83e1071df-denmark-euro-2000;denmark-euro-2000-local-material-63b8bfe9d098fd38-denmark-euro-2000;denmark-euro-2000-download-material-c14992b83e1071df;denmark-euro-2000-download-material-63b8bfe9d098fd38
denmark-euro-2000,codebooks,partial,Generated variable/value-label dictionaries available where listed; a complete fielded codebook and all missing-value/routing instructions are not thereby established.,denmark-euro-2000-local-cdd-denmark-euro-2000-survey-variables;denmark-euro-2000-local-cdd-denmark-euro-2000-survey-value-labels;denmark-euro-2000-local-cdd-denmark-euro-2000-departure-variables;denmark-euro-2000-local-cdd-denmark-euro-2000-departure-value-labels
zeguo-2005,questionnaires,available,"Reviewed local manifests, archived material titles/content and official event/research sources; availability does not establish complete wave/language coverage.",zeguo-2005-local-cdd-zeguo-2005-survey-source-materials-questionnaire-alternative-doc;zeguo-2005-local-cdd-zeguo-2005-survey-source-materials-questionnaire-doc
zeguo-2005,briefing-materials,not-found,No event-specific briefing file located in inspected local poll manifests or official project/research links; not evidence that no briefing existed.,zeguo-2005-stanford-event;zeguo-2005-local-material-200a7dbb56cc4ee8-zeguo-2005;zeguo-2005-local-material-7731a4ce1a2d98a7-zeguo-2005;zeguo-2005-local-material-a8dcbc6a800da6df-zeguo-2005;zeguo-2005-local-material-8e14cef76edb31bd-zeguo-2005;zeguo-2005-local-cdd-zeguo-2005-survey-source-materials-questionnaire-alternative-doc;zeguo-2005-local-cdd-zeguo-2005-survey-source-materials-questionnaire-doc;zeguo-2005-local-cdd-zeguo-2005-survey-value-labels-csv;zeguo-2005-local-cdd-zeguo-2005-survey-variables-csv;zeguo-2005-local-material-522e49dd28f72e9d-zeguo-2005;zeguo-2005-download-material-522e49dd28f72e9d;zeguo-2005-china-bjps
zeguo-2005,event-reports,available,"Reviewed local manifests, archived material titles/content and official event/research sources; availability does not establish complete wave/language coverage.",zeguo-2005-stanford-event;zeguo-2005-local-material-a8dcbc6a800da6df-zeguo-2005
zeguo-2005,papers,available,"Reviewed local manifests, archived material titles/content and official event/research sources; availability does not establish complete wave/language coverage.",zeguo-2005-local-material-200a7dbb56cc4ee8-zeguo-2005;zeguo-2005-local-material-8e14cef76edb31bd-zeguo-2005;zeguo-2005-local-material-522e49dd28f72e9d-zeguo-2005;zeguo-2005-download-material-522e49dd28f72e9d;zeguo-2005-china-bjps
zeguo-2005,codebooks,partial,Generated variable/value-label dictionaries available where listed; a complete fielded codebook and all missing-value/routing instructions are not thereby established.,zeguo-2005-local-cdd-zeguo-2005-survey-value-labels-csv;zeguo-2005-local-cdd-zeguo-2005-survey-variables-csv
marousi-2006,questionnaires,available,"Reviewed local manifests, archived material titles/content and official event/research sources; availability does not establish complete wave/language coverage.",marousi-2006-local-marousi-questionnaire;marousi-2006-local-material-e4ff48dd7ec7136b-marousi-2006
marousi-2006,briefing-materials,not-found,No event-specific briefing file located in inspected local poll manifests or official project/research links; not evidence that no briefing existed.,marousi-2006-stanford-event;marousi-2006-local-marousi-questionnaire;marousi-2006-local-marousi-knowledge-distributions;marousi-2006-local-material-e4ff48dd7ec7136b-marousi-2006;marousi-2006-local-material-7da07755d2a41276-marousi-2006;marousi-2006-local-material-155b82dabd668a4c-marousi-2006;marousi-2006-download-material-155b82dabd668a4c;marousi-2006-athens-paper
marousi-2006,event-reports,available,"Reviewed local manifests, archived material titles/content and official event/research sources; availability does not establish complete wave/language coverage.",marousi-2006-stanford-event;marousi-2006-local-marousi-knowledge-distributions;marousi-2006-local-material-7da07755d2a41276-marousi-2006
marousi-2006,papers,available,"Reviewed local manifests, archived material titles/content and official event/research sources; availability does not establish complete wave/language coverage.",marousi-2006-local-material-155b82dabd668a4c-marousi-2006;marousi-2006-download-material-155b82dabd668a4c;marousi-2006-athens-paper
marousi-2006,codebooks,not-found,"Reviewed local manifests, archived material titles/content and official event/research sources; availability does not establish complete wave/language coverage.",marousi-2006-stanford-event;marousi-2006-local-marousi-questionnaire;marousi-2006-local-marousi-knowledge-distributions;marousi-2006-local-material-e4ff48dd7ec7136b-marousi-2006;marousi-2006-local-material-7da07755d2a41276-marousi-2006;marousi-2006-local-material-155b82dabd668a4c-marousi-2006;marousi-2006-download-material-155b82dabd668a4c;marousi-2006-athens-paper
tomorrows-europe-2007,questionnaires,partial,Local post questionnaire available; complete fielded baseline/arrival and all translated versions not established.,tomorrows-europe-2007-local-cdd-tomorrows-europe-2007-questionnaire-post
tomorrows-europe-2007,briefing-materials,available,"Reviewed local manifests, archived material titles/content and official event/research sources; availability does not establish complete wave/language coverage.",tomorrows-europe-2007-local-material-f90287898da63cab-tomorrows-europe-2007;tomorrows-europe-2007-download-material-f90287898da63cab;tomorrows-europe-2007-english-briefing
tomorrows-europe-2007,event-reports,available,"Reviewed local manifests, archived material titles/content and official event/research sources; availability does not establish complete wave/language coverage.",tomorrows-europe-2007-stanford-event;tomorrows-europe-2007-local-material-9710e3ebbfe9a06b-tomorrows-europe-2007;tomorrows-europe-2007-local-material-37b35008f0af201c-tomorrows-europe-2007;tomorrows-europe-2007-notre-europe-launch
tomorrows-europe-2007,papers,available,"Reviewed local manifests, archived material titles/content and official event/research sources; availability does not establish complete wave/language coverage.",tomorrows-europe-2007-local-material-86bcea3e357b2aef-tomorrows-europe-2007
tomorrows-europe-2007,codebooks,partial,Generated variable/value-label dictionaries available where listed; a complete fielded codebook and all missing-value/routing instructions are not thereby established.,tomorrows-europe-2007-local-cdd-tomorrows-europe-2007-survey-variables;tomorrows-europe-2007-local-cdd-tomorrows-europe-2007-survey-value-labels
bulgaria-2007,questionnaires,not-found,"Reviewed local manifests, archived material titles/content and official event/research sources; availability does not establish complete wave/language coverage.",bulgaria-2007-stanford-event;bulgaria-2007-local-material-e08ccad4db68fd52-bulgaria-2007;bulgaria-2007-local-material-d1ce28351e39622b-bulgaria-2007;bulgaria-2007-local-material-a7b7e414d0937f7a-bulgaria-2007;bulgaria-2007-local-material-c64d658b4e543709-bulgaria-2007;bulgaria-2007-download-material-a7b7e414d0937f7a;bulgaria-2007-download-material-c64d658b4e543709;bulgaria-2007-download-material-87cbe5fd80dce462;bulgaria-2007-cls-event;bulgaria-2007-roma-working-paper
bulgaria-2007,briefing-materials,available,"Reviewed local manifests, archived material titles/content and official event/research sources; availability does not establish complete wave/language coverage.",bulgaria-2007-download-material-87cbe5fd80dce462
bulgaria-2007,event-reports,available,"Reviewed local manifests, archived material titles/content and official event/research sources; availability does not establish complete wave/language coverage.",bulgaria-2007-stanford-event;bulgaria-2007-local-material-d1ce28351e39622b-bulgaria-2007;bulgaria-2007-local-material-c64d658b4e543709-bulgaria-2007;bulgaria-2007-download-material-c64d658b4e543709;bulgaria-2007-cls-event
bulgaria-2007,papers,available,"Reviewed local manifests, archived material titles/content and official event/research sources; availability does not establish complete wave/language coverage.",bulgaria-2007-local-material-a7b7e414d0937f7a-bulgaria-2007;bulgaria-2007-download-material-a7b7e414d0937f7a;bulgaria-2007-roma-working-paper
bulgaria-2007,codebooks,not-found,"Reviewed local manifests, archived material titles/content and official event/research sources; availability does not establish complete wave/language coverage.",bulgaria-2007-stanford-event;bulgaria-2007-local-material-e08ccad4db68fd52-bulgaria-2007;bulgaria-2007-local-material-d1ce28351e39622b-bulgaria-2007;bulgaria-2007-local-material-a7b7e414d0937f7a-bulgaria-2007;bulgaria-2007-local-material-c64d658b4e543709-bulgaria-2007;bulgaria-2007-download-material-a7b7e414d0937f7a;bulgaria-2007-download-material-c64d658b4e543709;bulgaria-2007-download-material-87cbe5fd80dce462;bulgaria-2007-cls-event;bulgaria-2007-roma-working-paper
northern-ireland-2007,questionnaires,not-found,"Reviewed local manifests, archived material titles/content and official event/research sources; availability does not establish complete wave/language coverage.",northern-ireland-2007-stanford-event;northern-ireland-2007-local-cdd-northern-ireland-variables;northern-ireland-2007-local-cdd-northern-ireland-value-labels;northern-ireland-2007-local-material-e1ec2452199db976-northern-ireland-2007;northern-ireland-2007-local-material-10838bd9c27c047e-northern-ireland-2007;northern-ireland-2007-local-material-2001cfa6b043a14c-northern-ireland-2007;northern-ireland-2007-local-material-1f8563f84e1fa058-northern-ireland-2007;northern-ireland-2007-download-material-1f8563f84e1fa058
northern-ireland-2007,briefing-materials,available,"Reviewed local manifests, archived material titles/content and official event/research sources; availability does not establish complete wave/language coverage.",northern-ireland-2007-local-material-1f8563f84e1fa058-northern-ireland-2007;northern-ireland-2007-download-material-1f8563f84e1fa058
northern-ireland-2007,event-reports,available,"Reviewed local manifests, archived material titles/content and official event/research sources; availability does not establish complete wave/language coverage.",northern-ireland-2007-stanford-event;northern-ireland-2007-local-material-2001cfa6b043a14c-northern-ireland-2007
northern-ireland-2007,papers,available,"Reviewed local manifests, archived material titles/content and official event/research sources; availability does not establish complete wave/language coverage.",northern-ireland-2007-local-material-e1ec2452199db976-northern-ireland-2007;northern-ireland-2007-local-material-10838bd9c27c047e-northern-ireland-2007
northern-ireland-2007,codebooks,partial,Generated variable/value-label dictionaries available where listed; a complete fielded codebook and all missing-value/routing instructions are not thereby established.,northern-ireland-2007-local-cdd-northern-ireland-variables;northern-ireland-2007-local-cdd-northern-ireland-value-labels
europolis-2009,questionnaires,partial,Local post questionnaire available; complete fielded baseline/arrival and all translated versions not established.,europolis-2009-local-cdd-europolis-2009-questionnaire-post
europolis-2009,briefing-materials,available,"Reviewed local manifests, archived material titles/content and official event/research sources; availability does not establish complete wave/language coverage.",europolis-2009-local-material-a126f509779a704d-europolis-2009;europolis-2009-download-material-a126f509779a704d
europolis-2009,event-reports,available,"Reviewed local manifests, archived material titles/content and official event/research sources; availability does not establish complete wave/language coverage.",europolis-2009-stanford-event;europolis-2009-local-material-751f122eddd882c6-europolis-2009;europolis-2009-local-material-940941bbf88e0216-europolis-2009;europolis-2009-cordis-report
europolis-2009,papers,available,"Reviewed local manifests, archived material titles/content and official event/research sources; availability does not establish complete wave/language coverage.",europolis-2009-local-material-74e34d348825e2fa-europolis-2009;europolis-2009-europolis-paper
europolis-2009,codebooks,partial,Generated variable/value-label dictionaries available where listed; a complete fielded codebook and all missing-value/routing instructions are not thereby established.,europolis-2009-local-cdd-europolis-2009-survey-variables;europolis-2009-local-cdd-europolis-2009-survey-value-labels;europolis-2009-local-cdd-europolis-2009-codebook
tanzania-2015,questionnaires,partial,The local pre-analysis plan and research appendix specify outcome items and variable mappings. A complete standalone fielded questionnaire was not located; do not equate index definitions with the full instrument.,tanzania-2015-stanford-event;tanzania-2015-local-material-76ef3bf6732b439c-tanzania-2015;tanzania-2015-local-material-fa4030127bcfcc75-tanzania-2015;tanzania-2015-local-material-794d347d2c778073-tanzania-2015;tanzania-2015-local-oos-tanzania-appendix;tanzania-2015-resource-curse-paper;tanzania-2015-cgd-project
tanzania-2015,briefing-materials,not-found,"Paper section 3.1 describes a roughly 30-minute information video vetted by researchers, industry, civil society and politicians. A standalone video script or briefing booklet was not located in inspected sources.",tanzania-2015-stanford-event;tanzania-2015-local-material-76ef3bf6732b439c-tanzania-2015;tanzania-2015-local-material-fa4030127bcfcc75-tanzania-2015;tanzania-2015-local-material-794d347d2c778073-tanzania-2015;tanzania-2015-local-oos-tanzania-appendix;tanzania-2015-resource-curse-paper;tanzania-2015-cgd-project
tanzania-2015,event-reports,available,"Reviewed local manifests, archived material titles/content and official event/research sources; availability does not establish complete wave/language coverage.",tanzania-2015-stanford-event;tanzania-2015-local-material-fa4030127bcfcc75-tanzania-2015;tanzania-2015-local-oos-tanzania-appendix;tanzania-2015-cgd-project
tanzania-2015,papers,available,"Reviewed local manifests, archived material titles/content and official event/research sources; availability does not establish complete wave/language coverage.",tanzania-2015-local-material-76ef3bf6732b439c-tanzania-2015;tanzania-2015-resource-curse-paper
tanzania-2015,codebooks,not-found,"Reviewed local manifests, archived material titles/content and official event/research sources; availability does not establish complete wave/language coverage.",tanzania-2015-stanford-event;tanzania-2015-local-material-76ef3bf6732b439c-tanzania-2015;tanzania-2015-local-material-fa4030127bcfcc75-tanzania-2015;tanzania-2015-local-material-794d347d2c778073-tanzania-2015;tanzania-2015-local-oos-tanzania-appendix;tanzania-2015-resource-curse-paper;tanzania-2015-cgd-project
amr-2024,questionnaires,external-only,Published paper data-availability statement identifies these extended-data materials in Stanford Digital Repository; individual files not yet independently inspected.,amr-2024-local-material-002584fea6952e09-amr-2024;amr-2024-amr-v2-paper;amr-2024-amr-repository
amr-2024,briefing-materials,external-only,No event-specific briefing file located in inspected local poll manifests or official project/research links; not evidence that no briefing existed.,amr-2024-local-material-002584fea6952e09-amr-2024;amr-2024-amr-v2-paper;amr-2024-amr-repository
amr-2024,event-reports,available,"Reviewed local manifests, archived material titles/content and official event/research sources; availability does not establish complete wave/language coverage.",amr-2024-local-material-002584fea6952e09-amr-2024
amr-2024,papers,external-only,"Version 2 paper inspected through PMC HTML; direct publisher/EuropePMC PDF fetch did not yield PDF bytes, so no local file claimed.",amr-2024-amr-v2-paper
amr-2024,codebooks,external-only,Published paper data-availability statement identifies these extended-data materials in Stanford Digital Repository; individual files not yet independently inspected.,amr-2024-local-material-002584fea6952e09-amr-2024;amr-2024-amr-v2-paper;amr-2024-amr-repository
bulgaria-crime-2002,questionnaires,available,"Reviewed local manifests, archived material titles/content and official event/research sources; availability does not establish complete wave/language coverage.",bulgaria-crime-2002-local-cdd-bulgaria-crime-2002-questionnaire;bulgaria-crime-2002-local-material-bfc4c51bee16ef67-bulgaria-crime-2002
bulgaria-crime-2002,briefing-materials,not-found,No event-specific briefing file located in inspected local poll manifests or official project/research links; not evidence that no briefing existed.,bulgaria-crime-2002-stanford-event;bulgaria-crime-2002-local-cdd-bulgaria-crime-2002-survey-variables;bulgaria-crime-2002-local-cdd-bulgaria-crime-2002-survey-value-labels;bulgaria-crime-2002-local-cdd-bulgaria-crime-2002-questionnaire;bulgaria-crime-2002-local-material-7731a4ce1a2d98a7-bulgaria-crime-2002;bulgaria-crime-2002-local-material-bfc4c51bee16ef67-bulgaria-crime-2002;bulgaria-crime-2002-local-material-025f70acbb91c4dd-bulgaria-crime-2002;bulgaria-crime-2002-distortions-paper
bulgaria-crime-2002,event-reports,available,"Reviewed local manifests, archived material titles/content and official event/research sources; availability does not establish complete wave/language coverage.",bulgaria-crime-2002-stanford-event;bulgaria-crime-2002-local-material-025f70acbb91c4dd-bulgaria-crime-2002
bulgaria-crime-2002,papers,external-only,"Reviewed local manifests, archived material titles/content and official event/research sources; availability does not establish complete wave/language coverage.",bulgaria-crime-2002-distortions-paper
bulgaria-crime-2002,codebooks,partial,Generated variable/value-label dictionaries available where listed; a complete fielded codebook and all missing-value/routing instructions are not thereby established.,bulgaria-crime-2002-local-cdd-bulgaria-crime-2002-survey-variables;bulgaria-crime-2002-local-cdd-bulgaria-crime-2002-survey-value-labels
porto-alegre-2009,questionnaires,not-found,Not identified for this materials-only event in the reviewed archive. This is not an exhaustive external-source search.,materials-material-a09a60580bd36c91-shared
porto-alegre-2009,briefing-materials,not-found,Not identified for this materials-only event in the reviewed archive. This is not an exhaustive external-source search.,materials-material-a09a60580bd36c91-shared
porto-alegre-2009,event-reports,not-found,Not identified for this materials-only event in the reviewed archive. This is not an exhaustive external-source search.,materials-material-a09a60580bd36c91-shared
porto-alegre-2009,papers,available,Retained local material identified; completeness of fielded versions has not been established.,materials-material-a09a60580bd36c91-shared
porto-alegre-2009,codebooks,not-found,Not identified for this materials-only event in the reviewed archive. This is not an exhaustive external-source search.,materials-material-a09a60580bd36c91-shared
entergy-1998,questionnaires,not-found,Not identified for this materials-only event in the reviewed archive. This is not an exhaustive external-source search.,materials-entergy-1998-nrel
entergy-1998,briefing-materials,available,Retained local material identified; completeness of fielded versions has not been established.,materials-material-d82461045afd8e7f-shared
entergy-1998,event-reports,available,Retained local material identified; completeness of fielded versions has not been established.,materials-entergy-1998-nrel
entergy-1998,papers,not-found,Not identified for this materials-only event in the reviewed archive. This is not an exhaustive external-source search.,materials-entergy-1998-nrel
entergy-1998,codebooks,not-found,Not identified for this materials-only event in the reviewed archive. This is not an exhaustive external-source search.,materials-entergy-1998-nrel
texas-utilities-1998,questionnaires,not-found,Not identified for this materials-only event in the reviewed archive. This is not an exhaustive external-source search.,materials-texas-utilities-1998-nrel
texas-utilities-1998,briefing-materials,available,Retained local material identified; completeness of fielded versions has not been established.,materials-material-bacb7c20f9ccfb91-shared
texas-utilities-1998,event-reports,available,Retained local material identified; completeness of fielded versions has not been established.,materials-texas-utilities-1998-nrel
texas-utilities-1998,papers,not-found,Not identified for this materials-only event in the reviewed archive. This is not an exhaustive external-source search.,materials-texas-utilities-1998-nrel
texas-utilities-1998,codebooks,not-found,Not identified for this materials-only event in the reviewed archive. This is not an exhaustive external-source search.,materials-texas-utilities-1998-nrel
southwestern-public-service-1998,questionnaires,not-found,Not identified for this materials-only event in the reviewed archive. This is not an exhaustive external-source search.,materials-southwestern-public-service-1998-nrel
southwestern-public-service-1998,briefing-materials,available,Retained local material identified; completeness of fielded versions has not been established.,materials-material-9060692fc621ea43-shared
southwestern-public-service-1998,event-reports,available,Retained local material identified; completeness of fielded versions has not been established.,materials-southwestern-public-service-1998-nrel
southwestern-public-service-1998,papers,not-found,Not identified for this materials-only event in the reviewed archive. This is not an exhaustive external-source search.,materials-southwestern-public-service-1998-nrel
southwestern-public-service-1998,codebooks,not-found,Not identified for this materials-only event in the reviewed archive. This is not an exhaustive external-source search.,materials-southwestern-public-service-1998-nrel
el-paso-electric-1997,questionnaires,not-found,Not identified for this materials-only event in the reviewed archive. This is not an exhaustive external-source search.,materials-el-paso-electric-1997-nrel
el-paso-electric-1997,briefing-materials,available,Retained local material identified; completeness of fielded versions has not been established.,materials-material-93dc3e4377a5fd06-shared;materials-material-0d384d9e763891f5-shared
el-paso-electric-1997,event-reports,available,Retained local material identified; completeness of fielded versions has not been established.,materials-el-paso-electric-1997-nrel
el-paso-electric-1997,papers,not-found,Not identified for this materials-only event in the reviewed archive. This is not an exhaustive external-source search.,materials-el-paso-electric-1997-nrel
el-paso-electric-1997,codebooks,not-found,Not identified for this materials-only event in the reviewed archive. This is not an exhaustive external-source search.,materials-el-paso-electric-1997-nrel
new-haven-education-2005,questionnaires,not-found,Not identified for this materials-only event in the reviewed archive. This is not an exhaustive external-source search.,materials-material-26c37553013fcf4b-shared
new-haven-education-2005,briefing-materials,available,Retained local material identified; completeness of fielded versions has not been established.,materials-material-26c37553013fcf4b-shared
new-haven-education-2005,event-reports,not-found,Not identified for this materials-only event in the reviewed archive. This is not an exhaustive external-source search.,materials-material-26c37553013fcf4b-shared
new-haven-education-2005,papers,not-found,Not identified for this materials-only event in the reviewed archive. This is not an exhaustive external-source search.,materials-material-26c37553013fcf4b-shared
new-haven-education-2005,codebooks,not-found,Not identified for this materials-only event in the reviewed archive. This is not an exhaustive external-source search.,materials-material-26c37553013fcf4b-shared
dearborn-healthcare-2005,questionnaires,not-found,Not identified for this materials-only event in the reviewed archive. This is not an exhaustive external-source search.,materials-material-9553b278234d2f08-shared
dearborn-healthcare-2005,briefing-materials,available,Retained local material identified; completeness of fielded versions has not been established.,materials-material-9553b278234d2f08-shared
dearborn-healthcare-2005,event-reports,not-found,Not identified for this materials-only event in the reviewed archive. This is not an exhaustive external-source search.,materials-material-9553b278234d2f08-shared
dearborn-healthcare-2005,papers,not-found,Not identified for this materials-only event in the reviewed archive. This is not an exhaustive external-source search.,materials-material-9553b278234d2f08-shared
dearborn-healthcare-2005,codebooks,not-found,Not identified for this materials-only event in the reviewed archive. This is not an exhaustive external-source search.,materials-material-9553b278234d2f08-shared
nebraska-education-2005,questionnaires,not-found,Not identified for this materials-only event in the reviewed archive. This is not an exhaustive external-source search.,materials-material-cdf176b42f91f794-shared
nebraska-education-2005,briefing-materials,available,Retained local material identified; completeness of fielded versions has not been established.,materials-material-cdf176b42f91f794-shared
nebraska-education-2005,event-reports,not-found,Not identified for this materials-only event in the reviewed archive. This is not an exhaustive external-source search.,materials-material-cdf176b42f91f794-shared
nebraska-education-2005,papers,not-found,Not identified for this materials-only event in the reviewed archive. This is not an exhaustive external-source search.,materials-material-cdf176b42f91f794-shared
nebraska-education-2005,codebooks,not-found,Not identified for this materials-only event in the reviewed archive. This is not an exhaustive external-source search.,materials-material-cdf176b42f91f794-shared
rochester-education-2005,questionnaires,not-found,Not identified for this materials-only event in the reviewed archive. This is not an exhaustive external-source search.,materials-material-ca9d9d5b219646bc-shared
rochester-education-2005,briefing-materials,available,Retained local material identified; completeness of fielded versions has not been established.,materials-material-ca9d9d5b219646bc-shared
rochester-education-2005,event-reports,not-found,Not identified for this materials-only event in the reviewed archive. This is not an exhaustive external-source search.,materials-material-ca9d9d5b219646bc-shared
rochester-education-2005,papers,not-found,Not identified for this materials-only event in the reviewed archive. This is not an exhaustive external-source search.,materials-material-ca9d9d5b219646bc-shared
rochester-education-2005,codebooks,not-found,Not identified for this materials-only event in the reviewed archive. This is not an exhaustive external-source search.,materials-material-ca9d9d5b219646bc-shared
bowling-green-healthcare-2005,questionnaires,not-found,Not identified for this materials-only event in the reviewed archive. This is not an exhaustive external-source search.,materials-material-30da158bd828347f-shared
bowling-green-healthcare-2005,briefing-materials,available,Retained local material identified; completeness of fielded versions has not been established.,materials-material-30da158bd828347f-shared
bowling-green-healthcare-2005,event-reports,not-found,Not identified for this materials-only event in the reviewed archive. This is not an exhaustive external-source search.,materials-material-30da158bd828347f-shared
bowling-green-healthcare-2005,papers,not-found,Not identified for this materials-only event in the reviewed archive. This is not an exhaustive external-source search.,materials-material-30da158bd828347f-shared
bowling-green-healthcare-2005,codebooks,not-found,Not identified for this materials-only event in the reviewed archive. This is not an exhaustive external-source search.,materials-material-30da158bd828347f-shared
kansas-city-healthcare-2005,questionnaires,not-found,Not identified for this materials-only event in the reviewed archive. This is not an exhaustive external-source search.,materials-material-9483e666b465b135-shared
kansas-city-healthcare-2005,briefing-materials,available,Retained local material identified; completeness of fielded versions has not been established.,materials-material-9483e666b465b135-shared
kansas-city-healthcare-2005,event-reports,not-found,Not identified for this materials-only event in the reviewed archive. This is not an exhaustive external-source search.,materials-material-9483e666b465b135-shared
kansas-city-healthcare-2005,papers,not-found,Not identified for this materials-only event in the reviewed archive. This is not an exhaustive external-source search.,materials-material-9483e666b465b135-shared
kansas-city-healthcare-2005,codebooks,not-found,Not identified for this materials-only event in the reviewed archive. This is not an exhaustive external-source search.,materials-material-9483e666b465b135-shared
albuquerque-education-2005,questionnaires,not-found,Not identified for this materials-only event in the reviewed archive. This is not an exhaustive external-source search.,materials-albuquerque-education-2005-organizer
albuquerque-education-2005,briefing-materials,available,Retained local material identified; completeness of fielded versions has not been established.,materials-material-9de7399390ce2e46-shared
albuquerque-education-2005,event-reports,not-found,Not identified for this materials-only event in the reviewed archive. This is not an exhaustive external-source search.,materials-albuquerque-education-2005-organizer
albuquerque-education-2005,papers,not-found,Not identified for this materials-only event in the reviewed archive. This is not an exhaustive external-source search.,materials-albuquerque-education-2005-organizer
albuquerque-education-2005,codebooks,not-found,Not identified for this materials-only event in the reviewed archive. This is not an exhaustive external-source search.,materials-albuquerque-education-2005-organizer
baton-rouge-hammond-healthcare-2005,questionnaires,not-found,Not identified for this materials-only event in the reviewed archive. This is not an exhaustive external-source search.,materials-baton-rouge-hammond-healthcare-2005-organizer
baton-rouge-hammond-healthcare-2005,briefing-materials,available,Retained local material identified; completeness of fielded versions has not been established.,materials-material-fc75f5c3fd5aa134-shared
baton-rouge-hammond-healthcare-2005,event-reports,not-found,Not identified for this materials-only event in the reviewed archive. This is not an exhaustive external-source search.,materials-baton-rouge-hammond-healthcare-2005-organizer
baton-rouge-hammond-healthcare-2005,papers,not-found,Not identified for this materials-only event in the reviewed archive. This is not an exhaustive external-source search.,materials-baton-rouge-hammond-healthcare-2005-organizer
baton-rouge-hammond-healthcare-2005,codebooks,not-found,Not identified for this materials-only event in the reviewed archive. This is not an exhaustive external-source search.,materials-baton-rouge-hammond-healthcare-2005-organizer
charlottesville-healthcare-2005,questionnaires,not-found,Not identified for this materials-only event in the reviewed archive. This is not an exhaustive external-source search.,materials-charlottesville-healthcare-2005-organizer
charlottesville-healthcare-2005,briefing-materials,available,Retained local material identified; completeness of fielded versions has not been established.,materials-material-34bd58ec4072e76d-shared
charlottesville-healthcare-2005,event-reports,not-found,Not identified for this materials-only event in the reviewed archive. This is not an exhaustive external-source search.,materials-charlottesville-healthcare-2005-organizer
charlottesville-healthcare-2005,papers,not-found,Not identified for this materials-only event in the reviewed archive. This is not an exhaustive external-source search.,materials-charlottesville-healthcare-2005-organizer
charlottesville-healthcare-2005,codebooks,not-found,Not identified for this materials-only event in the reviewed archive. This is not an exhaustive external-source search.,materials-charlottesville-healthcare-2005-organizer
muncie-healthcare-2005,questionnaires,not-found,Not identified for this materials-only event in the reviewed archive. This is not an exhaustive external-source search.,materials-muncie-healthcare-2005-organizer
muncie-healthcare-2005,briefing-materials,available,Retained local material identified; completeness of fielded versions has not been established.,materials-material-7ce62d2da75168c5-shared
muncie-healthcare-2005,event-reports,not-found,Not identified for this materials-only event in the reviewed archive. This is not an exhaustive external-source search.,materials-muncie-healthcare-2005-organizer
muncie-healthcare-2005,papers,not-found,Not identified for this materials-only event in the reviewed archive. This is not an exhaustive external-source search.,materials-muncie-healthcare-2005-organizer
muncie-healthcare-2005,codebooks,not-found,Not identified for this materials-only event in the reviewed archive. This is not an exhaustive external-source search.,materials-muncie-healthcare-2005-organizer
south-florida-healthcare-2006,questionnaires,not-found,Not identified for this materials-only event in the reviewed archive. This is not an exhaustive external-source search.,materials-south-florida-healthcare-2006-organizer
south-florida-healthcare-2006,briefing-materials,available,Retained local material identified; completeness of fielded versions has not been established.,materials-material-14da714460db9e83-shared
south-florida-healthcare-2006,event-reports,not-found,Not identified for this materials-only event in the reviewed archive. This is not an exhaustive external-source search.,materials-south-florida-healthcare-2006-organizer
south-florida-healthcare-2006,papers,not-found,Not identified for this materials-only event in the reviewed archive. This is not an exhaustive external-source search.,materials-south-florida-healthcare-2006-organizer
south-florida-healthcare-2006,codebooks,not-found,Not identified for this materials-only event in the reviewed archive. This is not an exhaustive external-source search.,materials-south-florida-healthcare-2006-organizer
