group	age[cate]	education	gender(male)	gender(female)	area(midland)	area(UPZ)	area(west)	area(east)	group_statements	statements	group_DQI_Opinions	group_DQI_Reasons	group_DQI_PersonalExperiences	T2_S1	T2_S2	T2_S3	T2_S4	T2_S5	T2_S6	T2_S7	T2_S8	T2_S9	T2_S10	T2_S11	T3_S1	T3_S2	T3_S3	T3_S4	T3_S5	T3_S6	T3_S7	T3_S8	T3_S9	T3_S10	T3_S11	T2_SS_I	T2_SS_II	T2_SS_III	T3_SS_I	T3_SS_II	T3_SS_III	change_SS_I	change_SS_II	change_SS_III
G1	80	1	0	1	0	0	1	0	689	25	0.71988389	0.213352685	0.021770682	1	5	1	1	5	1	1	1	1	5	1	5	5	1	1	3	1	1	1	1	5	1	-1.33333	-2.00000	0.00000	-1.33333	-0.66667	-1.00000	0.00000	1.33333	1.00000
G1	60	2	0	1	1	0	0	0	689	33	0.71988389	0.213352685	0.021770682	1	5	1	1	3	1	1	1	1	1	2	1	2	2	1	1	1	2	1	1	1	1	-0.50000	-2.00000	-1.00000	-0.66667	-1.66667	-1.50000	0.16667	0.33333	0.50000
G1	40	4	0	1	0	0	0	1	689	17	0.71988389	0.213352685	0.021770682	3	5	1	5	5	1	4	4	1	1	2	1	5	1	3	4	1	4	5	1	4	1	0.00000	0.00000	1.50000	-0.50000	-1.33333	1.00000	0.50000	1.33333	0.50000
G1	50	2	0	1	0	0	0	1	689	61	0.71988389	0.213352685	0.021770682	1	5	4	4	1	1	1	1	1	5	1	1	5	4	5	4	1	1	5	1	5	1	-1.33333	0.00000	-2.00000	-0.66667	0.33333	-0.50000	0.66667	0.33333	1.50000
G1	60	2	1	0	0	1	0	0	689	186	0.71988389	0.213352685	0.021770682	1	5	5	1	5	1	5	3	1	5	1	1	5	3	1	5	1	5	1	1	5	1	-1.00000	-0.66667	2.00000	-1.33333	-1.33333	2.00000	0.33333	0.66667	0.00000
G1	60	4	1	0	1	0	0	0	689	184	0.71988389	0.213352685	0.021770682	1	5	3	1	3	1	5	1	1	5	1	2	1	1	1	1	1	5	5	1	5	1	-1.33333	-1.33333	1.00000	-0.66667	-1.66667	0.00000	0.66667	0.33333	1.00000
G1	60	2	1	0	0	0	0	1	689	88	0.71988389	0.213352685	0.021770682	1	1	4	1	5	1	5	3	3	5	2	1	3	3	5	5	1	5	4	4	5	1	-0.50000	-1.00000	2.00000	-0.33333	0.00000	2.00000	0.16667	1.00000	0.00000
G1	50	4	1	0	0	0	0	1	689	87	0.71988389	0.213352685	0.021770682	5	5	3	3	5	1	5	5	3	3	3	4	3	3	3	4	1	4	1	1	5	1	0.33333	0.66667	2.00000	-1.33333	0.33333	1.00000	1.66667	0.33333	1.00000
G2	60	2	1	0	1	0	0	0	530	154	0.867924528	0.266037736	0.020754717	4	5	3	2	5	1	3	4	2	1	2	2	4	3	2	5	1	5	2	2	4	2	0.16667	0.00000	1.00000	-0.66667	-0.66667	2.00000	0.83333	0.66667	1.00000
G2	60	4	1	0	0	1	0	0	530	112	0.867924528	0.266037736	0.020754717	5	5	1	3	5	1	1	3	1	3	3	5	5	3	3	5	1	3	3	3	3	3	-0.33333	0.00000	0.00000	0.00000	0.66667	1.00000	0.33333	0.66667	1.00000
G2	70	4	1	0	1	0	0	0	530	60	0.867924528	0.266037736	0.020754717	1	5	1	1	5	1	5	1	1	5	3	1	5	1	1	5	1	4	5	1	5	3	-1.00000	-2.00000	2.00000	-0.33333	-2.00000	1.50000	0.66667	0.00000	0.50000
G2	70	1	1	0	0	0	1	0	530	95	0.867924528	0.266037736	0.020754717	3	3	3	2	5	3	3	1	3	1	3	5	3	4	3	4	4	3	2	2	5	3	0.00000	-0.33333	1.00000	-0.66667	1.00000	0.50000	0.66667	1.33333	0.50000
G2	40	2	1	0	0	1	0	0	530	34	0.867924528	0.266037736	0.020754717	5	2	3	3	4	2	4	4	3	4	3	4	2	4	3	4	2	3	3	2	3	3	0.00000	0.66667	1.00000	-0.16667	0.66667	0.50000	0.16667	0.00000	0.50000
G2	50	4	1	0	0	0	0	1	530	72	0.867924528	0.266037736	0.020754717	5	5	1	4	5	1	1	1	1	5	1	4	5	2	2	5	1	1	4	1	4	2	-1.33333	0.33333	0.00000	-0.50000	-0.33333	0.00000	0.83333	0.66667	0.00000
G3	40	4	0	1	0	1	0	0	314	69	0.837579618	0.28343949	0.031847134												2	5	5	4	2	1	3	4	1	1	1				-0.16667	0.66667	-0.50000			
G3	50	2	0	1	0	1	0	0	314	11	0.837579618	0.28343949	0.031847134	1	4	1	1	4	3	3	3	1	4	2	1	5	3	2	4	1	3	3	1	5	3	-0.66667	-2.00000	0.50000	-0.66667	-1.00000	0.50000	0.00000	1.00000	0.00000
G3	60	3	0	1	1	0	0	0	314	25	0.837579618	0.28343949	0.031847134	1	5	3	3	4	1	5	1	1	5	3	1	5	3	2	1	1	5	1	1	5	2	-1.00000	-0.66667	1.50000	-1.16667	-1.00000	0.00000	0.16667	0.33333	1.50000
G3	30	4	0	1	0	1	0	0	314	4	0.837579618	0.28343949	0.031847134	3	3	3	3	3	3	3	3	3	3	3	3	3	3	3	3	3	3	3	3	3	3	0.00000	0.00000	0.00000	0.00000	0.00000	0.00000	0.00000	0.00000	0.00000
G3	50	3	1	0	1	0	0	0	314	29	0.837579618	0.28343949	0.031847134	2	5	3	2	1	1	2	1	2	5	3	2	5	3	2	4	1	2	2	1	5	2	-0.83333	-0.66667	-1.50000	-1.00000	-0.66667	0.00000	0.16667	0.00000	1.50000
G3	60	2	0	1	0	0	0	1	314	74	0.837579618	0.28343949	0.031847134	1	5	2	1	4	2	3	3	3	3	1	2	5	5	5	5	1	4	4	1	4	1	-0.33333	-1.66667	0.50000	-0.66667	1.00000	1.50000	0.33333	2.66667	1.00000
G3	60	4	0	1	0	0	1	0	314	18	0.837579618	0.28343949	0.031847134	3	5	1	1	1	1	1	2	2	3	2	4	5	1	1	1	1	1	3	1	4	1	-0.50000	-1.33333	-2.00000	-0.83333	-1.00000	-2.00000	0.33333	0.33333	0.00000
G3	50	2	0	1	1	0	0	0	314	80	0.837579618	0.28343949	0.031847134	2	5	3	2	2	1	1	1	1	5	1	4	4	4	4	4	1	1	1	1	3	1	-1.33333	-0.66667	-1.50000	-1.00000	1.00000	-0.50000	0.33333	1.66667	1.00000
G4	60	2	0	1	0	0	1	0	787	51	0.834815756	0.266836086	0.01270648	5	5	5	5	3	1	5	3	3	5	3	5	5	5	5	3	1	5	5	1	5	3	-0.33333	2.00000	1.00000	-0.33333	2.00000	1.00000	0.00000	0.00000	0.00000
G4	30	4	1	0	0	0	1	0	787	320	0.834815756	0.266836086	0.01270648	2	4	3	2	3	1	4	2	3	3	3	3	4	4	3	3	2	4	4	2	4	3	-0.16667	-0.66667	0.50000	-0.16667	0.33333	0.50000	0.00000	1.00000	0.00000
G4	40	2	1	0	1	0	0	0	787	165	0.834815756	0.266836086	0.01270648	1	5	3	3	3	2	2	2	2	2	5	1	5	3	1	3	1	1	5	1	3	5	0.16667	-0.66667	-0.50000	0.33333	-1.33333	-1.00000	0.16667	0.66667	0.50000
G4	20	3	1	0	0	0	0	1	787	56	0.834815756	0.266836086	0.01270648	4	5	4	4	3	1	4	4	3	2	2	5	5	5	5	4	1	2	2	2	5	2	0.16667	1.00000	0.50000	-0.83333	2.00000	0.00000	1.00000	1.00000	0.50000
G4	20	4	1	0	0	0	0	1	787	60	0.834815756	0.266836086	0.01270648	2	4	4	2	2	2	3	4	4	2	2	2	4	5	2	2	2	2	4	2	2	2	0.33333	-0.33333	-0.50000	0.00000	0.00000	-1.00000	0.33333	0.33333	0.50000
G4	60	2	1	0	0	0	0	1	787	80	0.834815756	0.266836086	0.01270648	1	5	5	1	5	2		1	1	5	3	4	3	5	5	5	4	4	1	1	5	3	-1.00000	-0.66667		-1.00000	1.66667	1.50000	0.00000	2.33333	
G4	60	2	1	0	0	1	0	0	787	34	0.834815756	0.266836086	0.01270648	3	4	4	2	3	2	4	1	3	2	3	4	4	2	3	4	3	2	1	1	4	2	-0.16667	0.00000	0.50000	-1.00000	0.00000	0.00000	0.83333	0.00000	0.50000
G4	20	2	1	0	0	0	1	0	787	25	0.834815756	0.266836086	0.01270648	1	5	4	2	5	1	5	3	1	5	3	5	5	5	5	3	1	3	1	1	2	1	-0.66667	-0.66667	2.00000	-0.83333	2.00000	0.00000	0.16667	2.66667	2.00000
G5	50	2	1	0	0	0	0	1	854	109	0.721311475	0.118266979	0.014051522	4	5	5	4	4	4	4	3	4	3	1	3	3	3	4	4	4	4	3	3	3		-0.16667	1.33333	1.00000		0.33333	1.00000		1.00000	0.00000
G5	50	2	1	0	0	0	1	0	854	156	0.721311475	0.118266979	0.014051522	2	5	3	2	3	1	1	1	1	3	3	2	5	3	3	3	1	3	3	3	3	3	-0.66667	-0.66667	-1.00000	0.00000	-0.33333	0.00000	0.66667	0.33333	1.00000
G5	30	3	0	1	0	1	0	0	854	43	0.721311475	0.118266979	0.014051522	1	5	3	5	5	1	5	5	1	3	3	5	5	3	5	3	1	1	3	1	5	3	0.00000	0.00000	2.00000	-0.66667	1.33333	-1.00000	0.66667	1.33333	3.00000
G5	60	1	1	0	1	0	0	0	854	136	0.721311475	0.118266979	0.014051522	1	1	5	4	3	5	5	5	5	2	1	3	3	5	5	3	5	5	3	5	3	1	0.50000	0.33333	1.00000	0.00000	1.33333	1.00000	0.50000	1.00000	0.00000
G5	50	3	0	1	1	0	0	0	854	39	0.721311475	0.118266979	0.014051522	3	4	3	3	3	3	3	4	3	4	3	2	4	3	4	3	3	3	3	3	4	3	0.00000	0.00000	0.00000	-0.16667	0.00000	0.00000	0.16667	0.00000	0.00000
G5	80	4	1	0	0	1	0	0	854	117	0.721311475	0.118266979	0.014051522	1	1	4	1	5	3	1	5	1	5	1	5	1	4	3	1	4	1	3	1	4	3	-0.66667	-1.00000	0.00000	-0.50000	1.00000	-2.00000	0.16667	2.00000	2.00000
G5	50	4	0	1	0	0	0	1	854	89	0.721311475	0.118266979	0.014051522	4	4	4	5	3	1	3	3	2	4	3	2	4	4	5	1	1	5	5	1	4	3	-0.33333	1.33333	0.00000	-0.16667	0.66667	0.00000	0.16667	0.66667	0.00000
G5	40	3	0	1	0	0	0	1	854	145	0.721311475	0.118266979	0.014051522	5	4	4	3	4	1	4	2	3	5	2	5	5	4	4	4	5	3	4	3	5	2	-0.66667	1.00000	1.00000	-0.33333	1.33333	0.50000	0.33333	0.33333	0.50000
G6	60	2	0	1	0	1	0	0	271	26	0.878228782	0.387453875	0.051660517	4	4	3	4	4	3	3	3	2	4	3	4	4	3	4	4	2	3	2	2	4	2	-0.33333	0.66667	0.50000	-0.66667	0.66667	0.50000	0.33333	0.00000	0.00000
G6	70	2	0	1	0	0	0	1	271	38	0.878228782	0.387453875	0.051660517	1	5	1	1	5	1	1	1	1	3	1	1	5	1	1	3	1	1	1	1	2	1	-1.00000	-2.00000	0.00000	-0.83333	-2.00000	-1.00000	0.16667	0.00000	1.00000
G6	60	3	0	1	1	0	0	0	271	47	0.878228782	0.387453875	0.051660517	1	5	1	1	5	1	5	1	1	3	1	1	5	1	1	5	1	5	1	1	3	1	-1.00000	-2.00000	2.00000	-1.00000	-2.00000	2.00000	0.00000	0.00000	0.00000
G6	40	2	0	1	0	0	0	1	271	11	0.878228782	0.387453875	0.051660517	4	4	3	4	4	1	4	3	3	3	2	3	4	4	4	4	2	4	3	4	2	2	-0.16667	0.66667	1.00000	0.16667	0.66667	1.00000	0.33333	0.00000	0.00000
G6	70		0	1	1	0	0	0	271	20	0.878228782	0.387453875	0.051660517	1	5	1	3	1	1	5	1	1	5	1	1	5	5	5	5	1	3	3	1	1	1	-1.33333	-1.33333	0.00000	-0.33333	0.66667	1.00000	1.00000	2.00000	1.00000
G6	60	2	0	1	1	0	0	0	271	30	0.878228782	0.387453875	0.051660517	1	5	4	4	5	1	5	4	3	4	2	1	5	4	1	5	1	5	1	1	1	2	-0.16667	0.00000	2.00000	-0.50000	-1.00000	2.00000	0.33333	1.00000	0.00000
G6	40	3	0	1	0	1	0	0	271	49	0.878228782	0.387453875	0.051660517	4	4	4	4	4	4	3	2	3	3	3	4	5	4	4	4	3	3	4	2	4	2	-0.16667	1.00000	0.50000	-0.33333	1.00000	0.50000	0.16667	0.00000	0.00000
G6	40	4	0	1	0	0	1	0	271	30	0.878228782	0.387453875	0.051660517	5	5	3	3	1	3	1	4	2	3	2	2	4	3	3	1	1	1	1	1	3	3	-0.16667	0.66667	-2.00000	-0.66667	-0.33333	-2.00000	0.50000	1.00000	0.00000
G6	60	3	0	1	0	0	1	0	271	16	0.878228782	0.387453875	0.051660517	3	4	3	3	2	1	4	2	2	4	1	3	4	3	3	2	1	4	3	1	4	1	-0.83333	0.00000	0.00000	-0.83333	0.00000	0.00000	0.00000	0.00000	0.00000
G7	80	2	1	0	0	1	0	0	359	32	0.832869081	0.317548747	0.033426184	3	4	4	4	4	4	5	3	2	3	3	1	5	5	5	5	5	5	3	3	4	4	-0.16667	0.66667	1.50000	0.00000	0.66667	2.00000	0.16667	0.00000	0.50000
G7	70	2	0	1	0	0	0	1	359	47	0.832869081	0.317548747	0.033426184	1	1	1	1	5	1	1	1	1	3	1	1	3	1	1	5	1	5	3	1	5	1	-1.00000	-2.00000	0.00000	-1.00000	-2.00000	2.00000	0.00000	0.00000	2.00000
G7	30	4	1	0	0	1	0	0	359	54	0.832869081	0.317548747	0.033426184	4	2	5	5	4	3	3	3	3	3	3	3	5	4	5	4	1	3	4	3	3	3	0.00000	1.66667	0.50000	0.16667	1.00000	0.50000	0.16667	0.66667	0.00000
G7	30	4	1	0	1	0	0	0	359	40	0.832869081	0.317548747	0.033426184	3	3	3	3	3	2	5	5	4	2	3	5	4	3	5	5	1	5	5	4	2	3	0.66667	0.00000	1.00000	0.66667	1.33333	2.00000	0.00000	1.33333	1.00000
G7	20	4	0	1	0	1	0	0	359	14	0.832869081	0.317548747	0.033426184	5	5	3	5	3	1	4	2	3	4	3	5	5	4	5	3	1	5	5	3	4	2	-0.33333	1.33333	0.50000	0.00000	1.66667	1.00000	0.33333	0.33333	0.50000
G7	70	3	1	0	0	1	0	0	359	58	0.832869081	0.317548747	0.033426184	5	5	5	4	5	3	5	5	5	4	3	4	5	5	5	5	2	5	4	4	1	4	0.50000	1.66667	2.00000	0.83333	1.66667	2.00000	0.33333	0.00000	0.00000
G7	40	4	1	0	0	0	0	1	359	38	0.832869081	0.317548747	0.033426184	2	1	3	4	4	3	4	4	4	2	2	4	2	4	4	2	1	5	5	4	3	2	0.33333	0.00000	1.00000	0.33333	1.00000	0.50000	0.00000	1.00000	0.50000
G7	50	3	0	1	1	0	0	0	359	37	0.832869081	0.317548747	0.033426184	1	5	3	4	5	1	3	1	1	3	3	1	5	3	4	5	1	4	4	1	3	2	-0.66667	-0.33333	1.00000	-0.33333	-0.33333	1.50000	0.33333	0.00000	0.50000
G7	50	4	1	0	0	0	1	0	359	38	0.832869081	0.317548747	0.033426184	2	3	1	1	5	1	5	3	1	4	2	2	5	1	1	5	1	5	2	1	5	2	-0.66667	-1.66667	2.00000	-1.00000	-1.66667	2.00000	0.33333	0.00000	0.00000
G8	30	4	0	1	0	0	1	0	383	30	0.80156658	0.297650131	0.023498695	3	5	2	3	4	1	3	3	4	4	3	4	4	3	2	4	2	2	2	2	3	2	0.00000	-0.33333	0.50000	-0.50000	0.00000	0.00000	0.50000	0.33333	0.50000
G8	60	1	1	0	0	1	0	0	383	39	0.80156658	0.297650131	0.023498695	3	5	4	3	5	1	4	3	3	2	3	2	4	4	4	3	2	2	3	3	4	3	0.16667	0.33333	1.50000	-0.16667	0.33333	-0.50000	0.33333	0.00000	2.00000
G8	40	3	0	1	0	0	0	1	383	24	0.80156658	0.297650131	0.023498695	4	3	4	2	2	1	1	2	1	4	2	2	4	2	1	1	1	1	3	1	4	2	-0.83333	0.33333	-1.50000	-0.66667	-1.33333	-2.00000	0.16667	1.66667	0.50000
G8	40	2	1	0	0	0	0	1	383	19	0.80156658	0.297650131	0.023498695	4	3	4	4	3	2	4	4	3	3	2	3	3	3	3	3	2	3	3	3	3	3	0.00000	1.00000	0.50000	0.00000	0.00000	0.00000	0.00000	1.00000	0.50000
G8	60	2	1	0	0	0	1	0	383	72	0.80156658	0.297650131	0.023498695	1	4	2	3	4	2	4	3	2	2	2	3	3	3	3	4	2	1	2	2	4	1	-0.16667	-1.00000	1.00000	-0.83333	0.00000	-0.50000	0.66667	1.00000	1.50000
G8	40	2	1	0	0	0	1	0	383	56	0.80156658	0.297650131	0.023498695	4	5	4	4	5	1	3	3	3	3	3	4	4	2	3	2	1	2	2	2	5	3	0.00000	1.00000	1.00000	-0.66667	0.00000	-1.00000	0.66667	1.00000	2.00000
G8	80	1	1	0	0	1	0	0	383	35	0.80156658	0.297650131	0.023498695	1	5	1	1	5	1	1	1	1	5	1	1	5	1	5	5	1	5	1	1	5	1	-1.33333	-2.00000	0.00000	-1.33333	-0.66667	2.00000	0.00000	1.33333	2.00000
G8	40	2	1	0	0	0	0	1	383	48	0.80156658	0.297650131	0.023498695	2	4	3	1	4	1	4	2	2	4	2	2	4	3	2	4	1	4	1	2	4	1	-0.66667	-1.00000	1.00000	-1.00000	-0.66667	1.00000	0.33333	0.33333	0.00000
G8	70	2	1	0	0	0	1	0	383	59	0.80156658	0.297650131	0.023498695	1	5	2	1	1	1	1	2	1	1	1	1	5	1	1	5	1	1	3	1	5	1	-0.50000	-1.66667	-2.00000	-1.00000	-2.00000	0.00000	0.50000	0.33333	2.00000