source_row,caseid,historical_sample,birth_year,birth_date,date_year,year_matches_date,birthday_before_nov_1977,historical_age,candidate_age,implausible_under_16
1,NA,TRUE,NA,NA,NA,NA,NA,NA,NA,NA
2,10000000,FALSE,58,61958,58,TRUE,1.0000000000100087,1938,38,FALSE
3,10000020,FALSE,23,20323,23,TRUE,1.0000000000100087,1973,73,FALSE
4,10000060,FALSE,17,31717,17,TRUE,1.0000000000100087,1979,79,FALSE
5,10000080,TRUE,62,112962,62,TRUE,1.0000000000100087,1934,34,FALSE
6,10000100,TRUE,65,111065,65,TRUE,1.0000000000100087,1931,31,FALSE
7,10000110,TRUE,61,122761,61,TRUE,1.0000000000100087,1935,35,FALSE
8,10000130,TRUE,51,113051,51,TRUE,1.0000000000100087,1945,45,FALSE
9,10000160,TRUE,68,121168,68,TRUE,NA,1928,28,FALSE
10,10000250,TRUE,31,21931,31,TRUE,1.0000000000100087,1965,65,FALSE
11,10000260,FALSE,20,62720,20,TRUE,1.0000000000100087,1976,76,FALSE
12,10000270,TRUE,34,111934,34,TRUE,1.0000000000100087,1962,62,FALSE
13,10000280,FALSE,27,62427,27,TRUE,1.0000000000100087,1969,69,FALSE
14,10000310,TRUE,33,32333,33,TRUE,1.0000000000100087,1963,63,FALSE
15,10000340,FALSE,76,102876,76,TRUE,1.0000000000100087,1920,20,FALSE
16,10000380,TRUE,73,111073,73,TRUE,1.0000000000100087,1923,23,FALSE
17,10000400,TRUE,71,100571,71,TRUE,1.0000000000100087,1925,25,FALSE
18,10000410,FALSE,37,81837,37,TRUE,1.0000000000100087,1959,59,FALSE
19,10000420,FALSE,66,10266,66,TRUE,1.0000000000100087,1930,30,FALSE
20,10000430,FALSE,69,12069,69,TRUE,1.0000000000100087,1927,27,FALSE
21,10000440,TRUE,68,102368,68,TRUE,1.0000000000100087,1928,28,FALSE
22,10000450,FALSE,66,50666,66,TRUE,1.0000000000100087,1930,30,FALSE
23,10000460,TRUE,NA,NA,NA,NA,NA,NA,NA,NA
24,10000500,TRUE,42,11542,42,TRUE,1.0000000000100087,1954,54,FALSE
25,10000510,TRUE,49,50549,49,TRUE,1.0000000000100087,1947,47,FALSE
26,10000520,TRUE,46,11946,46,TRUE,1.0000000000100087,1950,50,FALSE
27,10000531,FALSE,48,63048,48,TRUE,1.0000000000100087,1948,48,FALSE
28,10000540,FALSE,60,52860,60,TRUE,1.0000000000100087,1936,36,FALSE
29,10000570,TRUE,15,80815,15,TRUE,1.0000000000100087,1981,81,FALSE
30,10000571,TRUE,47,11447,47,TRUE,1.0000000000100087,1949,49,FALSE
31,10000580,FALSE,20,71820,20,TRUE,1.0000000000100087,1976,76,FALSE
32,10000590,TRUE,50,51550,50,TRUE,1.0000000000100087,1946,46,FALSE
33,10000610,TRUE,51,73051,51,TRUE,1.0000000000100087,1945,45,FALSE
34,10000620,FALSE,27,81027,27,TRUE,1.0000000000100087,1969,69,FALSE
35,10000630,TRUE,48,41548,48,TRUE,1.0000000000100087,1948,48,FALSE
36,10000650,TRUE,67,101467,67,TRUE,1.0000000000100087,1929,29,FALSE
37,10000670,TRUE,67,52667,67,TRUE,1.0000000000100087,1929,29,FALSE
38,10000700,FALSE,63,111463,63,TRUE,1.0000000000100087,1933,33,FALSE
39,10000710,TRUE,30,90530,30,TRUE,1.0000000000100087,1966,66,FALSE
40,10000720,FALSE,61,82861,61,TRUE,1.0000000000100087,1935,35,FALSE
41,10000740,TRUE,46,81046,46,TRUE,1.0000000000100087,1950,50,FALSE
42,10000750,FALSE,71,111471,71,TRUE,1.0000000000100087,1925,25,FALSE
43,10000760,TRUE,34,12134,34,TRUE,1.0000000000100087,1962,62,FALSE
44,10000770,FALSE,73,32473,73,TRUE,1.0000000000100087,1923,23,FALSE
45,10000800,TRUE,69,102169,69,TRUE,1.0000000000100087,1927,27,FALSE
46,10000820,FALSE,8,112308,8,TRUE,1.0000000000100087,1988,88,FALSE
47,10000830,TRUE,59,60359,59,TRUE,1.0000000000100087,1937,37,FALSE
48,10000840,TRUE,19,122719,19,TRUE,1.0000000000100087,1977,77,FALSE
49,10000850,FALSE,66,82366,66,TRUE,1.0000000000100087,1930,30,FALSE
50,10000860,FALSE,64,11464,64,TRUE,1.0000000000100087,1932,32,FALSE
51,10000890,FALSE,52,43052,52,TRUE,1.0000000000100087,1944,44,FALSE
52,10000900,TRUE,73,121473,73,TRUE,1.0000000000100087,1923,23,FALSE
53,10000920,TRUE,76,110376,76,TRUE,1.0000000000100087,1920,20,FALSE
54,10000930,FALSE,58,41658,58,TRUE,1.0000000000100087,1938,38,FALSE
55,10000940,TRUE,31,71531,31,TRUE,1.0000000000100087,1965,65,FALSE
56,10000960,FALSE,43,90343,43,TRUE,1.0000000000100087,1953,53,FALSE
57,10000970,TRUE,68,63068,68,TRUE,1.0000000000100087,1928,28,FALSE
58,10000980,FALSE,60,20160,60,TRUE,1.0000000000100087,1936,36,FALSE
59,10001000,TRUE,55,91455,55,TRUE,1.0000000000100087,1941,41,FALSE
60,10001010,FALSE,45,102445,45,TRUE,1.0000000000100087,1951,51,FALSE
61,10001020,FALSE,52,111552,52,TRUE,1.0000000000100087,1944,44,FALSE
62,10001030,TRUE,53,61653,53,TRUE,1.0000000000100087,1943,43,FALSE
63,10001070,TRUE,56,52556,56,TRUE,1.0000000000100087,1940,40,FALSE
64,10001110,FALSE,6,80506,6,TRUE,1.0000000000100087,1990,90,FALSE
65,10001130,TRUE,60,42660,60,TRUE,1.0000000000100087,1936,36,FALSE
66,10001140,TRUE,51,22251,51,TRUE,1.0000000000100087,1945,45,FALSE
67,10001150,TRUE,64,52064,64,TRUE,1.0000000000100087,1932,32,FALSE
68,10001170,TRUE,71,121871,71,TRUE,1.0000000000100087,1925,25,FALSE
69,10001180,TRUE,54,90954,54,TRUE,1.0000000000100087,1942,42,FALSE
70,10001190,TRUE,40,20840,40,TRUE,1.0000000000100087,1956,56,FALSE
71,10001200,FALSE,32,71932,32,TRUE,1.0000000000100087,1964,64,FALSE
72,10001210,FALSE,63,12963,63,TRUE,1.0000000000100087,1933,33,FALSE
73,10001220,TRUE,58,71158,58,TRUE,1.0000000000100087,1938,38,FALSE
74,10001230,TRUE,58,50958,58,TRUE,1.0000000000100087,1938,38,FALSE
75,10001250,TRUE,56,121856,56,TRUE,1.0000000000100087,1940,40,FALSE
76,10001290,FALSE,49,20949,49,TRUE,1.0000000000100087,1947,47,FALSE
77,10001300,TRUE,54,111654,54,TRUE,1.0000000000100087,1942,42,FALSE
78,10001320,TRUE,44,10844,44,TRUE,1.0000000000100087,1952,52,FALSE
79,10001330,FALSE,54,81654,54,TRUE,1.0000000000100087,1942,42,FALSE
80,10001400,TRUE,50,111850,50,TRUE,1.0000000000100087,1946,46,FALSE
81,10001420,TRUE,74,81474,74,TRUE,1.0000000000100087,1922,22,FALSE
82,10001470,TRUE,68,10568,68,TRUE,1.0000000000100087,1928,28,FALSE
83,10001480,FALSE,21,21421,21,TRUE,1.0000000000100087,1975,75,FALSE
84,10001490,FALSE,52,92052,52,TRUE,1.0000000000100087,1944,44,FALSE
85,10001520,TRUE,47,52847,47,TRUE,1.0000000000100087,1949,49,FALSE
86,10001530,FALSE,58,71658,58,TRUE,1.0000000000100087,1938,38,FALSE
87,10001540,TRUE,66,81366,66,TRUE,1.0000000000100087,1930,30,FALSE
88,10001560,TRUE,60,110560,60,TRUE,1.0000000000100087,1936,36,FALSE
89,10001570,TRUE,60,21460,60,TRUE,1.0000000000100087,1936,36,FALSE
90,10001590,TRUE,11,33011,11,TRUE,1.0000000000100087,1985,85,FALSE
91,10001620,TRUE,46,21246,46,TRUE,1.0000000000100087,1950,50,FALSE
92,10001680,FALSE,60,12460,60,TRUE,1.0000000000100087,1936,36,FALSE
93,10001740,FALSE,63,42863,63,TRUE,1.0000000000100087,1933,33,FALSE
94,10001750,FALSE,51,70151,51,TRUE,1.0000000000100087,1945,45,FALSE
95,10001770,FALSE,41,80241,41,TRUE,1.0000000000100087,1955,55,FALSE
96,10001810,FALSE,67,82867,67,TRUE,1.0000000000100087,1929,29,FALSE
97,10001820,TRUE,61,31761,61,TRUE,1.0000000000100087,1935,35,FALSE
98,10001840,FALSE,11,32711,11,TRUE,1.0000000000100087,1985,85,FALSE
99,10001860,TRUE,46,12146,46,TRUE,1.0000000000100087,1950,50,FALSE
100,10001870,TRUE,50,41850,50,TRUE,1.0000000000100087,1946,46,FALSE
101,10001880,TRUE,70,42070,70,TRUE,1.0000000000100087,1926,26,FALSE
102,10001890,TRUE,46,90746,46,TRUE,1.0000000000100087,1950,50,FALSE
103,10001900,TRUE,42,40842,42,TRUE,NA,1954,54,FALSE
104,10001910,FALSE,24,40624,24,TRUE,1.0000000000100087,1972,72,FALSE
105,10001950,TRUE,59,110259,59,TRUE,1.0000000000100087,1937,37,FALSE
106,10001960,TRUE,69,110269,69,TRUE,1.0000000000100087,1927,27,FALSE
107,10001980,FALSE,9,61009,9,TRUE,1.0000000000100087,1987,87,FALSE
108,10002000,FALSE,26,11226,26,TRUE,1.0000000000100087,1970,70,FALSE
109,10002010,FALSE,50,80450,50,TRUE,1.0000000000100087,1946,46,FALSE
110,10002020,FALSE,16,12116,16,TRUE,1.0000000000100087,1980,80,FALSE
111,10002030,FALSE,77,72677,77,TRUE,1.0000000000100087,1919,19,FALSE
112,10002060,TRUE,70,41970,70,TRUE,1.0000000000100087,1926,26,FALSE
113,10002070,TRUE,54,113054,54,TRUE,1.0000000000100087,1942,42,FALSE
114,10002100,TRUE,42,82042,42,TRUE,1.0000000000100087,1954,54,FALSE
115,10002110,FALSE,65,122365,65,TRUE,1.0000000000100087,1931,31,FALSE
116,10002120,TRUE,62,82162,62,TRUE,1.0000000000100087,1934,34,FALSE
117,10002130,FALSE,55,90455,55,TRUE,1.0000000000100087,1941,41,FALSE
118,10002140,FALSE,69,61769,69,TRUE,1.0000000000100087,1927,27,FALSE
119,10002160,FALSE,51,62251,51,TRUE,1.0000000000100087,1945,45,FALSE
120,10002170,TRUE,24,61624,24,TRUE,1.0000000000100087,1972,72,FALSE
121,10002180,TRUE,38,12538,38,TRUE,1.0000000000100087,1958,58,FALSE
122,10002230,FALSE,57,51657,57,TRUE,1.0000000000100087,1939,39,FALSE
123,10002280,FALSE,66,71266,66,TRUE,1.0000000000100087,1930,30,FALSE
124,10002290,FALSE,38,120938,38,TRUE,1.0000000000100087,1958,58,FALSE
125,10002320,FALSE,45,111845,45,TRUE,1.0000000000100087,1951,51,FALSE
126,10002330,TRUE,62,40162,62,TRUE,1.0000000000100087,1934,34,FALSE
127,10002350,TRUE,44,62144,44,TRUE,1.0000000000100087,1952,52,FALSE
128,10002360,FALSE,50,10950,50,TRUE,1.0000000000100087,1946,46,FALSE
129,10002380,FALSE,50,50,50,TRUE,1.0000000000100087,1946,46,FALSE
130,10002410,TRUE,63,50863,63,TRUE,1.0000000000100087,1933,33,FALSE
131,10002420,TRUE,69,101869,69,TRUE,1.0000000000100087,1927,27,FALSE
132,10002460,FALSE,53,12353,53,TRUE,1.0000000000100087,1943,43,FALSE
133,10002480,FALSE,61,61,61,TRUE,1.0000000000100087,1935,35,FALSE
134,10002490,TRUE,43,62843,43,TRUE,1.0000000000100087,1953,53,FALSE
135,10002500,TRUE,59,42259,59,TRUE,1.0000000000100087,1937,37,FALSE
136,10002510,FALSE,71,81271,71,TRUE,1.0000000000100087,1925,25,FALSE
137,10002520,FALSE,51,52551,51,TRUE,1.0000000000100087,1945,45,FALSE
138,10002530,TRUE,65,91165,65,TRUE,1.0000000000100087,1931,31,FALSE
139,10002570,TRUE,25,31925,25,TRUE,1.0000000000100087,1971,71,FALSE
140,10002590,FALSE,69,120369,69,TRUE,1.0000000000100087,1927,27,FALSE
141,10002620,TRUE,53,51753,53,TRUE,NA,1943,43,FALSE
142,10002640,TRUE,61,60161,61,TRUE,1.0000000000100087,1935,35,FALSE
143,10002670,FALSE,37,62037,37,TRUE,1.0000000000100087,1959,59,FALSE
144,10002680,FALSE,19,72819,19,TRUE,1.0000000000100087,1977,77,FALSE
145,10002690,FALSE,23,112223,23,TRUE,1.0000000000100087,1973,73,FALSE
146,10002700,FALSE,40,41340,40,TRUE,1.0000000000100087,1956,56,FALSE
147,10002720,TRUE,38,11638,38,TRUE,1.0000000000100087,1958,58,FALSE
148,10002730,TRUE,77,50477,77,TRUE,1.0000000000100087,1919,19,FALSE
149,10002740,FALSE,NA,NA,NA,NA,1.0000000000100087,NA,NA,NA
150,10002760,FALSE,35,41035,35,TRUE,1.0000000000100087,1961,61,FALSE
151,10002770,TRUE,62,61162,62,TRUE,1.0000000000100087,1934,34,FALSE
152,10002780,TRUE,65,81065,65,TRUE,1.0000000000100087,1931,31,FALSE
153,10002790,FALSE,63,81163,63,TRUE,1.0000000000100087,1933,33,FALSE
154,10002800,TRUE,45,73145,45,TRUE,1.0000000000100087,1951,51,FALSE
155,10002810,TRUE,77,41577,77,TRUE,1.0000000000100087,1919,19,FALSE
156,10002820,TRUE,68,32768,68,TRUE,1.0000000000100087,1928,28,FALSE
157,10002830,TRUE,33,91433,33,TRUE,1.0000000000100087,1963,63,FALSE
158,10002870,TRUE,41,111841,41,TRUE,1.0000000000100087,1955,55,FALSE
159,10002890,TRUE,67,41167,67,TRUE,1.0000000000100087,1929,29,FALSE
160,10002940,TRUE,69,32469,69,TRUE,1.0000000000100087,1927,27,FALSE
161,10003000,TRUE,44,11044,44,TRUE,1.0000000000100087,1952,52,FALSE
162,10003010,FALSE,61,82361,61,TRUE,1.0000000000100087,1935,35,FALSE
163,10003020,TRUE,54,111854,54,TRUE,1.0000000000100087,1942,42,FALSE
164,10003030,FALSE,64,112664,64,TRUE,1.0000000000100087,1932,32,FALSE
165,10003040,FALSE,30,82530,30,TRUE,1.0000000000100087,1966,66,FALSE
166,10003070,FALSE,75,71075,75,TRUE,1.0000000000100087,1921,21,FALSE
167,10003080,FALSE,62,122762,62,TRUE,1.0000000000100087,1934,34,FALSE
168,10003090,TRUE,30,41230,30,TRUE,1.0000000000100087,1966,66,FALSE
169,10003120,TRUE,52,71652,52,TRUE,1.0000000000100087,1944,44,FALSE
170,10003130,TRUE,67,60567,67,TRUE,NA,1929,29,FALSE
171,10003140,FALSE,47,31147,47,TRUE,1.0000000000100087,1949,49,FALSE
172,10003150,TRUE,61,62261,61,TRUE,1.0000000000100087,1935,35,FALSE
173,10003200,FALSE,14,30114,14,TRUE,1.0000000000100087,1982,82,FALSE
174,10003220,FALSE,72,41372,72,TRUE,1.0000000000100087,1924,24,FALSE
175,10003240,FALSE,21,112321,21,TRUE,1.0000000000100087,1975,75,FALSE
176,10003260,TRUE,55,80255,55,TRUE,1.0000000000100087,1941,41,FALSE
177,10003270,TRUE,52,62552,52,TRUE,1.0000000000100087,1944,44,FALSE
178,10003290,TRUE,73,41273,73,TRUE,1.0000000000100087,1923,23,FALSE
179,10003310,FALSE,38,122438,38,TRUE,1.0000000000100087,1958,58,FALSE
180,10003320,FALSE,59,70459,59,TRUE,1.0000000000100087,1937,37,FALSE
181,10003330,TRUE,47,82347,47,TRUE,1.0000000000100087,1949,49,FALSE
182,10003340,TRUE,69,61169,69,TRUE,1.0000000000100087,1927,27,FALSE
183,10003350,TRUE,32,31532,32,TRUE,1.0000000000100087,1964,64,FALSE
184,10003370,FALSE,59,61859,59,TRUE,1.0000000000100087,1937,37,FALSE
185,10003380,FALSE,57,52057,57,TRUE,1.0000000000100087,1939,39,FALSE
186,10003400,TRUE,59,90359,59,TRUE,1.0000000000100087,1937,37,FALSE
187,10003410,TRUE,55,22855,55,TRUE,1.0000000000100087,1941,41,FALSE
188,10003420,FALSE,56,82556,56,TRUE,1.0000000000100087,1940,40,FALSE
189,10003430,TRUE,26,41026,26,TRUE,1.0000000000100087,1970,70,FALSE
190,10003440,TRUE,74,111874,74,TRUE,1.0000000000100087,1922,22,FALSE
191,10003460,TRUE,37,100637,37,TRUE,1.0000000000100087,1959,59,FALSE
192,10003500,TRUE,73,111573,73,TRUE,1.0000000000100087,1923,23,FALSE
193,10003520,TRUE,65,101865,65,TRUE,1.0000000000100087,1931,31,FALSE
194,10003560,FALSE,77,11277,77,TRUE,1.0000000000100087,1919,19,FALSE
195,10003570,FALSE,70,20470,70,TRUE,1.0000000000100087,1926,26,FALSE
196,10003580,TRUE,55,100155,55,TRUE,1.0000000000100087,1941,41,FALSE
197,10003610,TRUE,50,10150,50,TRUE,1.0000000000100087,1946,46,FALSE
198,10003620,TRUE,43,51743,43,TRUE,1.0000000000100087,1953,53,FALSE
199,10003660,TRUE,47,81747,47,TRUE,1.0000000000100087,1949,49,FALSE
200,10003690,TRUE,42,81942,42,TRUE,1.0000000000100087,1954,54,FALSE
201,10003710,TRUE,59,110659,59,TRUE,1.0000000000100087,1937,37,FALSE
202,10003750,FALSE,49,120749,49,TRUE,1.0000000000100087,1947,47,FALSE
203,10003780,FALSE,43,112943,43,TRUE,1.0000000000100087,1953,53,FALSE
204,10003870,TRUE,70,71770,70,TRUE,1.0000000000100087,1926,26,FALSE
205,10003880,TRUE,43,113043,43,TRUE,1.0000000000100087,1953,53,FALSE
206,10003890,FALSE,27,101127,27,TRUE,0,1969,69,FALSE
207,10003900,TRUE,44,100444,44,TRUE,1.0000000000100087,1952,52,FALSE
208,10003930,TRUE,35,51735,35,TRUE,1.0000000000100087,1961,61,FALSE
209,10004020,FALSE,55,90455,55,TRUE,1.0000000000100087,1941,41,FALSE
210,10004030,FALSE,NA,NA,NA,NA,1.0000000000100087,NA,NA,NA
211,10004040,TRUE,NA,NA,NA,NA,1.0000000000100087,NA,NA,NA
212,10004080,TRUE,54,100154,54,TRUE,1.0000000000100087,1942,42,FALSE
213,10004100,FALSE,36,31736,36,TRUE,1.0000000000100087,1960,60,FALSE
214,10004110,TRUE,35,121435,35,TRUE,NA,1961,61,FALSE
215,10004150,TRUE,NA,NA,NA,NA,1.0000000000100087,NA,NA,NA
216,10004160,TRUE,47,101047,47,TRUE,1.0000000000100087,1949,49,FALSE
217,10004210,FALSE,25,92325,25,TRUE,1.0000000000100087,1971,71,FALSE
218,10004220,FALSE,25,13025,25,TRUE,1.0000000000100087,1971,71,FALSE
219,10004230,TRUE,47,72547,47,TRUE,1.0000000000100087,1949,49,FALSE
220,10004250,TRUE,68,72868,68,TRUE,NA,1928,28,FALSE
221,10004270,TRUE,65,52365,65,TRUE,1.0000000000100087,1931,31,FALSE
222,10004280,TRUE,31,41431,31,TRUE,1.0000000000100087,1965,65,FALSE
223,10004320,FALSE,46,91146,46,TRUE,1.0000000000100087,1950,50,FALSE
224,10004330,TRUE,50,70350,50,TRUE,NA,1946,46,FALSE
225,10004340,TRUE,55,30555,55,TRUE,1.0000000000100087,1941,41,FALSE
226,10004350,FALSE,56,92256,56,TRUE,1.0000000000100087,1940,40,FALSE
227,10004370,FALSE,63,62563,63,TRUE,1.0000000000100087,1933,33,FALSE
228,10004380,TRUE,45,50645,45,TRUE,1.0000000000100087,1951,51,FALSE
229,10004400,FALSE,59,91259,59,TRUE,1.0000000000100087,1937,37,FALSE
230,10004410,FALSE,59,12159,59,TRUE,1.0000000000100087,1937,37,FALSE
231,10004420,TRUE,52,110852,52,TRUE,1.0000000000100087,1944,44,FALSE
232,10004430,FALSE,69,60769,69,TRUE,1.0000000000100087,1927,27,FALSE
233,10004460,TRUE,77,21277,77,TRUE,1.0000000000100087,1919,19,FALSE
234,10004540,TRUE,61,12761,61,TRUE,1.0000000000100087,1935,35,FALSE
235,10004580,FALSE,64,90964,64,TRUE,1.0000000000100087,1932,32,FALSE
236,10004600,FALSE,47,111847,47,TRUE,1.0000000000100087,1949,49,FALSE
237,10004620,FALSE,52,60452,52,TRUE,1.0000000000100087,1944,44,FALSE
238,10004630,TRUE,38,80838,38,TRUE,NA,1958,58,FALSE
239,10004660,TRUE,51,41251,51,TRUE,1.0000000000100087,1945,45,FALSE
240,10004670,TRUE,NA,NA,NA,NA,NA,NA,NA,NA
241,10004680,FALSE,58,31058,58,TRUE,1.0000000000100087,1938,38,FALSE
242,10004690,TRUE,71,91571,71,TRUE,1.0000000000100087,1925,25,FALSE
243,10004700,TRUE,51,121351,51,TRUE,1.0000000000100087,1945,45,FALSE
244,10004710,TRUE,41,82641,41,TRUE,1.0000000000100087,1955,55,FALSE
245,10004720,TRUE,64,13164,64,TRUE,1.0000000000100087,1932,32,FALSE
246,10004740,FALSE,63,70963,63,TRUE,1.0000000000100087,1933,33,FALSE
247,10004760,TRUE,45,122845,45,TRUE,1.0000000000100087,1951,51,FALSE
248,10004840,FALSE,65,42265,65,TRUE,1.0000000000100087,1931,31,FALSE
249,10004850,TRUE,71,11571,71,TRUE,NA,1925,25,FALSE
250,10004860,TRUE,71,100871,71,TRUE,1.0000000000100087,1925,25,FALSE
251,10004870,FALSE,NA,NA,NA,NA,1.0000000000100087,NA,NA,NA
252,10004890,FALSE,56,56,56,TRUE,1.0000000000100087,1940,40,FALSE
253,10004900,FALSE,66,90166,66,TRUE,1.0000000000100087,1930,30,FALSE
254,10004910,FALSE,38,10538,38,TRUE,NA,1958,58,FALSE
255,10004920,FALSE,37,101237,37,TRUE,1.0000000000100087,1959,59,FALSE
256,10004930,TRUE,73,80273,73,TRUE,1.0000000000100087,1923,23,FALSE
257,10004970,TRUE,64,82064,64,TRUE,1.0000000000100087,1932,32,FALSE
258,10004980,TRUE,35,62235,35,TRUE,1.0000000000100087,1961,61,FALSE
259,10005000,TRUE,55,120355,55,TRUE,1.0000000000100087,1941,41,FALSE
260,10005010,TRUE,60,53160,60,TRUE,1.0000000000100087,1936,36,FALSE
261,10005030,TRUE,42,101542,42,TRUE,1.0000000000100087,1954,54,FALSE
262,10005040,TRUE,63,70763,63,TRUE,1.0000000000100087,1933,33,FALSE
263,10005050,TRUE,50,10350,50,TRUE,1.0000000000100087,1946,46,FALSE
264,10005070,FALSE,42,20142,42,TRUE,1.0000000000100087,1954,54,FALSE
265,10005100,FALSE,59,111059,59,TRUE,1.0000000000100087,1937,37,FALSE
266,10005130,FALSE,72,22072,72,TRUE,1.0000000000100087,1924,24,FALSE
267,10005140,FALSE,77,82177,77,TRUE,1.0000000000100087,1919,19,FALSE
268,10005150,TRUE,57,110957,57,TRUE,1.0000000000100087,1939,39,FALSE
269,10005160,TRUE,19,61519,19,TRUE,1.0000000000100087,1977,77,FALSE
270,10005180,TRUE,53,120953,53,TRUE,1.0000000000100087,1943,43,FALSE
271,10005200,FALSE,59,110559,59,TRUE,1.0000000000100087,1937,37,FALSE
272,10005210,FALSE,55,91455,55,TRUE,1.0000000000100087,1941,41,FALSE
273,10005230,FALSE,63,110363,63,TRUE,1.0000000000100087,1933,33,FALSE
274,10005240,FALSE,73,22873,73,TRUE,1.0000000000100087,1923,23,FALSE
275,10005250,FALSE,74,11174,74,TRUE,1.0000000000100087,1922,22,FALSE
276,10005260,TRUE,71,62871,71,TRUE,1.0000000000100087,1925,25,FALSE
277,10005270,TRUE,69,121569,69,TRUE,1.0000000000100087,1927,27,FALSE
278,10005300,FALSE,43,21643,43,TRUE,1.0000000000100087,1953,53,FALSE
279,10005310,FALSE,53,111353,53,TRUE,1.0000000000100087,1943,43,FALSE
280,10005340,FALSE,NA,NA,NA,NA,1.0000000000100087,NA,NA,NA
281,10005360,TRUE,66,81866,66,TRUE,1.0000000000100087,1930,30,FALSE
282,10005400,TRUE,75,81775,75,TRUE,1.0000000000100087,1921,21,FALSE
283,10005410,TRUE,72,32872,72,TRUE,1.0000000000100087,1924,24,FALSE
284,10005420,TRUE,66,41866,66,TRUE,1.0000000000100087,1930,30,FALSE
285,10005430,TRUE,50,82350,50,TRUE,1.0000000000100087,1946,46,FALSE
286,10005440,TRUE,62,72662,62,TRUE,1.0000000000100087,1934,34,FALSE
287,10005450,TRUE,59,101059,59,TRUE,1.0000000000100087,1937,37,FALSE
288,10005460,TRUE,45,10645,45,TRUE,1.0000000000100087,1951,51,FALSE
289,10005490,FALSE,50,80950,50,TRUE,1.0000000000100087,1946,46,FALSE
290,10005510,FALSE,59,121059,59,TRUE,1.0000000000100087,1937,37,FALSE
291,10005550,FALSE,43,12343,43,TRUE,1.0000000000100087,1953,53,FALSE
292,10005570,FALSE,64,121564,64,TRUE,1.0000000000100087,1932,32,FALSE
293,10005580,TRUE,95,120795,95,TRUE,1.0000000000100087,1901,1,TRUE
294,10005590,FALSE,60,11560,60,TRUE,1.0000000000100087,1936,36,FALSE
295,10005600,FALSE,64,12364,64,TRUE,1.0000000000100087,1932,32,FALSE
296,10005610,FALSE,53,110853,53,TRUE,NA,1943,43,FALSE
297,10005620,FALSE,72,22472,72,TRUE,1.0000000000100087,1924,24,FALSE
298,10005640,FALSE,42,71942,42,TRUE,1.0000000000100087,1954,54,FALSE
299,10005650,TRUE,55,82755,55,TRUE,1.0000000000100087,1941,41,FALSE
300,10005660,FALSE,17,53017,17,TRUE,1.0000000000100087,1979,79,FALSE
301,10005670,FALSE,30,31830,30,TRUE,1.0000000000100087,1966,66,FALSE
302,10005690,FALSE,61,82661,61,TRUE,1.0000000000100087,1935,35,FALSE
303,10005691,TRUE,72,22472,72,TRUE,1.0000000000100087,1924,24,FALSE
304,10005692,FALSE,66,12966,66,TRUE,1.0000000000100087,1930,30,FALSE
305,10005700,FALSE,31,61731,31,TRUE,1.0000000000100087,1965,65,FALSE
306,10005710,FALSE,25,52025,25,TRUE,1.0000000000100087,1971,71,FALSE
307,10005720,FALSE,31,80631,31,TRUE,1.0000000000100087,1965,65,FALSE
308,10005730,TRUE,69,92269,69,TRUE,1.0000000000100087,1927,27,FALSE
309,10005740,FALSE,68,42368,68,TRUE,1.0000000000100087,1928,28,FALSE
310,10005750,FALSE,47,21547,47,TRUE,1.0000000000100087,1949,49,FALSE
311,10005760,FALSE,44,82844,44,TRUE,1.0000000000100087,1952,52,FALSE
312,10005770,FALSE,30,82130,30,TRUE,1.0000000000100087,1966,66,FALSE
313,10005780,FALSE,19,102519,19,TRUE,1.0000000000100087,1977,77,FALSE
314,10005790,FALSE,57,71657,57,TRUE,1.0000000000100087,1939,39,FALSE
315,10005800,TRUE,61,40961,61,TRUE,1.0000000000100087,1935,35,FALSE
316,10005810,TRUE,25,22925,25,TRUE,1.0000000000100087,1971,71,FALSE
317,10005820,TRUE,66,10866,66,TRUE,1.0000000000100087,1930,30,FALSE
318,10005830,TRUE,65,92065,65,TRUE,1.0000000000100087,1931,31,FALSE
319,10005840,TRUE,73,121273,73,TRUE,1.0000000000100087,1923,23,FALSE
320,10005850,TRUE,71,21871,71,TRUE,1.0000000000100087,1925,25,FALSE
321,10005860,TRUE,32,61532,32,TRUE,1.0000000000100087,1964,64,FALSE
322,10005880,FALSE,57,71957,57,TRUE,1.0000000000100087,1939,39,FALSE
323,10005890,TRUE,57,72457,57,TRUE,1.0000000000100087,1939,39,FALSE
324,10005910,FALSE,58,40558,58,TRUE,1.0000000000100087,1938,38,FALSE
325,10005920,TRUE,59,91159,59,TRUE,1.0000000000100087,1937,37,FALSE
326,10005930,TRUE,61,71461,61,TRUE,1.0000000000100087,1935,35,FALSE
327,10005940,FALSE,15,30715,15,TRUE,1.0000000000100087,1981,81,FALSE
328,10005960,TRUE,57,50157,57,TRUE,1.0000000000100087,1939,39,FALSE
329,10005970,FALSE,26,72726,26,TRUE,1.0000000000100087,1970,70,FALSE
330,10005980,FALSE,56,123156,56,TRUE,1.0000000000100087,1940,40,FALSE
331,10005990,FALSE,61,111061,61,TRUE,1.0000000000100087,1935,35,FALSE
332,10006010,FALSE,24,42824,24,TRUE,1.0000000000100087,1972,72,FALSE
333,10006030,FALSE,65,81165,65,TRUE,1.0000000000100087,1931,31,FALSE
334,10006040,TRUE,57,81457,57,TRUE,1.0000000000100087,1939,39,FALSE
335,10006070,TRUE,53,121253,53,TRUE,1.0000000000100087,1943,43,FALSE
336,10006080,FALSE,40,100640,40,TRUE,1.0000000000100087,1956,56,FALSE
337,10006090,FALSE,27,100427,27,TRUE,1.0000000000100087,1969,69,FALSE
338,10006100,FALSE,66,101666,66,TRUE,1.0000000000100087,1930,30,FALSE
339,10006110,TRUE,68,40668,68,TRUE,1.0000000000100087,1928,28,FALSE
340,10006160,FALSE,56,72656,56,TRUE,NA,1940,40,FALSE
341,10006180,FALSE,47,82047,47,TRUE,1.0000000000100087,1949,49,FALSE
342,10006200,TRUE,49,50449,49,TRUE,1.0000000000100087,1947,47,FALSE
343,10006220,TRUE,50,101350,50,TRUE,1.0000000000100087,1946,46,FALSE
344,10006260,FALSE,75,102375,75,TRUE,1.0000000000100087,1921,21,FALSE
345,10006271,FALSE,43,41743,43,TRUE,1.0000000000100087,1953,53,FALSE
346,10006280,TRUE,65,70565,65,TRUE,1.0000000000100087,1931,31,FALSE
347,10006290,FALSE,65,122565,65,TRUE,NA,1931,31,FALSE
348,10006300,FALSE,13,112113,13,TRUE,1.0000000000100087,1983,83,FALSE
349,10006310,TRUE,66,92466,66,TRUE,1.0000000000100087,1930,30,FALSE
350,10006320,TRUE,61,71561,61,TRUE,1.0000000000100087,1935,35,FALSE
351,10006330,TRUE,64,70264,64,TRUE,1.0000000000100087,1932,32,FALSE
352,10006340,TRUE,66,31766,66,TRUE,1.0000000000100087,1930,30,FALSE
353,10006350,TRUE,76,70976,76,TRUE,1.0000000000100087,1920,20,FALSE
354,10006360,TRUE,36,31236,36,TRUE,1.0000000000100087,1960,60,FALSE
355,10006370,FALSE,44,50344,44,TRUE,1.0000000000100087,1952,52,FALSE
356,10006380,FALSE,36,81236,36,TRUE,1.0000000000100087,1960,60,FALSE
357,10006390,TRUE,55,51055,55,TRUE,1.0000000000100087,1941,41,FALSE
358,10006400,TRUE,44,61444,44,TRUE,1.0000000000100087,1952,52,FALSE
359,10006410,FALSE,63,32363,63,TRUE,1.0000000000100087,1933,33,FALSE
360,10006411,FALSE,70,40370,70,TRUE,NA,1926,26,FALSE
361,10006412,FALSE,70,21870,70,TRUE,NA,1926,26,FALSE
362,10006420,FALSE,17,71317,17,TRUE,NA,1979,79,FALSE
363,10006430,TRUE,63,112463,63,TRUE,1.0000000000100087,1933,33,FALSE
364,10006450,FALSE,24,111024,24,TRUE,1.0000000000100087,1972,72,FALSE
365,10006470,FALSE,25,22625,25,TRUE,1.0000000000100087,1971,71,FALSE
366,10006490,FALSE,NA,NA,NA,NA,1.0000000000100087,NA,NA,NA
367,10006500,TRUE,59,22359,59,TRUE,1.0000000000100087,1937,37,FALSE
368,10006510,TRUE,63,40963,63,TRUE,1.0000000000100087,1933,33,FALSE
369,10006530,FALSE,95,121195,95,TRUE,1.0000000000100087,1901,1,TRUE
370,10006540,TRUE,40,61040,40,TRUE,1.0000000000100087,1956,56,FALSE
371,10006580,TRUE,54,80854,54,TRUE,1.0000000000100087,1942,42,FALSE
372,10006620,TRUE,27,22027,27,TRUE,1.0000000000100087,1969,69,FALSE
373,10006630,FALSE,60,110560,60,TRUE,1.0000000000100087,1936,36,FALSE
374,10006660,TRUE,34,62334,34,TRUE,1.0000000000100087,1962,62,FALSE
375,10006680,FALSE,14,51114,14,TRUE,1.0000000000100087,1982,82,FALSE
376,10006700,TRUE,59,113059,59,TRUE,1.0000000000100087,1937,37,FALSE
377,10006710,TRUE,29,70629,29,TRUE,1.0000000000100087,1967,67,FALSE
378,10006730,FALSE,26,92726,26,TRUE,1.0000000000100087,1970,70,FALSE
379,10006740,TRUE,76,62276,76,TRUE,1.0000000000100087,1920,20,FALSE
380,10006760,TRUE,54,61254,54,TRUE,1.0000000000100087,1942,42,FALSE
381,10006770,FALSE,60,31360,60,TRUE,1.0000000000100087,1936,36,FALSE
382,10006780,TRUE,26,112026,26,TRUE,1.0000000000100087,1970,70,FALSE
383,10006790,TRUE,45,31645,45,TRUE,1.0000000000100087,1951,51,FALSE
384,10006800,TRUE,27,120527,27,TRUE,1.0000000000100087,1969,69,FALSE
385,10006820,FALSE,28,32628,28,TRUE,1.0000000000100087,1968,68,FALSE
386,10006840,FALSE,43,90243,43,TRUE,1.0000000000100087,1953,53,FALSE
387,10006850,FALSE,34,11934,34,TRUE,1.0000000000100087,1962,62,FALSE
388,10006860,FALSE,76,42276,76,TRUE,1.0000000000100087,1920,20,FALSE
389,10006870,FALSE,66,12866,66,TRUE,1.0000000000100087,1930,30,FALSE
390,10006880,TRUE,60,40860,60,TRUE,1.0000000000100087,1936,36,FALSE
391,10006890,FALSE,18,12418,18,TRUE,1.0000000000100087,1978,78,FALSE
392,10006900,TRUE,47,101347,47,TRUE,1.0000000000100087,1949,49,FALSE
393,10006910,FALSE,35,11135,35,TRUE,1.0000000000100087,1961,61,FALSE
394,10006920,TRUE,75,121575,75,TRUE,1.0000000000100087,1921,21,FALSE
395,10006930,TRUE,70,110770,70,TRUE,1.0000000000100087,1926,26,FALSE
396,10006940,FALSE,51,121351,51,TRUE,1.0000000000100087,1945,45,FALSE
397,10006950,FALSE,25,191225,25,TRUE,1.0000000000100087,1971,71,FALSE
398,10006960,TRUE,63,123063,63,TRUE,1.0000000000100087,1933,33,FALSE
399,10006970,FALSE,71,13071,71,TRUE,1.0000000000100087,1925,25,FALSE
400,10006990,FALSE,12,120612,12,TRUE,1.0000000000100087,1984,84,FALSE
401,10007010,TRUE,40,90640,40,TRUE,1.0000000000100087,1956,56,FALSE
402,10007020,FALSE,64,10264,64,TRUE,1.0000000000100087,1932,32,FALSE
403,10007030,FALSE,75,123075,75,TRUE,1.0000000000100087,1921,21,FALSE
404,10007040,FALSE,69,72569,69,TRUE,1.0000000000100087,1927,27,FALSE
405,10007060,FALSE,71,21571,71,TRUE,1.0000000000100087,1925,25,FALSE
406,10007090,FALSE,65,102165,65,TRUE,1.0000000000100087,1931,31,FALSE
407,10007100,FALSE,18,123118,18,TRUE,1.0000000000100087,1978,78,FALSE
408,10007120,FALSE,18,80218,18,TRUE,1.0000000000100087,1978,78,FALSE
409,10007130,FALSE,60,112960,60,TRUE,1.0000000000100087,1936,36,FALSE
410,10007140,TRUE,30,110430,30,TRUE,1.0000000000100087,1966,66,FALSE
411,10007160,TRUE,57,120257,57,TRUE,1.0000000000100087,1939,39,FALSE
412,10007170,TRUE,61,50261,61,TRUE,1.0000000000100087,1935,35,FALSE
413,10007180,TRUE,26,112226,26,TRUE,NA,1970,70,FALSE
414,10007190,TRUE,26,92526,26,TRUE,NA,1970,70,FALSE
415,10007200,FALSE,65,120165,65,TRUE,1.0000000000100087,1931,31,FALSE
416,10007210,TRUE,62,110462,62,TRUE,1.0000000000100087,1934,34,FALSE
417,10007220,TRUE,58,50158,58,TRUE,1.0000000000100087,1938,38,FALSE
418,10007250,TRUE,57,50757,57,TRUE,1.0000000000100087,1939,39,FALSE
419,10007260,FALSE,47,22247,47,TRUE,1.0000000000100087,1949,49,FALSE
420,10007270,FALSE,70,82270,70,TRUE,1.0000000000100087,1926,26,FALSE
421,10007280,FALSE,69,122169,69,TRUE,1.0000000000100087,1927,27,FALSE
422,10007320,FALSE,47,111347,47,TRUE,1.0000000000100087,1949,49,FALSE
423,10007350,FALSE,39,20439,39,TRUE,1.0000000000100087,1957,57,FALSE
424,10007360,FALSE,71,71771,71,TRUE,1.0000000000100087,1925,25,FALSE
425,10007380,FALSE,34,40234,34,TRUE,NA,1962,62,FALSE
426,10007390,TRUE,69,123169,69,TRUE,1.0000000000100087,1927,27,FALSE
427,10007400,FALSE,68,81968,68,TRUE,NA,1928,28,FALSE
428,10007410,TRUE,61,11961,61,TRUE,NA,1935,35,FALSE
429,10007420,FALSE,62,102862,62,TRUE,NA,1934,34,FALSE
430,10007430,TRUE,25,100525,25,TRUE,NA,1971,71,FALSE
431,10007440,FALSE,59,70259,59,TRUE,1.0000000000100087,1937,37,FALSE
432,10007450,TRUE,55,91655,55,TRUE,1.0000000000100087,1941,41,FALSE
433,10007460,FALSE,58,11658,58,TRUE,NA,1938,38,FALSE
434,10007470,FALSE,21,81821,21,TRUE,1.0000000000100087,1975,75,FALSE
435,10007471,TRUE,50,91950,50,TRUE,NA,1946,46,FALSE
436,10007480,FALSE,67,82567,67,TRUE,1.0000000000100087,1929,29,FALSE
437,10007490,FALSE,36,31436,36,TRUE,NA,1960,60,FALSE
438,10007520,TRUE,67,110267,67,TRUE,1.0000000000100087,1929,29,FALSE
439,10007530,FALSE,70,22570,70,TRUE,1.0000000000100087,1926,26,FALSE
440,10007540,FALSE,63,12063,63,TRUE,1.0000000000100087,1933,33,FALSE
441,10007550,FALSE,77,22177,77,TRUE,1.0000000000100087,1919,19,FALSE
442,10007560,FALSE,61,71161,61,TRUE,1.0000000000100087,1935,35,FALSE
443,10007570,TRUE,47,30747,47,TRUE,1.0000000000100087,1949,49,FALSE
444,10007580,TRUE,69,110269,69,TRUE,1.0000000000100087,1927,27,FALSE
445,10007590,TRUE,7,10267,67,FALSE,1.0000000000100087,1989,89,FALSE
446,10007610,FALSE,31,20331,31,TRUE,NA,1965,65,FALSE
447,10007620,TRUE,57,30857,57,TRUE,1.0000000000100087,1939,39,FALSE
448,10007640,TRUE,15,32515,15,TRUE,1.0000000000100087,1981,81,FALSE
449,10007650,FALSE,73,42073,73,TRUE,1.0000000000100087,1923,23,FALSE
450,10007700,FALSE,34,81734,34,TRUE,1.0000000000100087,1962,62,FALSE
451,10007710,TRUE,43,111943,43,TRUE,1.0000000000100087,1953,53,FALSE
452,10007720,TRUE,51,12951,51,TRUE,1.0000000000100087,1945,45,FALSE
453,10007730,TRUE,58,71758,58,TRUE,1.0000000000100087,1938,38,FALSE
454,10007750,TRUE,57,62057,57,TRUE,1.0000000000100087,1939,39,FALSE
455,10007760,TRUE,74,93074,74,TRUE,1.0000000000100087,1922,22,FALSE
456,10007770,FALSE,39,81439,39,TRUE,1.0000000000100087,1957,57,FALSE
457,10007780,TRUE,69,80369,69,TRUE,1.0000000000100087,1927,27,FALSE
458,10007800,FALSE,68,11168,68,TRUE,1.0000000000100087,1928,28,FALSE
459,10007810,FALSE,59,52859,59,TRUE,1.0000000000100087,1937,37,FALSE
460,10007820,FALSE,17,20517,17,TRUE,1.0000000000100087,1979,79,FALSE
461,10007840,TRUE,62,32562,62,TRUE,1.0000000000100087,1934,34,FALSE
462,10007860,TRUE,37,82037,37,TRUE,1.0000000000100087,1959,59,FALSE
463,10007870,FALSE,48,90148,48,TRUE,1.0000000000100087,1948,48,FALSE
464,10007890,FALSE,26,10526,26,TRUE,1.0000000000100087,1970,70,FALSE
465,10007900,FALSE,25,10825,25,TRUE,1.0000000000100087,1971,71,FALSE
466,10007930,FALSE,23,110123,23,TRUE,1.0000000000100087,1973,73,FALSE
467,10007940,FALSE,33,82733,33,TRUE,1.0000000000100087,1963,63,FALSE
468,10007950,FALSE,60,41860,60,TRUE,1.0000000000100087,1936,36,FALSE
469,10007960,TRUE,55,61955,55,TRUE,1.0000000000100087,1941,41,FALSE
470,10007990,FALSE,44,110744,44,TRUE,1.0000000000100087,1952,52,FALSE
471,10008020,FALSE,21,31521,21,TRUE,1.0000000000100087,1975,75,FALSE
472,10008030,TRUE,52,20652,52,TRUE,1.0000000000100087,1944,44,FALSE
473,10008040,FALSE,21,40221,21,TRUE,1.0000000000100087,1975,75,FALSE
474,10008050,TRUE,47,11347,47,TRUE,1.0000000000100087,1949,49,FALSE
475,10008060,TRUE,71,60271,71,TRUE,1.0000000000100087,1925,25,FALSE
476,10008070,TRUE,68,30468,68,TRUE,1.0000000000100087,1928,28,FALSE
477,10008080,TRUE,36,120436,36,TRUE,1.0000000000100087,1960,60,FALSE
478,10008090,TRUE,59,100959,59,TRUE,1.0000000000100087,1937,37,FALSE
479,10008100,FALSE,20,11820,20,TRUE,1.0000000000100087,1976,76,FALSE
480,10008110,TRUE,17,111717,17,TRUE,1.0000000000100087,1979,79,FALSE
481,10008120,TRUE,15,61015,15,TRUE,1.0000000000100087,1981,81,FALSE
482,10008130,TRUE,70,112170,70,TRUE,1.0000000000100087,1926,26,FALSE
483,10008140,FALSE,65,81165,65,TRUE,1.0000000000100087,1931,31,FALSE
484,10008150,TRUE,77,40877,77,TRUE,1.0000000000100087,1919,19,FALSE
485,10008160,FALSE,18,61818,18,TRUE,1.0000000000100087,1978,78,FALSE
486,10008170,FALSE,65,82665,65,TRUE,1.0000000000100087,1931,31,FALSE
487,10008190,FALSE,60,81060,60,TRUE,1.0000000000100087,1936,36,FALSE
488,10008210,TRUE,41,122341,41,TRUE,1.0000000000100087,1955,55,FALSE
489,10008220,TRUE,58,120358,58,TRUE,1.0000000000100087,1938,38,FALSE
490,10008230,FALSE,50,50650,50,TRUE,1.0000000000100087,1946,46,FALSE
491,10008240,TRUE,60,93060,60,TRUE,1.0000000000100087,1936,36,FALSE
492,10008260,TRUE,58,100458,58,TRUE,1.0000000000100087,1938,38,FALSE
493,10008300,FALSE,28,52028,28,TRUE,1.0000000000100087,1968,68,FALSE
494,10008310,TRUE,66,12566,66,TRUE,1.0000000000100087,1930,30,FALSE
495,10008320,TRUE,70,40870,70,TRUE,1.0000000000100087,1926,26,FALSE
496,10008350,TRUE,26,101526,26,TRUE,1.0000000000100087,1970,70,FALSE
497,10008360,FALSE,46,70846,46,TRUE,1.0000000000100087,1950,50,FALSE
498,10008370,FALSE,34,12534,34,TRUE,1.0000000000100087,1962,62,FALSE
499,10008380,TRUE,64,52964,64,TRUE,1.0000000000100087,1932,32,FALSE
500,10008400,TRUE,47,41447,47,TRUE,1.0000000000100087,1949,49,FALSE
501,10008420,TRUE,34,121334,34,TRUE,1.0000000000100087,1962,62,FALSE
502,10008430,TRUE,68,21068,68,TRUE,1.0000000000100087,1928,28,FALSE
503,10008440,TRUE,67,92367,67,TRUE,1.0000000000100087,1929,29,FALSE
504,10008450,TRUE,64,90264,64,TRUE,1.0000000000100087,1932,32,FALSE
505,10008451,TRUE,62,40262,62,TRUE,1.0000000000100087,1934,34,FALSE
506,10008460,TRUE,51,110751,51,TRUE,1.0000000000100087,1945,45,FALSE
507,10008461,FALSE,66,30266,66,TRUE,1.0000000000100087,1930,30,FALSE
508,10008470,FALSE,60,121860,60,TRUE,1.0000000000100087,1936,36,FALSE
509,10008560,FALSE,12,52412,12,TRUE,1.0000000000100087,1984,84,FALSE
510,10008580,TRUE,57,40757,57,TRUE,1.0000000000100087,1939,39,FALSE
511,10008590,TRUE,39,102339,39,TRUE,1.0000000000100087,1957,57,FALSE
512,10008600,FALSE,54,61754,54,TRUE,1.0000000000100087,1942,42,FALSE
513,10008610,FALSE,63,60363,63,TRUE,1.0000000000100087,1933,33,FALSE
514,10008620,FALSE,44,81144,44,TRUE,1.0000000000100087,1952,52,FALSE
515,10008640,TRUE,53,81153,53,TRUE,0,1943,43,FALSE
516,10008660,TRUE,59,101659,59,TRUE,1.0000000000100087,1937,37,FALSE
517,10008670,FALSE,52,32952,52,TRUE,1.0000000000100087,1944,44,FALSE
518,10008680,FALSE,61,13061,61,TRUE,1.0000000000100087,1935,35,FALSE
519,10008690,TRUE,30,92130,30,TRUE,1.0000000000100087,1966,66,FALSE
520,10008710,TRUE,43,60243,43,TRUE,1.0000000000100087,1953,53,FALSE
521,10008720,FALSE,50,112850,50,TRUE,1.0000000000100087,1946,46,FALSE
522,10008730,FALSE,32,32432,32,TRUE,1.0000000000100087,1964,64,FALSE
523,10008740,TRUE,95,110695,95,TRUE,1.0000000000100087,1901,1,TRUE
524,10008750,TRUE,61,82461,61,TRUE,1.0000000000100087,1935,35,FALSE
525,10008760,FALSE,15,100715,15,TRUE,1.0000000000100087,1981,81,FALSE
526,10008780,TRUE,94,41894,94,TRUE,1.0000000000100087,1902,2,TRUE
527,10008830,FALSE,30,101730,30,TRUE,1.0000000000100087,1966,66,FALSE
528,10008840,TRUE,59,60559,59,TRUE,1.0000000000100087,1937,37,FALSE
529,10008860,FALSE,39,32939,39,TRUE,1.0000000000100087,1957,57,FALSE
530,10008880,FALSE,41,32341,41,TRUE,1.0000000000100087,1955,55,FALSE
531,10008890,TRUE,29,53129,29,TRUE,1.0000000000100087,1967,67,FALSE
532,10008900,FALSE,6,111806,6,TRUE,1.0000000000100087,1990,90,FALSE
533,10008910,FALSE,24,52724,24,TRUE,1.0000000000100087,1972,72,FALSE
534,10008920,FALSE,57,102357,57,TRUE,1.0000000000100087,1939,39,FALSE
535,10008930,TRUE,59,51359,59,TRUE,1.0000000000100087,1937,37,FALSE
536,10008940,TRUE,52,102952,52,TRUE,1.0000000000100087,1944,44,FALSE
537,10008960,FALSE,38,112238,38,TRUE,1.0000000000100087,1958,58,FALSE
538,10008970,FALSE,NA,NA,NA,NA,1.0000000000100087,NA,NA,NA
539,10008980,FALSE,59,20859,59,TRUE,1.0000000000100087,1937,37,FALSE
540,10009000,TRUE,58,121058,58,TRUE,1.0000000000100087,1938,38,FALSE
541,10009010,FALSE,NA,NA,NA,NA,1.0000000000100087,NA,NA,NA
542,10009020,FALSE,46,82946,46,TRUE,1.0000000000100087,1950,50,FALSE
543,10009030,TRUE,68,12668,68,TRUE,1.0000000000100087,1928,28,FALSE
544,10009040,FALSE,55,101055,55,TRUE,1.0000000000100087,1941,41,FALSE
545,10009070,FALSE,35,42535,35,TRUE,NA,1961,61,FALSE
546,10009090,TRUE,54,120954,54,TRUE,NA,1942,42,FALSE
547,10009150,TRUE,25,100125,25,TRUE,NA,1971,71,FALSE
548,10009160,FALSE,46,12846,46,TRUE,1.0000000000100087,1950,50,FALSE
549,10009180,TRUE,45,110445,45,TRUE,NA,1951,51,FALSE
550,10009190,FALSE,61,22461,61,TRUE,NA,1935,35,FALSE
551,10009210,FALSE,32,42732,32,TRUE,NA,1964,64,FALSE
552,10009250,FALSE,68,70668,68,TRUE,1.0000000000100087,1928,28,FALSE
553,10009251,TRUE,63,112863,63,TRUE,1.0000000000100087,1933,33,FALSE
554,10009260,FALSE,29,42529,29,TRUE,1.0000000000100087,1967,67,FALSE
555,10009270,FALSE,56,62556,56,TRUE,1.0000000000100087,1940,40,FALSE
556,10009280,FALSE,57,110457,57,TRUE,1.0000000000100087,1939,39,FALSE
557,10009290,FALSE,65,102665,65,TRUE,1.0000000000100087,1931,31,FALSE
558,10009310,FALSE,NA,NA,NA,NA,1.0000000000100087,NA,NA,NA
559,10009320,FALSE,73,22873,73,TRUE,1.0000000000100087,1923,23,FALSE
560,10009330,FALSE,44,90344,44,TRUE,1.0000000000100087,1952,52,FALSE
561,10009360,FALSE,20,32020,20,TRUE,1.0000000000100087,1976,76,FALSE
562,10009380,FALSE,19,102019,19,TRUE,1.0000000000100087,1977,77,FALSE
563,10009390,TRUE,59,22659,59,TRUE,1.0000000000100087,1937,37,FALSE
564,10009440,TRUE,67,92867,67,TRUE,1.0000000000100087,1929,29,FALSE
565,10009460,TRUE,75,70575,75,TRUE,1.0000000000100087,1921,21,FALSE
566,10009480,FALSE,41,120341,41,TRUE,1.0000000000100087,1955,55,FALSE
567,10009520,TRUE,70,112670,70,TRUE,1.0000000000100087,1926,26,FALSE
568,10009530,TRUE,70,21370,70,TRUE,1.0000000000100087,1926,26,FALSE
569,10009540,FALSE,71,51671,71,TRUE,1.0000000000100087,1925,25,FALSE
570,10009550,FALSE,54,41054,54,TRUE,1.0000000000100087,1942,42,FALSE
571,10009560,FALSE,67,12267,67,TRUE,1.0000000000100087,1929,29,FALSE
572,10009590,TRUE,43,41043,43,TRUE,1.0000000000100087,1953,53,FALSE
573,10009610,FALSE,60,32460,60,TRUE,1.0000000000100087,1936,36,FALSE
574,10009630,TRUE,71,103171,71,TRUE,1.0000000000100087,1925,25,FALSE
575,10009640,FALSE,23,52523,23,TRUE,1.0000000000100087,1973,73,FALSE
576,10009650,TRUE,27,11127,27,TRUE,1.0000000000100087,1969,69,FALSE
577,10009660,FALSE,39,33139,39,TRUE,1.0000000000100087,1957,57,FALSE
578,10009670,TRUE,64,62664,64,TRUE,1.0000000000100087,1932,32,FALSE
579,10009680,FALSE,55,12455,55,TRUE,1.0000000000100087,1941,41,FALSE
580,10009700,FALSE,29,100529,29,TRUE,1.0000000000100087,1967,67,FALSE
581,10009720,FALSE,NA,NA,NA,NA,1.0000000000100087,NA,NA,NA
582,10009730,FALSE,32,32532,32,TRUE,1.0000000000100087,1964,64,FALSE
583,10009750,TRUE,51,121951,51,TRUE,1.0000000000100087,1945,45,FALSE
584,10009760,FALSE,44,82944,44,TRUE,1.0000000000100087,1952,52,FALSE
585,10009790,FALSE,27,120327,27,TRUE,1.0000000000100087,1969,69,FALSE
586,10009800,FALSE,70,91770,70,TRUE,1.0000000000100087,1926,26,FALSE
587,10009810,TRUE,68,10268,68,TRUE,1.0000000000100087,1928,28,FALSE
588,10009820,FALSE,23,81123,23,TRUE,1.0000000000100087,1973,73,FALSE
589,10009830,FALSE,28,13128,28,TRUE,1.0000000000100087,1968,68,FALSE
590,10009840,TRUE,75,111175,75,TRUE,1.0000000000100087,1921,21,FALSE
591,10009860,FALSE,60,102060,60,TRUE,1.0000000000100087,1936,36,FALSE
592,10009870,TRUE,26,71826,26,TRUE,1.0000000000100087,1970,70,FALSE
593,10009890,FALSE,69,11469,69,TRUE,1.0000000000100087,1927,27,FALSE
594,10009910,FALSE,61,90361,61,TRUE,1.0000000000100087,1935,35,FALSE
595,10009920,FALSE,27,112927,27,TRUE,1.0000000000100087,1969,69,FALSE
596,10009930,FALSE,8,30408,8,TRUE,NA,1988,88,FALSE
597,10009940,FALSE,34,51234,34,TRUE,1.0000000000100087,1962,62,FALSE
598,10009960,FALSE,28,31028,28,TRUE,1.0000000000100087,1968,68,FALSE
599,10009970,TRUE,49,80749,49,TRUE,1.0000000000100087,1947,47,FALSE
600,10009990,TRUE,45,42845,45,TRUE,1.0000000000100087,1951,51,FALSE
601,10010000,TRUE,47,120147,47,TRUE,1.0000000000100087,1949,49,FALSE
602,10010020,FALSE,70,110870,70,TRUE,NA,1926,26,FALSE
603,10010030,TRUE,75,71675,75,TRUE,NA,1921,21,FALSE
604,10010060,TRUE,40,61940,40,TRUE,1.0000000000100087,1956,56,FALSE
605,10010080,TRUE,62,12762,62,TRUE,1.0000000000100087,1934,34,FALSE
606,10010110,TRUE,28,62428,28,TRUE,1.0000000000100087,1968,68,FALSE
607,10010120,TRUE,71,33071,71,TRUE,1.0000000000100087,1925,25,FALSE
608,10010130,FALSE,52,31352,52,TRUE,1.0000000000100087,1944,44,FALSE
609,10010140,TRUE,66,11366,66,TRUE,1.0000000000100087,1930,30,FALSE
610,10010150,FALSE,16,101916,16,TRUE,1.0000000000100087,1980,80,FALSE
611,10010160,TRUE,70,60970,70,TRUE,1.0000000000100087,1926,26,FALSE
612,10010180,TRUE,66,61266,66,TRUE,1.0000000000100087,1930,30,FALSE
613,10010200,TRUE,46,32046,46,TRUE,1.0000000000100087,1950,50,FALSE
614,10010210,TRUE,36,61436,36,TRUE,1.0000000000100087,1960,60,FALSE
615,10010220,TRUE,37,51737,37,TRUE,1.0000000000100087,1959,59,FALSE
616,10010230,TRUE,56,62656,56,TRUE,1.0000000000100087,1940,40,FALSE
617,10010240,FALSE,46,110146,46,TRUE,NA,1950,50,FALSE
618,10010250,TRUE,57,12757,57,TRUE,1.0000000000100087,1939,39,FALSE
619,10010280,TRUE,52,100752,52,TRUE,1.0000000000100087,1944,44,FALSE
620,10010320,FALSE,49,90149,49,TRUE,1.0000000000100087,1947,47,FALSE
621,10010330,TRUE,58,91258,58,TRUE,1.0000000000100087,1938,38,FALSE
622,10010340,TRUE,53,111953,53,TRUE,1.0000000000100087,1943,43,FALSE
623,10010350,FALSE,8,22808,8,TRUE,1.0000000000100087,1988,88,FALSE
624,10010360,TRUE,58,80358,58,TRUE,1.0000000000100087,1938,38,FALSE
625,10010390,TRUE,57,61157,57,TRUE,1.0000000000100087,1939,39,FALSE
626,10010420,FALSE,51,62351,51,TRUE,1.0000000000100087,1945,45,FALSE
627,10010430,FALSE,71,81471,71,TRUE,1.0000000000100087,1925,25,FALSE
628,10010440,FALSE,74,52774,74,TRUE,1.0000000000100087,1922,22,FALSE
629,10010450,FALSE,73,62573,73,TRUE,1.0000000000100087,1923,23,FALSE
630,10010470,FALSE,45,30845,45,TRUE,1.0000000000100087,1951,51,FALSE
631,10010490,FALSE,70,100770,70,TRUE,1.0000000000100087,1926,26,FALSE
632,10010520,TRUE,74,72474,74,TRUE,1.0000000000100087,1922,22,FALSE
633,10010530,FALSE,40,40440,40,TRUE,1.0000000000100087,1956,56,FALSE
634,10010540,FALSE,63,80163,63,TRUE,1.0000000000100087,1933,33,FALSE
635,10010550,TRUE,55,10855,55,TRUE,1.0000000000100087,1941,41,FALSE
636,10010560,FALSE,44,91344,44,TRUE,1.0000000000100087,1952,52,FALSE
637,10010570,FALSE,61,111661,61,TRUE,1.0000000000100087,1935,35,FALSE
638,10010580,TRUE,61,60661,61,TRUE,1.0000000000100087,1935,35,FALSE
639,10010600,TRUE,47,92947,47,TRUE,1.0000000000100087,1949,49,FALSE
640,10010610,FALSE,45,91345,45,TRUE,1.0000000000100087,1951,51,FALSE
641,10010620,TRUE,56,92656,56,TRUE,1.0000000000100087,1940,40,FALSE
642,10010630,TRUE,76,93076,76,TRUE,1.0000000000100087,1920,20,FALSE
643,10010640,TRUE,77,41277,77,TRUE,1.0000000000100087,1919,19,FALSE
644,10010650,TRUE,40,71240,40,TRUE,1.0000000000100087,1956,56,FALSE
645,10010660,TRUE,44,80644,44,TRUE,1.0000000000100087,1952,52,FALSE
646,10010690,TRUE,55,111055,55,TRUE,1.0000000000100087,1941,41,FALSE
647,10010700,TRUE,53,11553,53,TRUE,1.0000000000100087,1943,43,FALSE
648,10010710,TRUE,15,20815,15,TRUE,1.0000000000100087,1981,81,FALSE
649,10010720,TRUE,45,10245,45,TRUE,1.0000000000100087,1951,51,FALSE
650,10010730,TRUE,26,62626,26,TRUE,1.0000000000100087,1970,70,FALSE
651,10010740,FALSE,51,112351,51,TRUE,1.0000000000100087,1945,45,FALSE
652,10010760,TRUE,65,42265,65,TRUE,1.0000000000100087,1931,31,FALSE
653,10010770,TRUE,71,62071,71,TRUE,1.0000000000100087,1925,25,FALSE
654,10010850,TRUE,47,91047,47,TRUE,1.0000000000100087,1949,49,FALSE
655,10010860,FALSE,46,73146,46,TRUE,1.0000000000100087,1950,50,FALSE
656,10010870,TRUE,66,13066,66,TRUE,1.0000000000100087,1930,30,FALSE
657,10010890,FALSE,72,32472,72,TRUE,1.0000000000100087,1924,24,FALSE
658,10010910,FALSE,63,110363,63,TRUE,1.0000000000100087,1933,33,FALSE
659,10010920,FALSE,70,120370,70,TRUE,1.0000000000100087,1926,26,FALSE
660,10010960,TRUE,47,20547,47,TRUE,1.0000000000100087,1949,49,FALSE
661,10010980,FALSE,60,22060,60,TRUE,1.0000000000100087,1936,36,FALSE
662,10010990,FALSE,32,40332,32,TRUE,1.0000000000100087,1964,64,FALSE
663,10011000,FALSE,65,110865,65,TRUE,1.0000000000100087,1931,31,FALSE
664,10011020,TRUE,49,120949,49,TRUE,1.0000000000100087,1947,47,FALSE
665,10011030,TRUE,47,102347,47,TRUE,1.0000000000100087,1949,49,FALSE
666,10011040,TRUE,53,90353,53,TRUE,1.0000000000100087,1943,43,FALSE
667,10011060,FALSE,62,91462,62,TRUE,1.0000000000100087,1934,34,FALSE
668,10011070,FALSE,60,70660,60,TRUE,1.0000000000100087,1936,36,FALSE
669,10011080,FALSE,53,40253,53,TRUE,1.0000000000100087,1943,43,FALSE
670,10011100,FALSE,16,122716,16,TRUE,1.0000000000100087,1980,80,FALSE
671,10011110,FALSE,12,110512,12,TRUE,1.0000000000100087,1984,84,FALSE
672,10011120,TRUE,36,81136,36,TRUE,NA,1960,60,FALSE
673,10011130,TRUE,50,112150,50,TRUE,1.0000000000100087,1946,46,FALSE
674,10011150,TRUE,73,51573,73,TRUE,1.0000000000100087,1923,23,FALSE
675,10011170,FALSE,16,22516,16,TRUE,1.0000000000100087,1980,80,FALSE
676,10011180,TRUE,75,101275,75,TRUE,1.0000000000100087,1921,21,FALSE
677,10011200,TRUE,41,22141,41,TRUE,1.0000000000100087,1955,55,FALSE
678,10011210,TRUE,58,41558,58,TRUE,1.0000000000100087,1938,38,FALSE
679,10011220,TRUE,63,90263,63,TRUE,1.0000000000100087,1933,33,FALSE
680,10011230,TRUE,58,12258,58,TRUE,1.0000000000100087,1938,38,FALSE
681,10011240,TRUE,52,71252,52,TRUE,1.0000000000100087,1944,44,FALSE
682,10011310,TRUE,60,92860,60,TRUE,1.0000000000100087,1936,36,FALSE
683,10011320,TRUE,57,92557,57,TRUE,1.0000000000100087,1939,39,FALSE
684,10011330,TRUE,57,42657,57,TRUE,1.0000000000100087,1939,39,FALSE
685,10011350,FALSE,59,82059,59,TRUE,NA,1937,37,FALSE
686,10011370,TRUE,71,20971,71,TRUE,1.0000000000100087,1925,25,FALSE
687,10011430,TRUE,75,110175,75,TRUE,1.0000000000100087,1921,21,FALSE
688,10011440,TRUE,60,122460,60,TRUE,NA,1936,36,FALSE
689,10011450,TRUE,71,70371,71,TRUE,1.0000000000100087,1925,25,FALSE
690,10011460,FALSE,36,21336,36,TRUE,1.0000000000100087,1960,60,FALSE
691,10011470,TRUE,96,10996,96,TRUE,1.0000000000100087,1900,0,TRUE
692,10011490,TRUE,56,120256,56,TRUE,1.0000000000100087,1940,40,FALSE
693,10011500,TRUE,61,60561,61,TRUE,1.0000000000100087,1935,35,FALSE
694,10011510,TRUE,52,91052,52,TRUE,1.0000000000100087,1944,44,FALSE
695,10011520,TRUE,49,50349,49,TRUE,1.0000000000100087,1947,47,FALSE
696,10011530,FALSE,2,102602,2,TRUE,1.0000000000100087,1994,94,FALSE
697,10011550,TRUE,59,60259,59,TRUE,1.0000000000100087,1937,37,FALSE
698,10011560,TRUE,52,12352,52,TRUE,1.0000000000100087,1944,44,FALSE
699,10011570,FALSE,64,121364,64,TRUE,NA,1932,32,FALSE
700,10011580,TRUE,66,11366,66,TRUE,1.0000000000100087,1930,30,FALSE
701,10011590,FALSE,10,81010,10,TRUE,1.0000000000100087,1986,86,FALSE
702,10011600,FALSE,29,70129,29,TRUE,1.0000000000100087,1967,67,FALSE
703,10011610,FALSE,30,120330,30,TRUE,1.0000000000100087,1966,66,FALSE
704,10011620,FALSE,53,10153,53,TRUE,1.0000000000100087,1943,43,FALSE
705,10011630,TRUE,63,61063,63,TRUE,1.0000000000100087,1933,33,FALSE
706,10011640,FALSE,47,110847,47,TRUE,1.0000000000100087,1949,49,FALSE
707,10011650,TRUE,68,111468,68,TRUE,1.0000000000100087,1928,28,FALSE
708,10011660,TRUE,76,60876,76,TRUE,1.0000000000100087,1920,20,FALSE
709,10011670,FALSE,47,122447,47,TRUE,1.0000000000100087,1949,49,FALSE
710,10011680,TRUE,NA,NA,NA,NA,NA,NA,NA,NA
711,10011682,FALSE,56,22156,56,TRUE,1.0000000000100087,1940,40,FALSE
712,10011700,FALSE,22,111122,22,TRUE,NA,1974,74,FALSE
713,10011720,FALSE,23,60523,23,TRUE,1.0000000000100087,1973,73,FALSE
714,10011730,FALSE,46,92846,46,TRUE,1.0000000000100087,1950,50,FALSE
715,10011740,TRUE,23,100523,23,TRUE,1.0000000000100087,1973,73,FALSE
716,10011800,FALSE,28,82428,28,TRUE,1.0000000000100087,1968,68,FALSE
717,10011820,FALSE,26,121326,26,TRUE,1.0000000000100087,1970,70,FALSE
718,10011830,FALSE,32,92332,32,TRUE,1.0000000000100087,1964,64,FALSE
719,10011860,FALSE,27,31827,27,TRUE,1.0000000000100087,1969,69,FALSE
720,10011880,FALSE,59,112159,59,TRUE,1.0000000000100087,1937,37,FALSE
721,10011900,TRUE,63,12663,63,TRUE,1.0000000000100087,1933,33,FALSE
722,10011910,FALSE,55,83155,55,TRUE,1.0000000000100087,1941,41,FALSE
723,10011920,FALSE,10,112310,10,TRUE,1.0000000000100087,1986,86,FALSE
724,10011930,FALSE,62,42562,62,TRUE,1.0000000000100087,1934,34,FALSE
725,10011940,FALSE,50,113050,50,TRUE,1.0000000000100087,1946,46,FALSE
726,10011941,FALSE,60,112860,60,TRUE,1.0000000000100087,1936,36,FALSE
727,10011960,TRUE,36,11536,36,TRUE,1.0000000000100087,1960,60,FALSE
728,10011961,FALSE,36,32836,36,TRUE,1.0000000000100087,1960,60,FALSE
729,10011970,FALSE,44,92944,44,TRUE,1.0000000000100087,1952,52,FALSE
730,10012040,FALSE,39,52339,39,TRUE,1.0000000000100087,1957,57,FALSE
731,10012050,FALSE,44,80544,44,TRUE,1.0000000000100087,1952,52,FALSE
732,10012080,TRUE,72,70872,72,TRUE,1.0000000000100087,1924,24,FALSE
733,10012090,TRUE,26,81126,26,TRUE,1.0000000000100087,1970,70,FALSE
734,10012091,FALSE,51,60451,51,TRUE,1.0000000000100087,1945,45,FALSE
735,10012092,TRUE,29,111229,29,TRUE,1.0000000000100087,1967,67,FALSE
736,10012100,FALSE,66,21766,66,TRUE,1.0000000000100087,1930,30,FALSE
737,10012120,TRUE,62,51662,62,TRUE,1.0000000000100087,1934,34,FALSE
738,10012140,TRUE,67,111867,67,TRUE,1.0000000000100087,1929,29,FALSE
739,10012150,FALSE,56,42756,56,TRUE,1.0000000000100087,1940,40,FALSE
740,10012170,TRUE,42,12542,42,TRUE,1.0000000000100087,1954,54,FALSE
741,10012180,FALSE,46,40446,46,TRUE,1.0000000000100087,1950,50,FALSE
742,10012190,FALSE,25,52925,25,TRUE,1.0000000000100087,1971,71,FALSE
743,10012200,TRUE,23,40323,23,TRUE,1.0000000000100087,1973,73,FALSE
744,10012220,TRUE,34,101834,34,TRUE,1.0000000000100087,1962,62,FALSE
745,10012230,TRUE,47,70447,47,TRUE,1.0000000000100087,1949,49,FALSE
746,10012240,TRUE,65,90765,65,TRUE,1.0000000000100087,1931,31,FALSE
747,10012270,TRUE,39,32239,39,TRUE,1.0000000000100087,1957,57,FALSE
748,10012290,FALSE,67,11167,67,TRUE,1.0000000000100087,1929,29,FALSE
749,10012310,TRUE,67,111467,67,TRUE,1.0000000000100087,1929,29,FALSE
750,10012320,TRUE,22,100722,22,TRUE,1.0000000000100087,1974,74,FALSE
751,10012330,FALSE,70,121670,70,TRUE,NA,1926,26,FALSE
752,10012350,FALSE,77,12577,77,TRUE,1.0000000000100087,1919,19,FALSE
753,10012370,TRUE,74,60174,74,TRUE,1.0000000000100087,1922,22,FALSE
754,10012390,TRUE,71,10971,71,TRUE,1.0000000000100087,1925,25,FALSE
755,10012410,FALSE,NA,NA,NA,NA,NA,NA,NA,NA
756,10012470,TRUE,58,72758,58,TRUE,1.0000000000100087,1938,38,FALSE
757,10012490,TRUE,45,21645,45,TRUE,1.0000000000100087,1951,51,FALSE
758,10012500,FALSE,34,71634,34,TRUE,1.0000000000100087,1962,62,FALSE
759,10012510,FALSE,63,70863,63,TRUE,1.0000000000100087,1933,33,FALSE
760,10012530,FALSE,31,82031,31,TRUE,1.0000000000100087,1965,65,FALSE
761,10012540,TRUE,59,111559,59,TRUE,1.0000000000100087,1937,37,FALSE
762,10012580,TRUE,22,121522,22,TRUE,1.0000000000100087,1974,74,FALSE
763,10012620,FALSE,68,92668,68,TRUE,1.0000000000100087,1928,28,FALSE
764,10012630,FALSE,58,62858,58,TRUE,1.0000000000100087,1938,38,FALSE
765,10012650,FALSE,64,42664,64,TRUE,1.0000000000100087,1932,32,FALSE
766,10012660,TRUE,29,100529,29,TRUE,NA,1967,67,FALSE
767,10012680,TRUE,35,100135,35,TRUE,1.0000000000100087,1961,61,FALSE
768,10012700,TRUE,58,113058,58,TRUE,1.0000000000100087,1938,38,FALSE
769,10012720,FALSE,22,20322,22,TRUE,1.0000000000100087,1974,74,FALSE
770,10012730,FALSE,57,101057,57,TRUE,1.0000000000100087,1939,39,FALSE
771,10012740,TRUE,58,80158,58,TRUE,1.0000000000100087,1938,38,FALSE
772,10012760,FALSE,52,72352,52,TRUE,1.0000000000100087,1944,44,FALSE
773,10012770,FALSE,73,51073,73,TRUE,1.0000000000100087,1923,23,FALSE
774,10012780,FALSE,71,81571,71,TRUE,1.0000000000100087,1925,25,FALSE
775,10012790,TRUE,NA,NA,NA,NA,NA,NA,NA,NA
776,10012800,TRUE,63,41863,63,TRUE,1.0000000000100087,1933,33,FALSE
777,10012810,TRUE,69,72669,69,TRUE,1.0000000000100087,1927,27,FALSE
778,10012820,TRUE,67,91567,67,TRUE,1.0000000000100087,1929,29,FALSE
779,10012830,TRUE,66,62066,66,TRUE,1.0000000000100087,1930,30,FALSE
780,10012840,TRUE,47,43047,47,TRUE,1.0000000000100087,1949,49,FALSE
781,10012850,TRUE,46,91946,46,TRUE,1.0000000000100087,1950,50,FALSE
782,10012860,FALSE,68,110668,68,TRUE,1.0000000000100087,1928,28,FALSE
783,10012870,FALSE,59,22059,59,TRUE,1.0000000000100087,1937,37,FALSE
784,10012890,FALSE,NA,NA,NA,NA,1.0000000000100087,NA,NA,NA
785,10012900,FALSE,15,100515,15,TRUE,1.0000000000100087,1981,81,FALSE
786,10012910,FALSE,63,80663,63,TRUE,1.0000000000100087,1933,33,FALSE
787,10012920,FALSE,70,30470,70,TRUE,1.0000000000100087,1926,26,FALSE
788,10012950,FALSE,56,21056,56,TRUE,1.0000000000100087,1940,40,FALSE
789,10012980,FALSE,61,10461,61,TRUE,1.0000000000100087,1935,35,FALSE
790,10012990,TRUE,14,33114,14,TRUE,1.0000000000100087,1982,82,FALSE
791,10013030,TRUE,40,11540,40,TRUE,1.0000000000100087,1956,56,FALSE
792,10013040,TRUE,70,70670,70,TRUE,1.0000000000100087,1926,26,FALSE
793,10013041,TRUE,36,62236,36,TRUE,1.0000000000100087,1960,60,FALSE
794,10013050,FALSE,42,103142,42,TRUE,1.0000000000100087,1954,54,FALSE
795,10013060,FALSE,56,10856,56,TRUE,1.0000000000100087,1940,40,FALSE
796,10013070,FALSE,12,120612,12,TRUE,1.0000000000100087,1984,84,FALSE
797,10013111,FALSE,61,32261,61,TRUE,1.0000000000100087,1935,35,FALSE
798,10013130,TRUE,40,110940,40,TRUE,1.0000000000100087,1956,56,FALSE
799,10013180,FALSE,41,92341,41,TRUE,NA,1955,55,FALSE
800,10013190,FALSE,63,122963,63,TRUE,1.0000000000100087,1933,33,FALSE
801,10013200,FALSE,22,91322,22,TRUE,1.0000000000100087,1974,74,FALSE
802,10013250,FALSE,24,92424,24,TRUE,1.0000000000100087,1972,72,FALSE
803,10013260,FALSE,21,111221,21,TRUE,1.0000000000100087,1975,75,FALSE
804,10013270,TRUE,NA,NA,NA,NA,1.0000000000100087,NA,NA,NA
805,10013280,TRUE,77,80777,77,TRUE,1.0000000000100087,1919,19,FALSE
806,10013290,FALSE,35,101335,35,TRUE,1.0000000000100087,1961,61,FALSE
807,10013300,FALSE,17,71717,17,TRUE,NA,1979,79,FALSE
808,10013310,FALSE,4,100604,4,TRUE,NA,1992,92,FALSE
809,10013320,FALSE,17,71317,17,TRUE,NA,1979,79,FALSE
810,10013350,TRUE,30,82530,30,TRUE,NA,1966,66,FALSE
811,10013360,FALSE,3,60303,3,TRUE,NA,1993,93,FALSE
812,10013370,FALSE,67,120867,67,TRUE,1.0000000000100087,1929,29,FALSE
813,10013380,TRUE,44,70744,44,TRUE,1.0000000000100087,1952,52,FALSE
814,10013390,TRUE,58,72558,58,TRUE,NA,1938,38,FALSE
815,10013410,FALSE,66,31966,66,TRUE,1.0000000000100087,1930,30,FALSE
816,10013430,TRUE,57,51657,57,TRUE,1.0000000000100087,1939,39,FALSE
817,10013500,FALSE,34,103134,34,TRUE,1.0000000000100087,1962,62,FALSE
818,10013510,FALSE,73,20373,73,TRUE,1.0000000000100087,1923,23,FALSE
819,10013520,TRUE,27,42027,27,TRUE,NA,1969,69,FALSE
820,10013540,TRUE,59,12059,59,TRUE,1.0000000000100087,1937,37,FALSE
821,10013570,FALSE,44,123044,44,TRUE,NA,1952,52,FALSE
822,10013590,TRUE,65,100165,65,TRUE,NA,1931,31,FALSE
823,10013600,FALSE,22,42122,22,TRUE,1.0000000000100087,1974,74,FALSE
824,10013620,TRUE,41,80441,41,TRUE,NA,1955,55,FALSE
825,10013630,TRUE,59,73159,59,TRUE,1.0000000000100087,1937,37,FALSE
826,10013640,FALSE,55,91355,55,TRUE,1.0000000000100087,1941,41,FALSE
827,10013660,FALSE,19,42419,19,TRUE,1.0000000000100087,1977,77,FALSE
828,10013670,TRUE,68,62868,68,TRUE,1.0000000000100087,1928,28,FALSE
829,10013700,FALSE,63,80863,63,TRUE,0,1933,33,FALSE
830,10013710,TRUE,46,33146,46,TRUE,1.0000000000100087,1950,50,FALSE
831,10013730,TRUE,41,90941,41,TRUE,1.0000000000100087,1955,55,FALSE
832,10013750,FALSE,23,100823,23,TRUE,1.0000000000100087,1973,73,FALSE
833,10013760,TRUE,61,52061,61,TRUE,1.0000000000100087,1935,35,FALSE
834,10013780,FALSE,43,122343,43,TRUE,1.0000000000100087,1953,53,FALSE
835,10013790,TRUE,66,112366,66,TRUE,1.0000000000100087,1930,30,FALSE
836,10013800,TRUE,58,121458,58,TRUE,1.0000000000100087,1938,38,FALSE
837,10013810,TRUE,71,72971,71,TRUE,1.0000000000100087,1925,25,FALSE
838,10013820,FALSE,35,91835,35,TRUE,1.0000000000100087,1961,61,FALSE
839,10013830,TRUE,43,91543,43,TRUE,1.0000000000100087,1953,53,FALSE
840,10013860,FALSE,48,100848,48,TRUE,1.0000000000100087,1948,48,FALSE
841,10013880,FALSE,23,80523,23,TRUE,1.0000000000100087,1973,73,FALSE
842,10013890,TRUE,66,101066,66,TRUE,0,1930,30,FALSE
843,10013910,FALSE,61,32961,61,TRUE,1.0000000000100087,1935,35,FALSE
844,10013920,FALSE,29,112529,29,TRUE,1.0000000000100087,1967,67,FALSE
845,10013940,FALSE,38,10638,38,TRUE,1.0000000000100087,1958,58,FALSE
846,10014010,TRUE,58,101958,58,TRUE,1.0000000000100087,1938,38,FALSE
847,10014030,FALSE,51,100951,51,TRUE,1.0000000000100087,1945,45,FALSE
848,10014040,TRUE,62,30862,62,TRUE,1.0000000000100087,1934,34,FALSE
849,10014050,FALSE,23,52623,23,TRUE,1.0000000000100087,1973,73,FALSE
850,10014080,FALSE,37,90137,37,TRUE,1.0000000000100087,1959,59,FALSE
851,10014120,FALSE,68,120468,68,TRUE,1.0000000000100087,1928,28,FALSE
852,10014170,FALSE,26,81826,26,TRUE,1.0000000000100087,1970,70,FALSE
853,10014180,FALSE,55,61555,55,TRUE,1.0000000000100087,1941,41,FALSE
854,10014190,TRUE,76,21976,76,TRUE,1.0000000000100087,1920,20,FALSE
855,10014200,FALSE,NA,NA,NA,NA,1.0000000000100087,NA,NA,NA
856,10014210,FALSE,77,100577,77,TRUE,1.0000000000100087,1919,19,FALSE
857,10014220,FALSE,67,10767,67,TRUE,1.0000000000100087,1929,29,FALSE
858,10014250,FALSE,63,80963,63,TRUE,1.0000000000100087,1933,33,FALSE
859,10014260,FALSE,75,62775,75,TRUE,1.0000000000100087,1921,21,FALSE
860,10014270,FALSE,19,80519,19,TRUE,1.0000000000100087,1977,77,FALSE
861,10014281,TRUE,53,80953,53,TRUE,1.0000000000100087,1943,43,FALSE
862,10014282,TRUE,72,61472,72,TRUE,1.0000000000100087,1924,24,FALSE
863,10014283,TRUE,65,62465,65,TRUE,1.0000000000100087,1931,31,FALSE
864,10014310,FALSE,16,40716,16,TRUE,1.0000000000100087,1980,80,FALSE
865,10014320,TRUE,59,21759,59,TRUE,1.0000000000100087,1937,37,FALSE
866,10014330,TRUE,68,21468,68,TRUE,1.0000000000100087,1928,28,FALSE
867,10014350,FALSE,45,41245,45,TRUE,1.0000000000100087,1951,51,FALSE
868,10014360,TRUE,74,111074,74,TRUE,1.0000000000100087,1922,22,FALSE
869,10014370,FALSE,25,50725,25,TRUE,NA,1971,71,FALSE
870,10014390,FALSE,63,52263,63,TRUE,0,1933,33,FALSE
871,10014440,FALSE,51,31651,51,TRUE,1.0000000000100087,1945,45,FALSE
872,10014450,TRUE,67,112867,67,TRUE,1.0000000000100087,1929,29,FALSE
873,10014480,FALSE,50,101650,50,TRUE,1.0000000000100087,1946,46,FALSE
874,10014510,TRUE,23,82023,23,TRUE,1.0000000000100087,1973,73,FALSE
875,10014530,TRUE,59,10859,59,TRUE,1.0000000000100087,1937,37,FALSE
876,10014540,FALSE,37,71937,37,TRUE,1.0000000000100087,1959,59,FALSE
877,10014550,TRUE,57,11657,57,TRUE,1.0000000000100087,1939,39,FALSE
878,10014560,TRUE,58,11558,58,TRUE,1.0000000000100087,1938,38,FALSE
879,10014570,TRUE,56,52656,56,TRUE,1.0000000000100087,1940,40,FALSE
880,10014580,FALSE,54,80554,54,TRUE,1.0000000000100087,1942,42,FALSE
881,10014590,TRUE,63,93063,63,TRUE,1.0000000000100087,1933,33,FALSE
882,10014610,TRUE,50,12950,50,TRUE,1.0000000000100087,1946,46,FALSE
883,10014630,FALSE,47,42047,47,TRUE,1.0000000000100087,1949,49,FALSE
884,10014640,TRUE,23,32723,23,TRUE,1.0000000000100087,1973,73,FALSE
885,10014650,TRUE,30,111030,30,TRUE,1.0000000000100087,1966,66,FALSE
886,10014670,TRUE,74,52674,74,TRUE,1.0000000000100087,1922,22,FALSE
887,10014680,TRUE,50,50650,50,TRUE,1.0000000000100087,1946,46,FALSE
888,10014690,TRUE,44,91644,44,TRUE,1.0000000000100087,1952,52,FALSE
889,10014710,TRUE,51,72651,51,TRUE,1.0000000000100087,1945,45,FALSE
890,10014720,TRUE,57,31957,57,TRUE,1.0000000000100087,1939,39,FALSE
891,10014730,FALSE,33,12433,33,TRUE,1.0000000000100087,1963,63,FALSE
892,10014740,FALSE,31,62231,31,TRUE,1.0000000000100087,1965,65,FALSE
893,10014750,TRUE,56,120556,56,TRUE,1.0000000000100087,1940,40,FALSE
894,10014760,FALSE,70,110570,70,TRUE,1.0000000000100087,1926,26,FALSE
895,10014770,FALSE,61,92861,61,TRUE,1.0000000000100087,1935,35,FALSE
896,10014780,FALSE,72,70172,72,TRUE,1.0000000000100087,1924,24,FALSE
897,10014790,TRUE,42,52342,42,TRUE,1.0000000000100087,1954,54,FALSE
898,10014800,TRUE,62,50862,62,TRUE,1.0000000000100087,1934,34,FALSE
899,10014810,TRUE,60,62360,60,TRUE,1.0000000000100087,1936,36,FALSE
900,10014820,FALSE,35,11635,35,TRUE,1.0000000000100087,1961,61,FALSE
901,10014830,TRUE,56,52656,56,TRUE,1.0000000000100087,1940,40,FALSE
902,10014840,TRUE,55,110755,55,TRUE,1.0000000000100087,1941,41,FALSE
903,10014860,TRUE,48,22248,48,TRUE,1.0000000000100087,1948,48,FALSE
904,10014890,FALSE,71,81471,71,TRUE,1.0000000000100087,1925,25,FALSE
905,10014920,FALSE,68,70568,68,TRUE,1.0000000000100087,1928,28,FALSE
906,10014930,TRUE,46,101046,46,TRUE,1.0000000000100087,1950,50,FALSE
907,10014940,TRUE,34,60434,34,TRUE,1.0000000000100087,1962,62,FALSE
908,10014950,TRUE,51,12551,51,TRUE,1.0000000000100087,1945,45,FALSE
909,10014960,TRUE,64,111764,64,TRUE,1.0000000000100087,1932,32,FALSE
910,10014980,TRUE,51,61951,51,TRUE,1.0000000000100087,1945,45,FALSE
911,10014990,TRUE,69,102969,69,TRUE,1.0000000000100087,1927,27,FALSE
