legacy_field,caseid,historical_value,approved_value
ukeu.eurelat2g,119,0.6666666666666666,0.75
ukeu.eurelat2g,129,0.775,0.875
ukeu.eurelat2g,204,,
ukeu.eurelat2g,207,0.5833333333333334,0.6666666666666666
ukeu.eurelat2g,222,0.7999999999999999,0.9166666666666666
ukeu.eurelat2g,232,0.7833333333333333,0.9166666666666666
ukeu.eurelat2g,235,0.8666666666666667,1
ukeu.eurelat2g,304,0.8666666666666667,1
ukeu.eurelat2g,306,0.8666666666666667,1
ukeu.eurelat2g,312,0.8666666666666667,1
ukeu.eurelat2g,321,0.7999999999999999,0.9166666666666666
ukeu.eurelat2g,328,0.6666666666666666,0.75
ukeu.eurelat2g,337,0.8666666666666667,1
ukeu.eurelat2g,401,0.6666666666666666,0.75
ukeu.eurelat2g,431,0,0
ukeu.eurelat2g,432,0,0
ukeu.eurelat2g,502,,
ukeu.eurelat2g,504,0.6,0.6666666666666666
ukeu.eurelat2g,509,0.8,1
ukeu.eurelat2g,510,0.7999999999999999,0.9166666666666666
ukeu.eurelat2g,519,,
ukeu.eurelat2g,527,0.5166666666666667,0.5833333333333334
ukeu.eurelat2g,532,0.43333333333333335,0.5
ukeu.eurelat2g,602,0.20000000000000004,0.25
ukeu.eurelat2g,606,0.5,0.25
ukeu.eurelat2g,607,0.48333333333333334,0.5833333333333334
ukeu.eurelat2g,613,0.8666666666666667,1
ukeu.eurelat2g,614,0.1,0.125
ukeu.eurelat2g,617,0.6333333333333333,0.75
ukeu.eurelat2g,627,0.7999999999999999,0.9166666666666666
ukeu.eurelat2g,629,0.26666666666666666,0.3333333333333333
ukeu.eurelat2g,632,0,0
ukeu.eurelat2g,701,0.7999999999999999,0.9166666666666666
ukeu.eurelat2g,707,0.35000000000000003,0.4166666666666667
ukeu.eurelat2g,709,0.8666666666666667,1
ukeu.eurelat2g,713,0.13333333333333333,0.16666666666666666
ukeu.eurelat2g,714,0.5166666666666667,0.5833333333333334
ukeu.eurelat2g,716,0.7999999999999999,0.9166666666666666
ukeu.eurelat2g,735,0.7166666666666667,0.8333333333333334
ukeu.eurelat2g,802,,
ukeu.eurelat2g,806,,
ukeu.eurelat2g,812,,
ukeu.eurelat2g,814,,
ukeu.eurelat2g,827,0.8666666666666667,1
ukeu.eurelat2g,829,0.13333333333333333,0.16666666666666666
ukeu.eurelat2g,833,,
ukeu.eurelat2g,908,0.35000000000000003,0.4166666666666667
ukeu.eurelat2g,913,0.8666666666666667,1
ukeu.eurelat2g,926,0.8666666666666667,1
ukeu.eurelat2g,933,,
ukeu.eurelat2g,937,,
ukeu.eurelat2g,1006,0,0
ukeu.eurelat2g,1008,0.15,0.16666666666666666
ukeu.eurelat2g,1032,0.4833333333333334,0.5833333333333334
ukeu.eurelat2g,1102,0.8666666666666667,1
ukeu.eurelat2g,1104,0.7166666666666667,0.8333333333333334
ukeu.eurelat2g,1106,0.7000000000000001,0.8333333333333334
ukeu.eurelat2g,1110,0.5166666666666667,0.5833333333333334
ukeu.eurelat2g,1113,0.6333333333333333,0.5
ukeu.eurelat2g,1117,0.4166666666666667,0.5
ukeu.eurelat2g,1120,0.7999999999999999,0.9166666666666666
ukeu.eurelat2g,1122,0.5,0.5833333333333334
ukeu.eurelat2g,1123,0.13333333333333333,0.16666666666666666
ukeu.eurelat2g,1126,0.3666666666666667,0.4166666666666667
ukeu.eurelat2g,1127,0.26666666666666666,0.3333333333333333
ukeu.eurelat2g,1131,0,0
ukeu.eurelat2g,1132,0.6333333333333333,0.75
ukeu.eurelat2g,1207,0.6666666666666666,0.75
ukeu.eurelat2g,1209,0.2833333333333334,0.3333333333333333
ukeu.eurelat2g,1223,0.7333333333333334,0.8333333333333334
ukeu.eurelat2g,1326,0.7999999999999999,0.9166666666666666
ukeu.eurelat2g,1329,0.5166666666666667,0.5833333333333334
ukeu.eurelat2g,1410,0.06666666666666667,0.08333333333333333
ukeu.eurelat2g,1413,0,0
ukeu.eurelat2g,1433,0.21666666666666667,0.25
ukeu.eurelat2g,1507,0.5166666666666667,0.5833333333333334
ukeu.eurelat2g,1521,0.7999999999999999,0.9166666666666666
ukeu.eurelat2g,1525,0.43333333333333335,0.5
ukeu.eurelat2g,1528,0.65,0.75
ukeu.eurelat2g,1601,0.13333333333333333,0.16666666666666666
ukeu.eurelat2g,1614,0.65,0.75
ukeu.eurelat2g,1620,0.7999999999999999,0.9166666666666666
ukeu.eurelat2g,1629,0.5166666666666667,0.5833333333333334
ukeu.eurelat2g,1631,0.7166666666666667,0.8333333333333334
ukeu.eurelat2g,1723,0.5666666666666668,0.6666666666666666
ukeu.eurelat2g,1801,0.8666666666666667,1
ukeu.eurelat2g,1804,0.8666666666666667,1
ukeu.eurelat2g,1814,0.6666666666666666,0.75
ukeu.eurelat2g,1832,0.7999999999999999,0.9166666666666666
ukeu.eurelat2g,1913,0.8666666666666667,1
ukeu.eurelat2g,1916,0.7833333333333333,0.9166666666666666
ukeu.eurelat2g,1935,0.5333333333333333,0.5833333333333334
ukeu.eurelat2g,2006,0.7333333333333334,0.8333333333333334
ukeu.eurelat2g,2010,0.5166666666666667,0.5833333333333334
ukeu.eurelat2g,2019,0.8666666666666667,1
ukeu.eurelat2g,2020,0.8666666666666667,1
ukeu.eurelat2g,2025,0.8666666666666667,1
ukeu.eurelat2g,2026,0.7999999999999999,0.9166666666666666
ukeu.eurelat2g,2101,0.8666666666666667,1
ukeu.eurelat2g,2104,0.8666666666666667,1
ukeu.eurelat2g,2111,0.35000000000000003,0.4166666666666667
ukeu.eurelat2g,2112,0.7166666666666667,0.8333333333333334
ukeu.eurelat2g,2117,0.35000000000000003,0.4166666666666667
ukeu.eurelat2g,2128,0.5833333333333334,0.6666666666666666
ukeu.eurelat2g,2129,0.7333333333333334,0.8333333333333334
ukeu.eurelat2g,2132,,
ukeu.eurelat2g,2134,0.6666666666666666,0.75
ukeu.eurelat2g,2135,0.65,0.75
ukeu.eurelat2g,2220,0.8666666666666667,1
ukeu.eurelat2g,2301,0.7000000000000001,0.8333333333333334
ukeu.eurelat2g,2302,0.8666666666666667,1
ukeu.eurelat2g,2307,0.8666666666666667,1
ukeu.eurelat2g,2308,0.6,0.6666666666666666
ukeu.eurelat2g,2309,0.7999999999999999,0.9166666666666666
ukeu.eurelat2g,2321,0.6666666666666666,0.75
ukeu.eurelat2g,2328,0.7999999999999999,0.9166666666666666
ukeu.eurelat2g,2404,0.6333333333333333,0.75
ukeu.eurelat2g,2416,0.7999999999999999,0.9166666666666666
ukeu.eurelat2g,2417,0.26666666666666666,0.3333333333333333
ukeu.eurelat2g,2431,0.7166666666666667,0.625
ukeu.eurelat2g,2508,0.7999999999999999,0.9166666666666666
ukeu.eurelat2g,2521,0.21666666666666667,0.25
ukeu.eurelat2g,2522,0.5833333333333334,0.6666666666666666
ukeu.eurelat2g,2532,0.7999999999999999,0.9166666666666666
ukeu.eurelat2g,2537,0.7999999999999999,0.9166666666666666
ukeu.eurelat2g,2609,0.3666666666666667,0.4166666666666667
ukeu.eurelat2g,2616,0.2833333333333334,0.3333333333333333
ukeu.eurelat2g,2635,0.8666666666666667,1
ukeu.eurelat2g,2637,0.48333333333333334,0.5833333333333334
ukeu.eurelat2g,2708,0.8666666666666667,1
ukeu.eurelat2g,2719,0.7999999999999999,0.9166666666666666
ukeu.eurelat2g,2720,0.7999999999999999,0.9166666666666666
ukeu.eurelat2g,2725,0.39999999999999997,0.5
ukeu.eurelat2g,2735,0,0
ukeu.eurelat2g,2804,0.26666666666666666,0.3333333333333333
ukeu.eurelat2g,2822,0.26666666666666666,0.3333333333333333
ukeu.eurelat2g,2907,0,0
ukeu.eurelat2g,2908,0.8666666666666667,1
ukeu.eurelat2g,2912,0.65,0.75
ukeu.eurelat2g,2919,0,0
ukeu.eurelat2g,2921,0.2833333333333334,0.3333333333333333
ukeu.eurelat2g,3019,0.5,0.5833333333333334
ukeu.eurelat2g,3032,0.5833333333333334,0.6666666666666666
ukeu.eurelat2g,3114,0.7166666666666667,0.8333333333333334
ukeu.eurelat2g,3120,0,0
ukeu.eurelat2g,3121,0,0
ukeu.eurelat2g,3125,0.13333333333333333,0.16666666666666666
ukeu.eurelat2g,3132,0.35000000000000003,0.4166666666666667
ukeu.eurelat2g,3202,0.8666666666666667,1
ukeu.eurelat2g,3220,0.7166666666666667,0.8333333333333334
ukeu.eurelat2g,3301,0.15,0.16666666666666666
ukeu.eurelat2g,3308,0.26666666666666666,0.3333333333333333
ukeu.eurelat2g,3309,0.8666666666666667,1
ukeu.eurelat2g,3322,0,0
ukeu.eurelat2g,3331,0.65,0.75
ukeu.eurelat2g,3332,0.7999999999999999,0.9166666666666666
ukeu.eurelat2g,3402,0.2833333333333334,0.3333333333333333
ukeu.eurelat2g,3420,0.4666666666666666,0.5833333333333334
ukeu.eurelat2g,3426,0.35000000000000003,0.4166666666666667
ukeu.eurelat2g,3433,0.6666666666666666,0.75
ukeu.eurelat2g,3434,0.7999999999999999,0.9166666666666666
ukeu.eurelat2g,3437,0.13333333333333333,0.16666666666666666
ukeu.eurelat2g,3506,0.7999999999999999,0.9166666666666666
ukeu.eurelat2g,3509,0.5,0.25
ukeu.eurelat2g,3520,0.8666666666666667,1
ukeu.eurelat2g,3523,0.35000000000000003,0.4166666666666667
ukeu.eurelat2g,3528,0.6333333333333333,0.75
ukeu.eurelat2g,3537,0.7999999999999999,0.9166666666666666
ukeu.eurelat2g,3601,,
ukeu.eurelat2g,3604,0.5833333333333334,0.6666666666666666
ukeu.eurelat2g,3611,,
ukeu.eurelat2g,3617,,
ukeu.eurelat2g,3622,0.7000000000000001,0.625
ukeu.eurelat2g,3627,0.65,0.75
ukeu.eurelat2g,3704,0.7333333333333334,0.8333333333333334
ukeu.eurelat2g,3707,0.5166666666666667,0.5833333333333334
ukeu.eurelat2g,3719,0.7999999999999999,0.9166666666666666
ukeu.eurelat2g,3726,0.5166666666666667,0.5833333333333334
ukeu.eurelat2g,3727,0.08333333333333333,0.08333333333333333
ukeu.eurelat2g,3732,0.8666666666666667,1
ukeu.eurelat2g,3733,0.8666666666666667,1
ukeu.eurelat2g,3737,0.20000000000000004,0.25
ukeu.eurelat2g,3801,0.6666666666666666,0.75
ukeu.eurelat2g,3819,0.4166666666666667,0.5
ukeu.eurelat2g,3829,0.7999999999999999,0.9166666666666666
ukeu.eurelat2g,3832,0.26666666666666666,0.3333333333333333
ukeu.eurelat2g,3837,0.8666666666666667,1
ukeu.eurelat2g,3901,0.5833333333333334,0.6666666666666666
ukeu.eurelat2g,3913,0.06666666666666667,0.08333333333333333
ukeu.eurelat2g,3919,0.7999999999999999,0.9166666666666666
ukeu.eurelat2g,3928,0.6666666666666666,0.75
ukeu.eurelat2g,4004,0.7166666666666667,0.8333333333333334
ukeu.eurelat2g,4011,0.675,0.75
ukeu.eurelat2g,4016,0.8666666666666667,1
ukeu.eurelat2g,4017,0.5,0.5833333333333334
ukeu.eurelat2g,4023,0.45,0.5
ukeu.eurelat2g,4108,0.6666666666666666,0.75
ukeu.eurelat2g,4121,0.8333333333333334,0.5
ukeu.eurelat2g,4123,0.6666666666666666,0.75
ukeu.eurelat2g,4131,0.6666666666666666,0.75
ukeu.eurelat2g,4135,0.7999999999999999,0.9166666666666666
ukeu.eurelat2g,4202,0.7166666666666667,0.8333333333333334
ukeu.eurelat2g,4309,0.8666666666666667,1
ukeu.eurelat2g,4316,0.35000000000000003,0.4166666666666667
ukeu.eurelat2g,4326,0.7000000000000001,0.625
ukeu.eurelat2g,4333,0.2333333333333333,0.25
ukeu.eurelat2g,4427,0.6666666666666666,0.75
ukeu.eurelat2g,4433,0.7333333333333334,0.8333333333333334
ukeu.eurelat2g,4434,0.5166666666666667,0.5833333333333334
ukeu.eurelat2g,4507,0.26666666666666666,0.3333333333333333
ukeu.eurelat2g,4510,0.20000000000000004,0.25
ukeu.eurelat2g,4512,0.8666666666666667,1
ukeu.eurelat2g,4517,0.7000000000000001,0.625
ukeu.eurelat2g,4537,0.13333333333333333,0.16666666666666666
ukeu.eurelat2g,4602,0.2833333333333334,0.3333333333333333
ukeu.eurelat2g,4604,0.6666666666666666,0.75
ukeu.eurelat2g,4610,0.35000000000000003,0.4166666666666667
ukeu.eurelat2g,4622,0.5666666666666667,0.6666666666666666
ukeu.eurelat2g,4623,0.65,0.75
ukeu.eurelat2g,4706,0.6666666666666666,0.75
ukeu.eurelat2g,4732,0.35000000000000003,0.4166666666666667
ukeu.eurelat2g,4801,0.6666666666666666,0.75
ukeu.eurelat2g,4811,0.5666666666666668,0.6666666666666666
ukeu.eurelat2g,4820,0.8666666666666667,1
ukeu.eurelat2g,4822,0.8666666666666667,1
ukeu.eurelat2g,4908,0.8666666666666667,1
ukeu.eurelat2g,4916,0.8666666666666667,1
ukeu.eurelat2g,4917,0.7999999999999999,0.9166666666666666
ukeu.eurelat2g,4919,0.7999999999999999,0.9166666666666666
ukeu.eurelat2g,4922,0.26666666666666666,0.3333333333333333
ukeu.eurelat2g,4923,0.8333333333333334,0.5
ukeu.eurelat2g,5004,0.6666666666666666,0.75
ukeu.eurelat2g,5008,0.7999999999999999,0.9166666666666666
ukeu.eurelat2g,5010,0.26666666666666666,0.3333333333333333
ukeu.eurelat2g,5022,0.26666666666666666,0.3333333333333333
ukeu.eurelat2g,5025,0.45,0.5
ukeu.eurelat2g,5026,0.8666666666666667,1
ukeu.eurelat2g,5028,0.6333333333333333,0.75
ukeu.euscope2g,119,0.5,0.25
ukeu.euscope2g,129,0.5833333333333334,0.375
ukeu.euscope2g,204,0,
ukeu.euscope2g,207,0.75,0.625
ukeu.euscope2g,222,0.6666666666666667,0.5
ukeu.euscope2g,232,0.6666666666666667,0.5
ukeu.euscope2g,235,0.6666666666666667,0.5
ukeu.euscope2g,304,0.8333333333333334,0.75
ukeu.euscope2g,306,0.8333333333333334,0.75
ukeu.euscope2g,312,0.75,0.625
ukeu.euscope2g,321,0.8333333333333334,0.75
ukeu.euscope2g,328,0.8333333333333334,0.75
ukeu.euscope2g,337,1,1
ukeu.euscope2g,401,0.6666666666666667,0.5
ukeu.euscope2g,431,0.5,0.25
ukeu.euscope2g,432,0.5,0.25
ukeu.euscope2g,502,0,
ukeu.euscope2g,504,0.6666666666666667,0.5
ukeu.euscope2g,509,1,1
ukeu.euscope2g,510,0.75,0.625
ukeu.euscope2g,519,0,
ukeu.euscope2g,527,0.5833333333333334,0.375
ukeu.euscope2g,532,0.8333333333333334,0.75
ukeu.euscope2g,602,0.9166666666666667,0.875
ukeu.euscope2g,606,0.6666666666666667,0.5
ukeu.euscope2g,607,0.75,0.625
ukeu.euscope2g,613,0.9166666666666667,0.875
ukeu.euscope2g,614,0.5,0.25
ukeu.euscope2g,617,0.5833333333333333,0.375
ukeu.euscope2g,627,0.8333333333333334,0.75
ukeu.euscope2g,629,0.9166666666666667,0.875
ukeu.euscope2g,632,0.6666666666666666,0.5
ukeu.euscope2g,701,1,1
ukeu.euscope2g,707,0.5,0.25
ukeu.euscope2g,709,0.6666666666666666,0.5
ukeu.euscope2g,713,0.5,0.25
ukeu.euscope2g,714,0.3333333333333333,0
ukeu.euscope2g,716,0.8333333333333333,0.75
ukeu.euscope2g,735,0.75,0.625
ukeu.euscope2g,802,0,
ukeu.euscope2g,806,0,
ukeu.euscope2g,812,0,
ukeu.euscope2g,814,0,
ukeu.euscope2g,827,0.6666666666666667,0.5
ukeu.euscope2g,829,0.41666666666666663,0.125
ukeu.euscope2g,833,0,
ukeu.euscope2g,908,0.3333333333333333,0
ukeu.euscope2g,913,1,1
ukeu.euscope2g,926,0.5833333333333334,0.375
ukeu.euscope2g,933,0,
ukeu.euscope2g,937,0,
ukeu.euscope2g,1006,0.3333333333333333,0
ukeu.euscope2g,1008,0.6666666666666666,0.5
ukeu.euscope2g,1032,0.6666666666666667,0.5
ukeu.euscope2g,1102,0.9166666666666667,0.875
ukeu.euscope2g,1104,0.6666666666666667,0.5
ukeu.euscope2g,1106,0.6666666666666667,0.5
ukeu.euscope2g,1110,0.6666666666666667,0.5
ukeu.euscope2g,1113,0.6666666666666667,0.5
ukeu.euscope2g,1117,0.6666666666666666,0.5
ukeu.euscope2g,1120,0.9166666666666667,0.875
ukeu.euscope2g,1122,0.5833333333333334,0.375
ukeu.euscope2g,1123,0.41666666666666663,0.125
ukeu.euscope2g,1126,0.41666666666666663,0.125
ukeu.euscope2g,1127,0.75,0.625
ukeu.euscope2g,1131,0.75,0.625
ukeu.euscope2g,1132,0.75,0.625
ukeu.euscope2g,1207,0.6666666666666667,0.5
ukeu.euscope2g,1209,0.5,0.25
ukeu.euscope2g,1223,0.8333333333333333,0.75
ukeu.euscope2g,1326,0.8333333333333334,0.75
ukeu.euscope2g,1329,0.6666666666666667,0.5
ukeu.euscope2g,1410,0.5,0.25
ukeu.euscope2g,1413,0.5833333333333334,0.375
ukeu.euscope2g,1433,0.6666666666666667,0.5
ukeu.euscope2g,1507,0.6666666666666667,0.5
ukeu.euscope2g,1521,0.6666666666666667,0.5
ukeu.euscope2g,1525,0.5,0.25
ukeu.euscope2g,1528,0.5833333333333334,0.375
ukeu.euscope2g,1601,0.41666666666666663,0.125
ukeu.euscope2g,1614,0.8333333333333334,0.75
ukeu.euscope2g,1620,0.6666666666666667,0.5
ukeu.euscope2g,1629,0.41666666666666663,0.125
ukeu.euscope2g,1631,0.5833333333333334,0.375
ukeu.euscope2g,1723,0.6666666666666667,0.5
ukeu.euscope2g,1801,0.9166666666666667,0.875
ukeu.euscope2g,1804,1,1
ukeu.euscope2g,1814,0.6666666666666666,0.5
ukeu.euscope2g,1832,1,1
ukeu.euscope2g,1913,0.6666666666666666,0.5
ukeu.euscope2g,1916,0.6666666666666667,0.5
ukeu.euscope2g,1935,0.3333333333333333,0
ukeu.euscope2g,2006,0.6666666666666666,0.5
ukeu.euscope2g,2010,0.6666666666666667,0.5
ukeu.euscope2g,2019,0.6666666666666667,0.5
ukeu.euscope2g,2020,0.6666666666666667,0.5
ukeu.euscope2g,2025,0.75,0.625
ukeu.euscope2g,2026,0.6666666666666667,0.5
ukeu.euscope2g,2101,0.6666666666666667,0.5
ukeu.euscope2g,2104,0.5,0.25
ukeu.euscope2g,2111,0.41666666666666663,0.125
ukeu.euscope2g,2112,0.6666666666666667,0.5
ukeu.euscope2g,2117,0.41666666666666663,0.125
ukeu.euscope2g,2128,0.8333333333333334,0.75
ukeu.euscope2g,2129,0.6666666666666667,0.5
ukeu.euscope2g,2132,0,
ukeu.euscope2g,2134,1,1
ukeu.euscope2g,2135,0.6666666666666667,0.5
ukeu.euscope2g,2220,0.6666666666666667,0.5
ukeu.euscope2g,2301,0.6666666666666667,0.5
ukeu.euscope2g,2302,0.9166666666666667,0.875
ukeu.euscope2g,2307,0.9166666666666667,0.875
ukeu.euscope2g,2308,0.6666666666666667,0.5
ukeu.euscope2g,2309,0.8333333333333334,0.75
ukeu.euscope2g,2321,0.6666666666666667,0.5
ukeu.euscope2g,2328,0.6666666666666667,0.5
ukeu.euscope2g,2404,0.6666666666666667,0.5
ukeu.euscope2g,2416,0.6666666666666667,0.5
ukeu.euscope2g,2417,0.41666666666666663,0.125
ukeu.euscope2g,2431,0.5,0.25
ukeu.euscope2g,2508,0.75,0.625
ukeu.euscope2g,2521,0.5833333333333333,0.375
ukeu.euscope2g,2522,0.6666666666666667,0.5
ukeu.euscope2g,2532,0.75,0.625
ukeu.euscope2g,2537,0.75,0.625
ukeu.euscope2g,2609,1,1
ukeu.euscope2g,2616,0.5,0.25
ukeu.euscope2g,2635,0.5833333333333334,0.375
ukeu.euscope2g,2637,0.9166666666666667,0.875
ukeu.euscope2g,2708,0.8333333333333333,0.75
ukeu.euscope2g,2719,0.8333333333333334,0.75
ukeu.euscope2g,2720,0.9166666666666667,0.875
ukeu.euscope2g,2725,0.75,0.625
ukeu.euscope2g,2735,0.5,0.25
ukeu.euscope2g,2804,0.41666666666666663,0.125
ukeu.euscope2g,2822,0.5833333333333334,0.375
ukeu.euscope2g,2907,0.5833333333333334,0.375
ukeu.euscope2g,2908,0.75,0.625
ukeu.euscope2g,2912,0.8333333333333334,0.75
ukeu.euscope2g,2919,0.3333333333333333,0
ukeu.euscope2g,2921,0.6666666666666667,0.5
ukeu.euscope2g,3019,0.6666666666666667,0.5
ukeu.euscope2g,3032,0.6666666666666667,0.5
ukeu.euscope2g,3114,1,1
ukeu.euscope2g,3120,0.5,0.25
ukeu.euscope2g,3121,0.5,0.25
ukeu.euscope2g,3125,0.3333333333333333,0
ukeu.euscope2g,3132,0.5,0.25
ukeu.euscope2g,3202,1,1
ukeu.euscope2g,3220,0.9166666666666667,0.875
ukeu.euscope2g,3301,0.5833333333333334,0.375
ukeu.euscope2g,3308,0.5833333333333334,0.375
ukeu.euscope2g,3309,0.6666666666666667,0.5
ukeu.euscope2g,3322,0.3333333333333333,0
ukeu.euscope2g,3331,0.8333333333333334,0.75
ukeu.euscope2g,3332,0.5833333333333334,0.375
ukeu.euscope2g,3402,0.5,0.25
ukeu.euscope2g,3420,0.6666666666666666,0.5
ukeu.euscope2g,3426,0.8333333333333333,0.75
ukeu.euscope2g,3433,0.8333333333333334,0.75
ukeu.euscope2g,3434,1,1
ukeu.euscope2g,3437,0.3333333333333333,0
ukeu.euscope2g,3506,0.5833333333333334,0.375
ukeu.euscope2g,3509,0.6666666666666667,0.5
ukeu.euscope2g,3520,0.8333333333333334,0.75
ukeu.euscope2g,3523,0.41666666666666663,0.125
ukeu.euscope2g,3528,0.75,0.625
ukeu.euscope2g,3537,0.6666666666666667,0.5
ukeu.euscope2g,3601,0,
ukeu.euscope2g,3604,0.6666666666666666,0.5
ukeu.euscope2g,3611,0,
ukeu.euscope2g,3617,0,
ukeu.euscope2g,3622,0.6666666666666666,0.5
ukeu.euscope2g,3627,0.5833333333333334,0.375
ukeu.euscope2g,3704,0.5833333333333333,0.375
ukeu.euscope2g,3707,0.6666666666666666,0.5
ukeu.euscope2g,3719,1,1
ukeu.euscope2g,3726,0.5,0.25
ukeu.euscope2g,3727,0.5833333333333333,0.375
ukeu.euscope2g,3732,0.9166666666666667,0.875
ukeu.euscope2g,3733,0.8333333333333334,0.75
ukeu.euscope2g,3737,0.5,0.25
ukeu.euscope2g,3801,0.8333333333333333,0.75
ukeu.euscope2g,3819,0.8333333333333334,0.75
ukeu.euscope2g,3829,0.9166666666666667,0.875
ukeu.euscope2g,3832,0.41666666666666663,0.125
ukeu.euscope2g,3837,0.8333333333333333,0.75
ukeu.euscope2g,3901,0.6666666666666666,0.5
ukeu.euscope2g,3913,0.6666666666666666,0.5
ukeu.euscope2g,3919,0.6666666666666666,0.5
ukeu.euscope2g,3928,1,1
ukeu.euscope2g,4004,0.6666666666666667,0.5
ukeu.euscope2g,4011,0.5,0.25
ukeu.euscope2g,4016,0.9166666666666667,0.875
ukeu.euscope2g,4017,0.6666666666666666,0.5
ukeu.euscope2g,4023,0.6666666666666667,0.5
ukeu.euscope2g,4108,0.8333333333333334,0.75
ukeu.euscope2g,4121,0.6666666666666667,0.5
ukeu.euscope2g,4123,0.75,0.625
ukeu.euscope2g,4131,0.6666666666666667,0.5
ukeu.euscope2g,4135,0.5833333333333334,0.375
ukeu.euscope2g,4202,0.6666666666666667,0.5
ukeu.euscope2g,4309,1,1
ukeu.euscope2g,4316,0.5,0.25
ukeu.euscope2g,4326,0.6666666666666667,0.5
ukeu.euscope2g,4333,0.9166666666666667,0.875
ukeu.euscope2g,4427,0.6666666666666667,0.5
ukeu.euscope2g,4433,0.75,0.625
ukeu.euscope2g,4434,0.41666666666666663,0.125
ukeu.euscope2g,4507,0.41666666666666663,0.125
ukeu.euscope2g,4510,0.75,0.625
ukeu.euscope2g,4512,0.6666666666666667,0.5
ukeu.euscope2g,4517,0.5833333333333333,0.375
ukeu.euscope2g,4537,0.5,0.25
ukeu.euscope2g,4602,0.5833333333333334,0.375
ukeu.euscope2g,4604,0.6666666666666667,0.5
ukeu.euscope2g,4610,0.5,0.25
ukeu.euscope2g,4622,0.5833333333333334,0.375
ukeu.euscope2g,4623,0.5,0.25
ukeu.euscope2g,4706,0.9166666666666667,0.875
ukeu.euscope2g,4732,0.6666666666666667,0.5
ukeu.euscope2g,4801,0.6666666666666667,0.5
ukeu.euscope2g,4811,0.6666666666666667,0.5
ukeu.euscope2g,4820,1,1
ukeu.euscope2g,4822,0.5833333333333334,0.375
ukeu.euscope2g,4908,0.75,0.625
ukeu.euscope2g,4916,0.8333333333333333,0.75
ukeu.euscope2g,4917,0.6666666666666667,0.5
ukeu.euscope2g,4919,0.75,0.625
ukeu.euscope2g,4922,0.6666666666666666,0.5
ukeu.euscope2g,4923,0.6666666666666666,0.5
ukeu.euscope2g,5004,0.5,0.25
ukeu.euscope2g,5008,0.6666666666666666,0.5
ukeu.euscope2g,5010,0.6666666666666666,0.5
ukeu.euscope2g,5022,0.41666666666666663,0.125
ukeu.euscope2g,5025,0.6666666666666666,0.5
ukeu.euscope2g,5026,0.75,0.625
ukeu.euscope2g,5028,0.6666666666666667,0.5
