caseid,pollgroup,legacy_field,historical_value,approved_value
71100021097,7110,ppage,82,82
71100021355,7123,ppage,76,76
71100021399,713,ppage,75,75
71100021826,713,ppage,52,52
71100023063,7123,ppage,59,59
71200000059,7119,ppage,21,21
71200000069,7119,ppage,78,78
71200000082,7119,ppage,71,71
71200000240,7119,ppage,57,57
71200000314,7119,ppage,48,48
71300000050,7124,ppage,73,73
71300000054,714,ppage,68,68
71300000483,7121,ppage,64,64
71300000641,7124,ppage,50,50
71300000653,7122,ppage,88,88
71300000755,7119,ppage,61,61
71300000831,7124,ppage,45,45
71300000834,7121,ppage,73,73
71300001049,7119,ppage,65,65
71300001243,719,ppage,73,73
71300001262,7121,ppage,55,55
71300001388,7121,ppage,29,29
71300001617,7125,ppage,43,43
71300001673,7117,ppage,19,19
71300001783,7117,ppage,70,70
71300002038,7125,ppage,62,62
71300002655,7119,ppage,39,39
71300002681,7120,ppage,42,42
71300002747,7120,ppage,44,44
71300002837,7121,ppage,56,56
71300002935,7122,ppage,56,56
71300003051,7117,ppage,68,68
71300003068,714,ppage,63,63
71300003081,7120,ppage,45,45
71300003182,7124,ppage,35,35
71300003253,7120,ppage,29,29
71300003445,714,ppage,62,62
71300003495,714,ppage,60,60
71300003559,719,ppage,63,63
71300003839,7122,ppage,62,62
71300004254,7117,ppage,54,54
71300004377,7125,ppage,52,52
71300004543,7125,ppage,72,72
71300004560,719,ppage,61,61
71300004915,7122,ppage,42,42
71300005404,7121,ppage,60,60
71300005509,7124,ppage,36,36
71300005541,7122,ppage,42,42
71300005619,7125,ppage,109,
71300005770,714,ppage,50,50
71300005825,7117,ppage,60,60
71300006067,7125,ppage,68,68
71300006426,7124,ppage,67,67
71300006495,714,ppage,31,31
71300006723,7125,ppage,62,62
71300006906,714,ppage,49,49
71300006962,719,ppage,59,59
71300007176,7117,ppage,21,21
71300007387,7119,ppage,48,48
71300007529,7120,ppage,75,75
71300007599,7122,ppage,46,46
71300007716,7125,ppage,62,62
71300007736,7124,ppage,74,74
71300007757,7124,ppage,61,61
71300007936,7125,ppage,60,60
71300007976,719,ppage,46,46
71300008045,719,ppage,45,45
71400000067,7125,ppage,29,29
71400000077,7125,ppage,34,34
71400000094,7125,ppage,57,57
71400000114,7124,ppage,44,44
71400000132,7124,ppage,40,40
71400000154,7124,ppage,58,58
71500000226,7117,ppage,41,41
71500000320,7117,ppage,58,58
71500001069,7119,ppage,59,59
71500001334,7112,ppage,26,26
71500001458,7117,ppage,34,34
71500001621,7117,ppage,46,46
71500001655,7117,ppage,50,50
71500001892,7119,ppage,35,35
71500002813,7110,ppage,63,63
71500002909,7110,ppage,19,19
71500003227,7120,ppage,40,40
71500003232,7120,ppage,59,59
71500003571,7117,ppage,20,20
71500003604,7110,ppage,50,50
71500004301,7119,ppage,27,27
71500004389,7119,ppage,28,28
71500004449,7110,ppage,54,54
71500004517,7110,ppage,42,42
71500005072,7110,ppage,67,67
71500005257,7112,ppage,42,42
71500005898,7112,ppage,49,49
71500006038,7119,ppage,47,47
71500006146,7110,ppage,39,39
71500006200,7120,ppage,48,48
71500006445,7119,ppage,56,56
71500006618,7117,ppage,40,40
71500007032,7117,ppage,43,43
71500008204,7120,ppage,62,62
71500008248,7120,ppage,44,44
71500008273,7119,ppage,33,33
71600000007,7115,ppage,40,40
71600000010,7115,ppage,50,50
71600000414,7115,ppage,30,30
71600000539,7115,ppage,56,56
71700000047,7121,ppage,44,44
71700000107,7111,ppage,70,70
71700000139,7111,ppage,50,50
71700000180,7110,ppage,35,35
71700000255,712,ppage,37,37
71700000321,714,ppage,60,60
71700000347,7121,ppage,40,40
71700000386,714,ppage,33,33
71700000538,7121,ppage,55,55
71700000550,7110,ppage,53,53
71700000558,714,ppage,62,62
71700000610,713,ppage,51,51
71700000612,7121,ppage,48,48
71700000743,712,ppage,39,39
71700001060,7121,ppage,21,21
71700001103,7110,ppage,41,41
71700001178,712,ppage,73,73
71700001274,714,ppage,77,77
71700001323,7111,ppage,45,45
71700001377,7111,ppage,33,33
71700001380,712,ppage,55,55
71700001386,711,ppage,34,34
71700001431,714,ppage,65,65
71700001477,711,ppage,51,51
71700001486,712,ppage,56,56
71700001508,713,ppage,60,60
71700001523,713,ppage,41,41
71700001541,7110,ppage,64,64
71700001620,713,ppage,43,43
71700001653,7110,ppage,40,40
71700001659,7111,ppage,37,37
71700001692,7121,ppage,62,62
71700001715,713,ppage,48,48
71700001745,7121,ppage,78,78
71700001749,7111,ppage,60,60
71700001868,713,ppage,52,52
71700002121,7110,ppage,74,74
71700002139,712,ppage,47,47
71700002185,712,ppage,61,61
71700002195,712,ppage,68,68
71700002390,714,ppage,61,61
71700002486,711,ppage,71,71
71800000010,7122,ppage,55,55
71800000012,715,ppage,55,55
71800000037,7111,ppage,37,37
71800000056,718,ppage,60,60
71800000071,716,ppage,55,55
71800004947,717,ppage,49,49
71900000079,717,ppage,20,20
71900000178,7114,ppage,28,28
71900000386,7112,ppage,55,55
71900000396,717,ppage,53,53
71900000411,7115,ppage,60,60
71900000452,7115,ppage,76,76
71900000532,7115,ppage,45,45
71900000579,717,ppage,38,38
71900000823,7115,ppage,36,36
71900000910,7114,ppage,45,45
71900001043,717,ppage,54,54
71900001083,7114,ppage,61,61
71900001168,7113,ppage,44,44
71900001172,717,ppage,64,64
71900001230,717,ppage,62,62
71900001270,7114,ppage,59,59
71900001339,7118,ppage,54,54
71900001359,7112,ppage,59,59
71900001376,7113,ppage,57,57
71900001558,7118,ppage,27,27
71900001622,7112,ppage,62,62
71900001644,7113,ppage,61,61
71900001695,7113,ppage,21,21
71900001698,7113,ppage,23,23
71900001799,7118,ppage,24,24
71900001856,7125,ppage,35,35
71900001927,7118,ppage,62,62
71900002498,7125,ppage,63,63
71900002586,7125,ppage,22,22
71900002680,7112,ppage,69,69
71900002860,7118,ppage,73,73
71900002923,7112,ppage,74,74
71900002951,7112,ppage,33,33
71900003004,7113,ppage,33,33
71900003015,7115,ppage,31,31
71900003133,717,ppage,24,24
71900003206,7114,ppage,34,34
711000000483,7121,ppage,36,36
711000000725,7111,ppage,52,52
711100000290,7123,ppage,38,38
711100000340,7123,ppage,58,58
711100000520,713,ppage,59,59
711100000652,713,ppage,56,56
711100000909,713,ppage,55,55
711100000940,713,ppage,83,83
711100000990,713,ppage,47,47
711100001042,7123,ppage,52,52
711100001294,7123,ppage,84,84
711100001813,7123,ppage,61,61
711100002957,713,ppage,65,65
711100003192,713,ppage,44,44
711210002803,7121,ppage,32,32
711210003133,7117,ppage,41,41
711210003443,7120,ppage,53,53
711210004515,714,ppage,65,65
711210004583,719,ppage,20,20
711210004615,7124,ppage,60,60
711300002885,711,ppage,31,31
711300003067,711,ppage,41,41
711300004554,711,ppage,34,34
711300006606,711,ppage,45,45
711300007979,711,ppage,36,36
711300008232,711,ppage,60,60
711400000005,7112,ppage,64,64
711400000076,7112,ppage,33,33
711400000252,7112,ppage,54,54
711400000257,7112,ppage,61,61
711400000273,7112,ppage,72,72
711400000297,7112,ppage,57,57
711500000019,715,ppage,42,42
711500000286,7114,ppage,50,50
711500000413,7114,ppage,47,47
711500000450,715,ppage,54,54
711500000578,718,ppage,45,45
711500000594,7111,ppage,42,42
711500000609,7115,ppage,65,65
711500000660,717,ppage,57,57
711500000669,716,ppage,72,72
711500000688,716,ppage,69,69
711500000929,7111,ppage,61,61
711500000954,716,ppage,35,35
711500001006,717,ppage,70,70
711500001026,7111,ppage,61,61
711500001237,718,ppage,75,75
711500001245,7115,ppage,62,62
711500001365,716,ppage,44,44
711500001578,715,ppage,31,31
711500001720,715,ppage,41,41
711500001744,716,ppage,53,53
711500001825,7122,ppage,27,27
711500001873,718,ppage,67,67
711500001932,717,ppage,40,40
711500002034,716,ppage,63,63
711500002072,715,ppage,22,22
711500002172,718,ppage,40,40
711500002205,718,ppage,23,23
711500002213,715,ppage,35,35
711500002244,716,ppage,37,37
711500002249,716,ppage,29,29
711500002275,7122,ppage,61,61
711500002427,7111,ppage,31,31
711500002435,715,ppage,22,22
711500002456,7122,ppage,24,24
713100000008,718,ppage,28,28
713100000009,718,ppage,19,19
713100000010,718,ppage,25,25
713100000020,718,ppage,69,69
713200000033,7124,ppage,68,68
713200000563,7125,ppage,19,19
713200000569,7125,ppage,30,30
713304049800,7122,ppage,63,63
713304076100,7122,ppage,35,35
713304136000,7122,ppage,71,71
713400000031,7114,ppage,74,74
713400000093,7114,ppage,20,20
713400000119,7114,ppage,40,40
713400000129,7114,ppage,38,38
713400000155,7114,ppage,22,22
713400000408,7114,ppage,53,53
713500000060,712,ppage,29,29
713500000107,712,ppage,77,77
713500000243,712,ppage,42,42
713500000349,712,ppage,50,50
713500000446,712,ppage,67,67
713500000566,712,ppage,67,67
713600016101,715,ppage,19,19
713600018305,715,ppage,42,42
713600018704,715,ppage,19,19
713600028604,715,ppage,51,51
713600061401,715,ppage,18,18
713700000022,7120,ppage,56,56
713700000027,7120,ppage,81,81
713700000033,7120,ppage,66,66
713700000042,7120,ppage,46,46
713700000046,7120,ppage,73,73
713800000007,715,ppage,59,59
713800000015,7114,ppage,85,85
713800000020,7111,ppage,57,57
713900000069,7123,ppage,18,18
713900000072,719,ppage,53,53
713900000085,719,ppage,18,18
713900000107,7118,ppage,61,61
713900000108,719,ppage,21,21
713900000109,719,ppage,19,19
713900000110,7123,ppage,20,20
713900000118,7123,ppage,20,20
713900000133,7116,ppage,79,79
713900000147,7123,ppage,48,48
713900000172,719,ppage,22,22
713900000203,7116,ppage,27,27
713900000236,7116,ppage,23,23
713900000253,7118,ppage,59,59
713900000254,7118,ppage,44,44
713900000276,7116,ppage,41,41
713900000292,7118,ppage,70,70
713900000297,719,ppage,66,66
713900000298,7116,ppage,42,42
713900000300,719,ppage,57,57
713900000345,719,ppage,43,43
713900000362,7116,ppage,19,19
713900000386,7118,ppage,52,52
713900000389,7116,ppage,40,40
713900000411,7116,ppage,49,49
713900000422,7123,ppage,34,34
713900000426,7123,ppage,66,66
713900000427,7123,ppage,23,23
713900000430,7118,ppage,21,21
713900000433,7116,ppage,26,26
714000000010,7113,ppage,41,41
714000000012,7113,ppage,58,58
714000000014,7113,ppage,60,60
714000000018,712,ppage,27,27
714000000025,711,ppage,21,21
714000000040,711,ppage,43,43
714000000041,711,ppage,35,35
714000000138,7113,ppage,39,39
714000000139,7113,ppage,22,22
714000000145,7113,ppage,55,55
714000000147,711,ppage,26,26
714000000149,711,ppage,71,71
714000000150,7113,ppage,24,24
714100000007,716,ppage,42,42
714100000009,716,ppage,30,30
714100000010,716,ppage,28,28
714100000021,716,ppage,55,55
714100000022,716,ppage,43,43
714100000024,716,ppage,21,21
714200000127,7116,ppage,76,76
714200000145,7116,ppage,36,36
714200001284,7116,ppage,30,30
714200001292,7116,ppage,62,62
714200001405,7116,ppage,28,28
714200003424,7116,ppage,59,59
71100021097,7110,meanage,51.6428571428571,51.642857142857146
71100021355,7123,meanage,46.9285714285714,46.92857142857143
71100021399,713,meanage,55.4,55.4
71100021826,713,meanage,55.4,55.4
71100023063,7123,meanage,46.9285714285714,46.92857142857143
71200000059,7119,meanage,48.3125,48.3125
71200000069,7119,meanage,48.3125,48.3125
71200000082,7119,meanage,48.3125,48.3125
71200000240,7119,meanage,48.3125,48.3125
71200000314,7119,meanage,48.3125,48.3125
71300000050,7124,meanage,54.6923076923077,54.69230769230769
71300000054,714,meanage,57.5714285714286,57.57142857142857
71300000483,7121,meanage,50.2,50.2
71300000641,7124,meanage,54.6923076923077,54.69230769230769
71300000653,7122,meanage,51.6923076923077,51.69230769230769
71300000755,7119,meanage,48.3125,48.3125
71300000831,7124,meanage,54.6923076923077,54.69230769230769
71300000834,7121,meanage,50.2,50.2
71300001049,7119,meanage,48.3125,48.3125
71300001243,719,meanage,44.4,44.4
71300001262,7121,meanage,50.2,50.2
71300001388,7121,meanage,50.2,50.2
71300001617,7125,meanage,51.7058823529412,48.125
71300001673,7117,meanage,44.3333333333333,44.333333333333336
71300001783,7117,meanage,44.3333333333333,44.333333333333336
71300002038,7125,meanage,51.7058823529412,48.125
71300002655,7119,meanage,48.3125,48.3125
71300002681,7120,meanage,53.9375,53.9375
71300002747,7120,meanage,53.9375,53.9375
71300002837,7121,meanage,50.2,50.2
71300002935,7122,meanage,51.6923076923077,51.69230769230769
71300003051,7117,meanage,44.3333333333333,44.333333333333336
71300003068,714,meanage,57.5714285714286,57.57142857142857
71300003081,7120,meanage,53.9375,53.9375
71300003182,7124,meanage,54.6923076923077,54.69230769230769
71300003253,7120,meanage,53.9375,53.9375
71300003445,714,meanage,57.5714285714286,57.57142857142857
71300003495,714,meanage,57.5714285714286,57.57142857142857
71300003559,719,meanage,44.4,44.4
71300003839,7122,meanage,51.6923076923077,51.69230769230769
71300004254,7117,meanage,44.3333333333333,44.333333333333336
71300004377,7125,meanage,51.7058823529412,48.125
71300004543,7125,meanage,51.7058823529412,48.125
71300004560,719,meanage,44.4,44.4
71300004915,7122,meanage,51.6923076923077,51.69230769230769
71300005404,7121,meanage,50.2,50.2
71300005509,7124,meanage,54.6923076923077,54.69230769230769
71300005541,7122,meanage,51.6923076923077,51.69230769230769
71300005619,7125,meanage,51.7058823529412,48.125
71300005770,714,meanage,57.5714285714286,57.57142857142857
71300005825,7117,meanage,44.3333333333333,44.333333333333336
71300006067,7125,meanage,51.7058823529412,48.125
71300006426,7124,meanage,54.6923076923077,54.69230769230769
71300006495,714,meanage,57.5714285714286,57.57142857142857
71300006723,7125,meanage,51.7058823529412,48.125
71300006906,714,meanage,57.5714285714286,57.57142857142857
71300006962,719,meanage,44.4,44.4
71300007176,7117,meanage,44.3333333333333,44.333333333333336
71300007387,7119,meanage,48.3125,48.3125
71300007529,7120,meanage,53.9375,53.9375
71300007599,7122,meanage,51.6923076923077,51.69230769230769
71300007716,7125,meanage,51.7058823529412,48.125
71300007736,7124,meanage,54.6923076923077,54.69230769230769
71300007757,7124,meanage,54.6923076923077,54.69230769230769
71300007936,7125,meanage,51.7058823529412,48.125
71300007976,719,meanage,44.4,44.4
71300008045,719,meanage,44.4,44.4
71400000067,7125,meanage,51.7058823529412,48.125
71400000077,7125,meanage,51.7058823529412,48.125
71400000094,7125,meanage,51.7058823529412,48.125
71400000114,7124,meanage,54.6923076923077,54.69230769230769
71400000132,7124,meanage,54.6923076923077,54.69230769230769
71400000154,7124,meanage,54.6923076923077,54.69230769230769
71500000226,7117,meanage,44.3333333333333,44.333333333333336
71500000320,7117,meanage,44.3333333333333,44.333333333333336
71500001069,7119,meanage,48.3125,48.3125
71500001334,7112,meanage,54,54
71500001458,7117,meanage,44.3333333333333,44.333333333333336
71500001621,7117,meanage,44.3333333333333,44.333333333333336
71500001655,7117,meanage,44.3333333333333,44.333333333333336
71500001892,7119,meanage,48.3125,48.3125
71500002813,7110,meanage,51.6428571428571,51.642857142857146
71500002909,7110,meanage,51.6428571428571,51.642857142857146
71500003227,7120,meanage,53.9375,53.9375
71500003232,7120,meanage,53.9375,53.9375
71500003571,7117,meanage,44.3333333333333,44.333333333333336
71500003604,7110,meanage,51.6428571428571,51.642857142857146
71500004301,7119,meanage,48.3125,48.3125
71500004389,7119,meanage,48.3125,48.3125
71500004449,7110,meanage,51.6428571428571,51.642857142857146
71500004517,7110,meanage,51.6428571428571,51.642857142857146
71500005072,7110,meanage,51.6428571428571,51.642857142857146
71500005257,7112,meanage,54,54
71500005898,7112,meanage,54,54
71500006038,7119,meanage,48.3125,48.3125
71500006146,7110,meanage,51.6428571428571,51.642857142857146
71500006200,7120,meanage,53.9375,53.9375
71500006445,7119,meanage,48.3125,48.3125
71500006618,7117,meanage,44.3333333333333,44.333333333333336
71500007032,7117,meanage,44.3333333333333,44.333333333333336
71500008204,7120,meanage,53.9375,53.9375
71500008248,7120,meanage,53.9375,53.9375
71500008273,7119,meanage,48.3125,48.3125
71600000007,7115,meanage,50.0909090909091,50.09090909090909
71600000010,7115,meanage,50.0909090909091,50.09090909090909
71600000414,7115,meanage,50.0909090909091,50.09090909090909
71600000539,7115,meanage,50.0909090909091,50.09090909090909
71700000047,7121,meanage,50.2,50.2
71700000107,7111,meanage,48.9230769230769,48.92307692307692
71700000139,7111,meanage,48.9230769230769,48.92307692307692
71700000180,7110,meanage,51.6428571428571,51.642857142857146
71700000255,712,meanage,53,53
71700000321,714,meanage,57.5714285714286,57.57142857142857
71700000347,7121,meanage,50.2,50.2
71700000386,714,meanage,57.5714285714286,57.57142857142857
71700000538,7121,meanage,50.2,50.2
71700000550,7110,meanage,51.6428571428571,51.642857142857146
71700000558,714,meanage,57.5714285714286,57.57142857142857
71700000610,713,meanage,55.4,55.4
71700000612,7121,meanage,50.2,50.2
71700000743,712,meanage,53,53
71700001060,7121,meanage,50.2,50.2
71700001103,7110,meanage,51.6428571428571,51.642857142857146
71700001178,712,meanage,53,53
71700001274,714,meanage,57.5714285714286,57.57142857142857
71700001323,7111,meanage,48.9230769230769,48.92307692307692
71700001377,7111,meanage,48.9230769230769,48.92307692307692
71700001380,712,meanage,53,53
71700001386,711,meanage,42.7857142857143,42.785714285714285
71700001431,714,meanage,57.5714285714286,57.57142857142857
71700001477,711,meanage,42.7857142857143,42.785714285714285
71700001486,712,meanage,53,53
71700001508,713,meanage,55.4,55.4
71700001523,713,meanage,55.4,55.4
71700001541,7110,meanage,51.6428571428571,51.642857142857146
71700001620,713,meanage,55.4,55.4
71700001653,7110,meanage,51.6428571428571,51.642857142857146
71700001659,7111,meanage,48.9230769230769,48.92307692307692
71700001692,7121,meanage,50.2,50.2
71700001715,713,meanage,55.4,55.4
71700001745,7121,meanage,50.2,50.2
71700001749,7111,meanage,48.9230769230769,48.92307692307692
71700001868,713,meanage,55.4,55.4
71700002121,7110,meanage,51.6428571428571,51.642857142857146
71700002139,712,meanage,53,53
71700002185,712,meanage,53,53
71700002195,712,meanage,53,53
71700002390,714,meanage,57.5714285714286,57.57142857142857
71700002486,711,meanage,42.7857142857143,42.785714285714285
71800000010,7122,meanage,51.6923076923077,51.69230769230769
71800000012,715,meanage,36.4285714285714,36.42857142857143
71800000037,7111,meanage,48.9230769230769,48.92307692307692
71800000056,718,meanage,45.1,45.1
71800000071,716,meanage,45.0666666666667,45.06666666666667
71800004947,717,meanage,48.2727272727273,48.27272727272727
71900000079,717,meanage,48.2727272727273,48.27272727272727
71900000178,7114,meanage,46.8571428571429,46.857142857142854
71900000386,7112,meanage,54,54
71900000396,717,meanage,48.2727272727273,48.27272727272727
71900000411,7115,meanage,50.0909090909091,50.09090909090909
71900000452,7115,meanage,50.0909090909091,50.09090909090909
71900000532,7115,meanage,50.0909090909091,50.09090909090909
71900000579,717,meanage,48.2727272727273,48.27272727272727
71900000823,7115,meanage,50.0909090909091,50.09090909090909
71900000910,7114,meanage,46.8571428571429,46.857142857142854
71900001043,717,meanage,48.2727272727273,48.27272727272727
71900001083,7114,meanage,46.8571428571429,46.857142857142854
71900001168,7113,meanage,41.3846153846154,41.38461538461539
71900001172,717,meanage,48.2727272727273,48.27272727272727
71900001230,717,meanage,48.2727272727273,48.27272727272727
71900001270,7114,meanage,46.8571428571429,46.857142857142854
71900001339,7118,meanage,49.7272727272727,49.72727272727273
71900001359,7112,meanage,54,54
71900001376,7113,meanage,41.3846153846154,41.38461538461539
71900001558,7118,meanage,49.7272727272727,49.72727272727273
71900001622,7112,meanage,54,54
71900001644,7113,meanage,41.3846153846154,41.38461538461539
71900001695,7113,meanage,41.3846153846154,41.38461538461539
71900001698,7113,meanage,41.3846153846154,41.38461538461539
71900001799,7118,meanage,49.7272727272727,49.72727272727273
71900001856,7125,meanage,51.7058823529412,48.125
71900001927,7118,meanage,49.7272727272727,49.72727272727273
71900002498,7125,meanage,51.7058823529412,48.125
71900002586,7125,meanage,51.7058823529412,48.125
71900002680,7112,meanage,54,54
71900002860,7118,meanage,49.7272727272727,49.72727272727273
71900002923,7112,meanage,54,54
71900002951,7112,meanage,54,54
71900003004,7113,meanage,41.3846153846154,41.38461538461539
71900003015,7115,meanage,50.0909090909091,50.09090909090909
71900003133,717,meanage,48.2727272727273,48.27272727272727
71900003206,7114,meanage,46.8571428571429,46.857142857142854
711000000483,7121,meanage,50.2,50.2
711000000725,7111,meanage,48.9230769230769,48.92307692307692
711100000290,7123,meanage,46.9285714285714,46.92857142857143
711100000340,7123,meanage,46.9285714285714,46.92857142857143
711100000520,713,meanage,55.4,55.4
711100000652,713,meanage,55.4,55.4
711100000909,713,meanage,55.4,55.4
711100000940,713,meanage,55.4,55.4
711100000990,713,meanage,55.4,55.4
711100001042,7123,meanage,46.9285714285714,46.92857142857143
711100001294,7123,meanage,46.9285714285714,46.92857142857143
711100001813,7123,meanage,46.9285714285714,46.92857142857143
711100002957,713,meanage,55.4,55.4
711100003192,713,meanage,55.4,55.4
711210002803,7121,meanage,50.2,50.2
711210003133,7117,meanage,44.3333333333333,44.333333333333336
711210003443,7120,meanage,53.9375,53.9375
711210004515,714,meanage,57.5714285714286,57.57142857142857
711210004583,719,meanage,44.4,44.4
711210004615,7124,meanage,54.6923076923077,54.69230769230769
711300002885,711,meanage,42.7857142857143,42.785714285714285
711300003067,711,meanage,42.7857142857143,42.785714285714285
711300004554,711,meanage,42.7857142857143,42.785714285714285
711300006606,711,meanage,42.7857142857143,42.785714285714285
711300007979,711,meanage,42.7857142857143,42.785714285714285
711300008232,711,meanage,42.7857142857143,42.785714285714285
711400000005,7112,meanage,54,54
711400000076,7112,meanage,54,54
711400000252,7112,meanage,54,54
711400000257,7112,meanage,54,54
711400000273,7112,meanage,54,54
711400000297,7112,meanage,54,54
711500000019,715,meanage,36.4285714285714,36.42857142857143
711500000286,7114,meanage,46.8571428571429,46.857142857142854
711500000413,7114,meanage,46.8571428571429,46.857142857142854
711500000450,715,meanage,36.4285714285714,36.42857142857143
711500000578,718,meanage,45.1,45.1
711500000594,7111,meanage,48.9230769230769,48.92307692307692
711500000609,7115,meanage,50.0909090909091,50.09090909090909
711500000660,717,meanage,48.2727272727273,48.27272727272727
711500000669,716,meanage,45.0666666666667,45.06666666666667
711500000688,716,meanage,45.0666666666667,45.06666666666667
711500000929,7111,meanage,48.9230769230769,48.92307692307692
711500000954,716,meanage,45.0666666666667,45.06666666666667
711500001006,717,meanage,48.2727272727273,48.27272727272727
711500001026,7111,meanage,48.9230769230769,48.92307692307692
711500001237,718,meanage,45.1,45.1
711500001245,7115,meanage,50.0909090909091,50.09090909090909
711500001365,716,meanage,45.0666666666667,45.06666666666667
711500001578,715,meanage,36.4285714285714,36.42857142857143
711500001720,715,meanage,36.4285714285714,36.42857142857143
711500001744,716,meanage,45.0666666666667,45.06666666666667
711500001825,7122,meanage,51.6923076923077,51.69230769230769
711500001873,718,meanage,45.1,45.1
711500001932,717,meanage,48.2727272727273,48.27272727272727
711500002034,716,meanage,45.0666666666667,45.06666666666667
711500002072,715,meanage,36.4285714285714,36.42857142857143
711500002172,718,meanage,45.1,45.1
711500002205,718,meanage,45.1,45.1
711500002213,715,meanage,36.4285714285714,36.42857142857143
711500002244,716,meanage,45.0666666666667,45.06666666666667
711500002249,716,meanage,45.0666666666667,45.06666666666667
711500002275,7122,meanage,51.6923076923077,51.69230769230769
711500002427,7111,meanage,48.9230769230769,48.92307692307692
711500002435,715,meanage,36.4285714285714,36.42857142857143
711500002456,7122,meanage,51.6923076923077,51.69230769230769
713100000008,718,meanage,45.1,45.1
713100000009,718,meanage,45.1,45.1
713100000010,718,meanage,45.1,45.1
713100000020,718,meanage,45.1,45.1
713200000033,7124,meanage,54.6923076923077,54.69230769230769
713200000563,7125,meanage,51.7058823529412,48.125
713200000569,7125,meanage,51.7058823529412,48.125
713304049800,7122,meanage,51.6923076923077,51.69230769230769
713304076100,7122,meanage,51.6923076923077,51.69230769230769
713304136000,7122,meanage,51.6923076923077,51.69230769230769
713400000031,7114,meanage,46.8571428571429,46.857142857142854
713400000093,7114,meanage,46.8571428571429,46.857142857142854
713400000119,7114,meanage,46.8571428571429,46.857142857142854
713400000129,7114,meanage,46.8571428571429,46.857142857142854
713400000155,7114,meanage,46.8571428571429,46.857142857142854
713400000408,7114,meanage,46.8571428571429,46.857142857142854
713500000060,712,meanage,53,53
713500000107,712,meanage,53,53
713500000243,712,meanage,53,53
713500000349,712,meanage,53,53
713500000446,712,meanage,53,53
713500000566,712,meanage,53,53
713600016101,715,meanage,36.4285714285714,36.42857142857143
713600018305,715,meanage,36.4285714285714,36.42857142857143
713600018704,715,meanage,36.4285714285714,36.42857142857143
713600028604,715,meanage,36.4285714285714,36.42857142857143
713600061401,715,meanage,36.4285714285714,36.42857142857143
713700000022,7120,meanage,53.9375,53.9375
713700000027,7120,meanage,53.9375,53.9375
713700000033,7120,meanage,53.9375,53.9375
713700000042,7120,meanage,53.9375,53.9375
713700000046,7120,meanage,53.9375,53.9375
713800000007,715,meanage,36.4285714285714,36.42857142857143
713800000015,7114,meanage,46.8571428571429,46.857142857142854
713800000020,7111,meanage,48.9230769230769,48.92307692307692
713900000069,7123,meanage,46.9285714285714,46.92857142857143
713900000072,719,meanage,44.4,44.4
713900000085,719,meanage,44.4,44.4
713900000107,7118,meanage,49.7272727272727,49.72727272727273
713900000108,719,meanage,44.4,44.4
713900000109,719,meanage,44.4,44.4
713900000110,7123,meanage,46.9285714285714,46.92857142857143
713900000118,7123,meanage,46.9285714285714,46.92857142857143
713900000133,7116,meanage,42.4666666666667,42.46666666666667
713900000147,7123,meanage,46.9285714285714,46.92857142857143
713900000172,719,meanage,44.4,44.4
713900000203,7116,meanage,42.4666666666667,42.46666666666667
713900000236,7116,meanage,42.4666666666667,42.46666666666667
713900000253,7118,meanage,49.7272727272727,49.72727272727273
713900000254,7118,meanage,49.7272727272727,49.72727272727273
713900000276,7116,meanage,42.4666666666667,42.46666666666667
713900000292,7118,meanage,49.7272727272727,49.72727272727273
713900000297,719,meanage,44.4,44.4
713900000298,7116,meanage,42.4666666666667,42.46666666666667
713900000300,719,meanage,44.4,44.4
713900000345,719,meanage,44.4,44.4
713900000362,7116,meanage,42.4666666666667,42.46666666666667
713900000386,7118,meanage,49.7272727272727,49.72727272727273
713900000389,7116,meanage,42.4666666666667,42.46666666666667
713900000411,7116,meanage,42.4666666666667,42.46666666666667
713900000422,7123,meanage,46.9285714285714,46.92857142857143
713900000426,7123,meanage,46.9285714285714,46.92857142857143
713900000427,7123,meanage,46.9285714285714,46.92857142857143
713900000430,7118,meanage,49.7272727272727,49.72727272727273
713900000433,7116,meanage,42.4666666666667,42.46666666666667
714000000010,7113,meanage,41.3846153846154,41.38461538461539
714000000012,7113,meanage,41.3846153846154,41.38461538461539
714000000014,7113,meanage,41.3846153846154,41.38461538461539
714000000018,712,meanage,53,53
714000000025,711,meanage,42.7857142857143,42.785714285714285
714000000040,711,meanage,42.7857142857143,42.785714285714285
714000000041,711,meanage,42.7857142857143,42.785714285714285
714000000138,7113,meanage,41.3846153846154,41.38461538461539
714000000139,7113,meanage,41.3846153846154,41.38461538461539
714000000145,7113,meanage,41.3846153846154,41.38461538461539
714000000147,711,meanage,42.7857142857143,42.785714285714285
714000000149,711,meanage,42.7857142857143,42.785714285714285
714000000150,7113,meanage,41.3846153846154,41.38461538461539
714100000007,716,meanage,45.0666666666667,45.06666666666667
714100000009,716,meanage,45.0666666666667,45.06666666666667
714100000010,716,meanage,45.0666666666667,45.06666666666667
714100000021,716,meanage,45.0666666666667,45.06666666666667
714100000022,716,meanage,45.0666666666667,45.06666666666667
714100000024,716,meanage,45.0666666666667,45.06666666666667
714200000127,7116,meanage,42.4666666666667,42.46666666666667
714200000145,7116,meanage,42.4666666666667,42.46666666666667
714200001284,7116,meanage,42.4666666666667,42.46666666666667
714200001292,7116,meanage,42.4666666666667,42.46666666666667
714200001405,7116,meanage,42.4666666666667,42.46666666666667
714200003424,7116,meanage,42.4666666666667,42.46666666666667
