source_row,historical_sample,historical_respondent_id,pollgroup,early_group_size,group_size,historical_gain,candidate_gain,joint_knowledge
1,TRUE,2910001,29101,10,13,0.09971509971509972,0.09722222222222221,0.14285714285714285
2,TRUE,2910002,29112,15,15,0.08571428571428572,0.08571428571428572,0.2857142857142857
3,TRUE,2910003,29114,16,16,0.14285714285714285,0.14285714285714285,0
4,TRUE,2910004,29109,12,13,0.1888111888111888,0.1875,0.42857142857142855
5,TRUE,2910005,29108,14,15,0.08974358974358976,0.0892857142857143,0.42857142857142855
6,TRUE,2910006,29101,10,13,0.09971509971509972,0.09722222222222221,0.14285714285714285
7,TRUE,2910007,29108,14,15,0.14358974358974358,0.14285714285714285,0.2857142857142857
8,TRUE,2910008,29102,10,12,0.2777777777777778,0.2727272727272727,0.14285714285714285
9,TRUE,2910009,29115,15,16,0.16741071428571427,0.16666666666666666,0.14285714285714285
10,TRUE,2910010,29106,13,14,0.10833333333333335,0.10769230769230771,0.2857142857142857
11,TRUE,2910011,29116,13,13,0.18055555555555558,0.18055555555555558,0.14285714285714285
12,TRUE,2910012,29107,11,12,0.16805555555555557,0.16666666666666666,0.14285714285714285
13,TRUE,2910013,29106,13,14,0.21924603174603174,0.21794871794871795,0.14285714285714285
14,TRUE,2910014,29108,14,15,0.21538461538461537,0.21428571428571427,0.7142857142857143
15,TRUE,2910015,29109,12,13,0.23976023976023975,0.23809523809523808,0
16,TRUE,2910016,29110,12,13,0.1006993006993007,0.1,0.2857142857142857
17,TRUE,2910017,29111,12,12,0.19696969696969693,0.19696969696969693,0.14285714285714285
18,TRUE,2910018,29112,15,15,0.21428571428571427,0.21428571428571427,0
19,TRUE,2910019,29114,16,16,0.1111111111111111,0.1111111111111111,0.14285714285714285
20,TRUE,2910020,29110,12,13,0.15384615384615385,0.1527777777777778,0.14285714285714285
21,TRUE,2910021,29116,13,13,0.16666666666666666,0.16666666666666666,0.14285714285714285
22,TRUE,2910022,29103,11,12,0.16805555555555557,0.16666666666666666,0.14285714285714285
23,TRUE,2910023,29111,12,12,0.1818181818181818,0.1818181818181818,0.5714285714285714
24,TRUE,2910024,29103,11,12,0.18333333333333335,0.18181818181818182,0.2857142857142857
25,TRUE,2910025,29104,11,13,0.15714285714285714,0.15476190476190474,0
26,TRUE,2910026,29106,13,14,0.17023809523809522,0.1692307692307692,0.2857142857142857
27,TRUE,2910027,29107,11,12,0.1375,0.13636363636363635,0.42857142857142855
28,TRUE,2910028,29108,14,15,0.19145299145299147,0.1904761904761905,0.14285714285714285
29,TRUE,2910029,29109,12,13,0.0839160839160839,0.08333333333333333,0.42857142857142855
30,TRUE,2910030,29101,10,13,0.06837606837606838,0.06666666666666667,0.2857142857142857
31,TRUE,2910031,29105,11,11,0.21666666666666667,0.21666666666666667,0.14285714285714285
32,TRUE,2910032,29116,13,13,0.020833333333333332,0.020833333333333332,0.42857142857142855
33,TRUE,2910033,29101,10,13,0.1221001221001221,0.11904761904761904,0
34,TRUE,2910034,29101,10,13,0.09971509971509972,0.09722222222222221,0.14285714285714285
35,TRUE,2910035,29112,15,15,0.15476190476190477,0.15476190476190477,0.14285714285714285
36,TRUE,2910036,29106,13,14,0.1392857142857143,0.13846153846153847,0.2857142857142857
37,TRUE,2910037,29107,11,12,0.1375,0.13636363636363635,0.14285714285714285
38,TRUE,2910038,29114,16,16,0.07999999999999999,0.07999999999999999,0.2857142857142857
39,TRUE,2910039,29104,11,13,0.15714285714285714,0.15476190476190474,0
40,TRUE,2910040,29110,12,13,0.1888111888111888,0.1875,0.42857142857142855
41,TRUE,2910041,29113,16,16,0.17777777777777778,0.17777777777777778,0.14285714285714285
42,TRUE,2910042,29105,11,11,0.21666666666666667,0.21666666666666667,0.14285714285714285
43,TRUE,2910043,29111,12,12,0.06818181818181818,0.06818181818181818,0.42857142857142855
44,TRUE,2910044,29102,10,12,0.11574074074074076,0.11363636363636365,0.42857142857142855
45,TRUE,2910045,29113,16,16,0.17777777777777778,0.17777777777777778,0.14285714285714285
46,TRUE,2910046,29103,11,12,0.09166666666666667,0.09090909090909091,0.2857142857142857
47,TRUE,2910047,29109,12,13,0.18181818181818182,0.18055555555555555,0.14285714285714285
48,TRUE,2910048,29108,14,15,0.22564102564102567,0.22448979591836737,0
49,TRUE,2910049,29114,16,16,0.09333333333333334,0.09333333333333334,0.2857142857142857
50,TRUE,2910050,29106,13,14,0.1392857142857143,0.13846153846153847,0.2857142857142857
51,TRUE,2910051,29113,16,16,0.11666666666666667,0.11666666666666667,0.42857142857142855
52,TRUE,2910052,29112,15,15,0.05357142857142857,0.05357142857142857,0.42857142857142855
53,TRUE,2910053,29113,16,16,0.15555555555555556,0.15555555555555556,0.14285714285714285
54,TRUE,2910054,29114,16,16,0.04,0.04,0.2857142857142857
55,TRUE,2910055,29116,13,13,0.06666666666666667,0.06666666666666667,0.2857142857142857
56,TRUE,2910056,29103,11,12,0.16041666666666668,0.15909090909090906,0.42857142857142855
57,TRUE,2910057,29111,12,12,0.22727272727272727,0.22727272727272727,0.42857142857142855
58,TRUE,2910058,29107,11,12,0.19642857142857142,0.1948051948051948,0
59,TRUE,2910059,29104,11,13,0.15512820512820513,0.15277777777777776,0.14285714285714285
60,TRUE,2910060,29115,15,16,0.20089285714285712,0.19999999999999998,0
61,TRUE,2910061,29112,15,15,0.08571428571428572,0.08571428571428572,0.2857142857142857
62,TRUE,2910062,29114,16,16,0.14285714285714285,0.14285714285714285,0
63,TRUE,2910063,29106,13,14,0.07738095238095238,0.07692307692307693,0.42857142857142855
64,TRUE,2910064,29101,10,13,0.1221001221001221,0.11904761904761904,0
65,TRUE,2910065,29114,16,16,0.08888888888888889,0.08888888888888889,0.14285714285714285
66,TRUE,2910066,29110,12,13,0.15384615384615385,0.1527777777777778,0.14285714285714285
67,TRUE,2910067,29115,15,16,0.15625,0.15555555555555556,0.5714285714285714
68,TRUE,2910068,29111,12,12,0.19696969696969693,0.19696969696969693,0.14285714285714285
69,TRUE,2910069,29112,15,15,0.15476190476190477,0.15476190476190477,0.14285714285714285
70,TRUE,2910070,29114,16,16,0.14285714285714285,0.14285714285714285,0
71,TRUE,2910071,29113,16,16,0.19999999999999998,0.19999999999999998,0
72,TRUE,2910072,29103,11,12,0.16500000000000004,0.16363636363636364,0.2857142857142857
73,TRUE,2910073,29116,13,13,0.18333333333333332,0.18333333333333332,0.2857142857142857
74,TRUE,2910074,29108,14,15,0.19145299145299147,0.1904761904761905,0.14285714285714285
75,TRUE,2910075,29109,12,13,0.11748251748251748,0.11666666666666665,0.2857142857142857
76,TRUE,2910076,29112,15,15,0.16666666666666666,0.16666666666666666,0.14285714285714285
77,TRUE,2910077,29115,15,16,0.06696428571428571,0.06666666666666667,0.5714285714285714
78,TRUE,2910078,29113,16,16,0.18888888888888888,0.18888888888888888,0.14285714285714285
79,TRUE,2910079,29113,16,16,0.12000000000000001,0.12,0.2857142857142857
80,TRUE,2910080,29105,11,11,0.15,0.15,0.42857142857142855
81,TRUE,2910081,29111,12,12,0.2727272727272727,0.2727272727272727,0
82,TRUE,2910082,29106,13,14,0.1392857142857143,0.13846153846153847,0.2857142857142857
83,TRUE,2910083,29107,11,12,0.16500000000000004,0.16363636363636364,0.2857142857142857
84,TRUE,2910084,29101,10,13,0.1221001221001221,0.11904761904761904,0
85,TRUE,2910085,29107,11,12,0.19642857142857142,0.1948051948051948,0
86,TRUE,2910086,29102,10,12,0.291005291005291,0.2857142857142857,0
87,TRUE,2910087,29108,14,15,0.10051282051282052,0.1,0.2857142857142857
88,TRUE,2910088,29103,11,12,0.16805555555555557,0.16666666666666666,0.14285714285714285
89,TRUE,2910089,29112,15,15,0.16666666666666666,0.16666666666666666,0.14285714285714285
90,TRUE,2910090,29104,11,13,0.05076923076923078,0.05,0.2857142857142857
91,TRUE,2910091,29114,16,16,0.08888888888888889,0.08888888888888889,0.14285714285714285
92,TRUE,2910092,29110,12,13,0.14685314685314685,0.14583333333333334,0.42857142857142855
93,TRUE,2910093,29113,16,16,0.17777777777777778,0.17777777777777778,0.14285714285714285
94,TRUE,2910094,29105,11,11,0.21666666666666667,0.21666666666666667,0.14285714285714285
95,TRUE,2910095,29116,13,13,0.06666666666666667,0.06666666666666667,0.2857142857142857
96,TRUE,2910096,29103,11,12,0.16805555555555557,0.16666666666666666,0.14285714285714285
97,TRUE,2910097,29113,16,16,0.15555555555555556,0.15555555555555556,0.14285714285714285
98,TRUE,2910098,29106,13,14,0.2431972789115646,0.24175824175824176,0
99,TRUE,2910099,29113,16,16,0.19999999999999998,0.19999999999999998,0
100,TRUE,2910100,29115,15,16,0.16741071428571427,0.16666666666666666,0.14285714285714285
101,TRUE,2910101,29115,15,16,0.20089285714285712,0.19999999999999998,0
102,TRUE,2910102,29111,12,12,0.2424242424242424,0.2424242424242424,0.14285714285714285
103,TRUE,2910103,29114,16,16,0.1111111111111111,0.1111111111111111,0.14285714285714285
104,TRUE,2910104,29114,16,16,0.14285714285714285,0.14285714285714285,0
105,TRUE,2910105,29114,16,16,0.14444444444444446,0.14444444444444446,0.14285714285714285
106,TRUE,2910106,29113,16,16,0.18888888888888888,0.18888888888888888,0.14285714285714285
107,TRUE,2910107,29114,16,16,0.04,0.04,0.2857142857142857
108,TRUE,2910108,29116,13,13,0.25,0.25,0.14285714285714285
109,TRUE,2910109,29107,11,12,0.1375,0.13636363636363635,0.14285714285714285
110,TRUE,2910110,29108,14,15,0.18666666666666668,0.18571428571428572,0.2857142857142857
111,TRUE,2910111,29105,11,11,0.19999999999999998,0.19999999999999998,0.2857142857142857
112,TRUE,2910112,29106,13,14,0.07738095238095238,0.07692307692307693,0.42857142857142855
113,TRUE,2910113,29110,12,13,0.18181818181818182,0.18055555555555555,0.14285714285714285
114,TRUE,2910114,29106,13,14,0.15476190476190474,0.15384615384615383,0.14285714285714285
115,TRUE,2910115,29106,13,14,0.2431972789115646,0.24175824175824176,0
116,TRUE,2910116,29108,14,15,0.15555555555555556,0.15476190476190477,0.14285714285714285
117,TRUE,2910117,29115,15,16,0.16741071428571427,0.16666666666666666,0.14285714285714285
118,TRUE,2910118,29109,12,13,0.19580419580419578,0.19444444444444442,0.14285714285714285
119,TRUE,2910119,29112,15,15,0.15476190476190477,0.15476190476190477,0.14285714285714285
120,TRUE,2910120,29113,16,16,0.17777777777777778,0.17777777777777778,0.14285714285714285
121,TRUE,2910121,29115,15,16,0.20089285714285712,0.19999999999999998,0
122,TRUE,2910122,29115,15,16,0.20089285714285712,0.19999999999999998,0
123,TRUE,2910123,29116,13,13,0.06666666666666667,0.06666666666666667,0.2857142857142857
124,TRUE,2910124,29101,10,13,0.1221001221001221,0.11904761904761904,0
125,TRUE,2910125,29102,10,12,0.2777777777777778,0.2727272727272727,0.14285714285714285
126,TRUE,2910126,29104,11,13,0.15714285714285714,0.15476190476190474,0
127,TRUE,2910127,29114,16,16,0.14285714285714285,0.14285714285714285,0
128,TRUE,2910128,29105,11,11,0.2833333333333333,0.2833333333333333,0.14285714285714285
129,TRUE,2910129,29109,12,13,0.18181818181818182,0.18055555555555555,0.14285714285714285
130,TRUE,2910130,29104,11,13,0.04230769230769232,0.041666666666666664,0.42857142857142855
131,TRUE,2910131,29110,12,13,0.21578421578421578,0.21428571428571427,0
132,TRUE,2910132,29111,12,12,0.19696969696969693,0.19696969696969693,0.14285714285714285
133,TRUE,2910133,29112,15,15,0.21428571428571427,0.21428571428571427,0.14285714285714285
134,TRUE,2910134,29102,10,12,0.16666666666666669,0.16363636363636364,0.2857142857142857
135,TRUE,2910135,29104,11,13,0.15714285714285714,0.15476190476190474,0
136,TRUE,2910136,29109,12,13,0.23976023976023975,0.23809523809523808,0
137,TRUE,2910137,29103,11,12,0.16805555555555557,0.16666666666666666,0.14285714285714285
138,TRUE,2910138,29105,11,11,0.19999999999999998,0.19999999999999998,0.2857142857142857
139,TRUE,2910139,29110,12,13,0.1006993006993007,0.1,0.2857142857142857
140,TRUE,2910140,29108,14,15,0.15555555555555556,0.15476190476190477,0.14285714285714285
141,TRUE,2910141,29106,13,14,0.2431972789115646,0.24175824175824176,0
142,TRUE,2910142,29109,12,13,0.2517482517482518,0.25,0.14285714285714285
143,TRUE,2910143,29104,11,13,0.15512820512820513,0.15277777777777776,0.14285714285714285
144,TRUE,2910144,29113,16,16,0.15555555555555556,0.15555555555555556,0.14285714285714285
145,TRUE,2910145,29115,15,16,0.044642857142857144,0.044444444444444446,0.5714285714285714
146,TRUE,2910146,29104,11,13,0.09871794871794873,0.09722222222222222,0.14285714285714285
147,TRUE,2910147,29104,11,13,0.05076923076923078,0.05,0.2857142857142857
148,TRUE,2910148,29116,13,13,0.06666666666666667,0.06666666666666667,0.2857142857142857
149,TRUE,2910149,29110,12,13,0.15384615384615385,0.1527777777777778,0.14285714285714285
150,TRUE,2910150,29102,10,12,0.2777777777777778,0.2727272727272727,0.14285714285714285
151,TRUE,2910151,29112,15,15,0.2261904761904762,0.2261904761904762,0.14285714285714285
152,TRUE,2910152,29108,14,15,0.15555555555555556,0.15476190476190477,0.14285714285714285
153,TRUE,2910153,29112,15,15,0.16666666666666666,0.16666666666666666,0.14285714285714285
154,TRUE,2910154,29105,11,11,0.19999999999999998,0.19999999999999998,0.2857142857142857
155,TRUE,2910155,29102,10,12,0.2314814814814815,0.22727272727272727,0.14285714285714285
156,TRUE,2910156,29101,10,13,0.10256410256410257,0.1,0.2857142857142857
157,TRUE,2910157,29110,12,13,0.18181818181818182,0.18055555555555555,0.14285714285714285
158,TRUE,2910158,29102,10,12,0.11574074074074076,0.11363636363636365,0.42857142857142855
159,TRUE,2910159,29103,11,12,0.22261904761904763,0.22077922077922077,0
160,TRUE,2910160,29109,12,13,0.18181818181818182,0.18055555555555555,0.14285714285714285
161,TRUE,2910161,29102,10,12,0.11574074074074076,0.11363636363636365,0.42857142857142855
162,TRUE,2910162,29115,15,16,0.20089285714285712,0.19999999999999998,0
163,TRUE,2910163,29105,11,11,0.15,0.15,0.42857142857142855
164,TRUE,2910164,29111,12,12,0.14545454545454545,0.14545454545454545,0.2857142857142857
165,TRUE,2910165,29116,13,13,0.18055555555555558,0.18055555555555558,0.14285714285714285
166,TRUE,2910166,29107,11,12,0.1375,0.13636363636363635,0.14285714285714285
167,TRUE,2910167,29107,11,12,0.19642857142857142,0.1948051948051948,0
168,TRUE,2910168,29109,12,13,0.1888111888111888,0.1875,0.42857142857142855
169,TRUE,2910169,29108,14,15,0.22564102564102567,0.22448979591836737,0
170,TRUE,2910170,29114,16,16,0.08888888888888889,0.08888888888888889,0.14285714285714285
171,TRUE,2910171,29115,15,16,0.20089285714285712,0.19999999999999998,0
172,TRUE,2910172,29113,16,16,0.12000000000000001,0.12,0.2857142857142857
173,TRUE,2910173,29115,15,16,0.20089285714285712,0.19999999999999998,0
174,TRUE,2910174,29116,13,13,0.16666666666666666,0.16666666666666666,0.14285714285714285
175,TRUE,2910175,29109,12,13,0.10489510489510488,0.10416666666666666,0.42857142857142855
176,TRUE,2910176,29103,11,12,0.16805555555555557,0.16666666666666666,0.14285714285714285
177,TRUE,2910177,29112,15,15,0.07142857142857142,0.07142857142857142,0.5714285714285714
178,TRUE,2910178,29102,10,12,0.291005291005291,0.2857142857142857,0
179,TRUE,2910179,29105,11,11,0.27142857142857146,0.27142857142857146,0
180,TRUE,2910180,29108,14,15,0.22564102564102567,0.22448979591836737,0
181,TRUE,2910181,29103,11,12,0.16500000000000004,0.16363636363636364,0.2857142857142857
182,TRUE,2910182,29104,11,13,0.09871794871794873,0.09722222222222222,0.14285714285714285
183,TRUE,2910183,29105,11,11,0.12499999999999997,0.12499999999999999,0.42857142857142855
184,TRUE,2910184,29107,11,12,0.19642857142857142,0.1948051948051948,0
185,TRUE,2910185,29108,14,15,0.15555555555555556,0.15476190476190477,0.14285714285714285
186,TRUE,2910186,29110,12,13,0.21578421578421578,0.21428571428571427,0
187,TRUE,2910187,29111,12,12,0.14545454545454545,0.14545454545454545,0.2857142857142857
188,TRUE,2910188,29112,15,15,0.14285714285714285,0.14285714285714285,0.2857142857142857
189,TRUE,2910189,29113,16,16,0.08333333333333333,0.08333333333333333,0.42857142857142855
190,TRUE,2910190,29101,10,13,0.06837606837606838,0.06666666666666667,0.2857142857142857
191,TRUE,2910191,29111,12,12,0.2424242424242424,0.2424242424242424,0.14285714285714285
192,TRUE,2910192,29115,15,16,0.06696428571428571,0.06666666666666667,0.42857142857142855
193,TRUE,2910193,29116,13,13,0.16666666666666666,0.16666666666666666,0.14285714285714285
194,TRUE,2910194,29113,16,16,0.12000000000000001,0.12,0.2857142857142857
195,TRUE,2910195,29106,13,14,0.10833333333333335,0.10769230769230771,0.2857142857142857
196,TRUE,2910196,29114,16,16,0.1111111111111111,0.1111111111111111,0.14285714285714285
197,TRUE,2910197,29115,15,16,0.06696428571428571,0.06666666666666667,0.42857142857142855
198,TRUE,2910198,29112,15,15,0.21428571428571427,0.21428571428571427,0
199,TRUE,2910199,29116,13,13,0.16666666666666669,0.16666666666666669,0.2857142857142857
200,TRUE,2910200,29110,12,13,0.14685314685314685,0.14583333333333334,0.42857142857142855
201,TRUE,2910201,29111,12,12,0.14545454545454545,0.14545454545454545,0.2857142857142857
202,TRUE,2910202,29107,11,12,0.06875,0.06818181818181818,0.42857142857142855
203,TRUE,2910203,29101,10,13,0.09971509971509972,0.09722222222222221,0.14285714285714285
204,TRUE,2910204,29115,15,16,0.20089285714285712,0.19999999999999998,0
205,TRUE,2910205,29101,10,13,0.1221001221001221,0.11904761904761904,0
206,TRUE,2910206,29103,11,12,0.16805555555555557,0.16666666666666666,0.14285714285714285
207,TRUE,2910207,29104,11,13,0.09871794871794873,0.09722222222222222,0.14285714285714285
208,TRUE,2910208,29106,13,14,0.1392857142857143,0.13846153846153847,0.2857142857142857
209,TRUE,2910209,29110,12,13,0.21578421578421578,0.21428571428571427,0
210,TRUE,2910210,29107,11,12,0.06875,0.06818181818181818,0.42857142857142855
211,TRUE,2910211,29101,10,13,0.1221001221001221,0.11904761904761904,0
212,TRUE,2910212,29104,11,13,0.12692307692307694,0.125,0.14285714285714285
213,TRUE,2910213,29102,10,12,0,0,0.7142857142857143
214,TRUE,2910214,29109,12,13,0.18181818181818182,0.18055555555555555,0.14285714285714285
215,TRUE,2910215,29108,14,15,0.10051282051282052,0.1,0.2857142857142857
216,TRUE,2910216,29102,10,12,0.16666666666666669,0.16363636363636364,0.2857142857142857
217,FALSE,NA,NA,NA,NA,NA,NA,0
218,FALSE,NA,NA,NA,NA,NA,NA,0
219,FALSE,NA,NA,NA,NA,NA,NA,0
220,FALSE,NA,NA,NA,NA,NA,NA,0
221,FALSE,NA,NA,NA,NA,NA,NA,0
222,FALSE,NA,NA,NA,NA,NA,NA,0
223,FALSE,NA,NA,NA,NA,NA,NA,0
224,FALSE,NA,NA,NA,NA,NA,NA,0
225,FALSE,NA,NA,NA,NA,NA,NA,0
226,FALSE,NA,NA,NA,NA,NA,NA,0
227,FALSE,NA,NA,NA,NA,NA,NA,0
228,FALSE,NA,NA,NA,NA,NA,NA,0
229,FALSE,NA,NA,NA,NA,NA,NA,0
230,FALSE,NA,NA,NA,NA,NA,NA,0
231,FALSE,NA,NA,NA,NA,NA,NA,0
232,FALSE,NA,NA,NA,NA,NA,NA,0
233,FALSE,NA,NA,NA,NA,NA,NA,0
234,FALSE,NA,NA,NA,NA,NA,NA,0
235,FALSE,NA,NA,NA,NA,NA,NA,0
236,FALSE,NA,NA,NA,NA,NA,NA,0
237,FALSE,NA,NA,NA,NA,NA,NA,0
238,FALSE,NA,NA,NA,NA,NA,NA,0
239,FALSE,NA,NA,NA,NA,NA,NA,0
240,FALSE,NA,NA,NA,NA,NA,NA,0
241,FALSE,NA,NA,NA,NA,NA,NA,0
242,FALSE,NA,NA,NA,NA,NA,NA,0
243,FALSE,NA,NA,NA,NA,NA,NA,0
244,FALSE,NA,NA,NA,NA,NA,NA,0
245,FALSE,NA,NA,NA,NA,NA,NA,0
246,FALSE,NA,NA,NA,NA,NA,NA,0
247,FALSE,NA,NA,NA,NA,NA,NA,0
248,FALSE,NA,NA,NA,NA,NA,NA,0
249,FALSE,NA,NA,NA,NA,NA,NA,0
250,FALSE,NA,NA,NA,NA,NA,NA,0
251,FALSE,NA,NA,NA,NA,NA,NA,0
252,FALSE,NA,NA,NA,NA,NA,NA,0
253,FALSE,NA,NA,NA,NA,NA,NA,0
254,FALSE,NA,NA,NA,NA,NA,NA,0
255,FALSE,NA,NA,NA,NA,NA,NA,0
256,FALSE,NA,NA,NA,NA,NA,NA,0
257,FALSE,NA,NA,NA,NA,NA,NA,0
258,FALSE,NA,NA,NA,NA,NA,NA,0
259,FALSE,NA,NA,NA,NA,NA,NA,0
260,FALSE,NA,NA,NA,NA,NA,NA,0
261,FALSE,NA,NA,NA,NA,NA,NA,0
262,FALSE,NA,NA,NA,NA,NA,NA,0
263,FALSE,NA,NA,NA,NA,NA,NA,0
264,FALSE,NA,NA,NA,NA,NA,NA,0
265,FALSE,NA,NA,NA,NA,NA,NA,0
266,FALSE,NA,NA,NA,NA,NA,NA,0
267,FALSE,NA,NA,NA,NA,NA,NA,0
268,FALSE,NA,NA,NA,NA,NA,NA,0
269,FALSE,NA,NA,NA,NA,NA,NA,0
270,FALSE,NA,NA,NA,NA,NA,NA,0
271,FALSE,NA,NA,NA,NA,NA,NA,0
272,FALSE,NA,NA,NA,NA,NA,NA,0
273,FALSE,NA,NA,NA,NA,NA,NA,0
274,FALSE,NA,NA,NA,NA,NA,NA,0
275,FALSE,NA,NA,NA,NA,NA,NA,0
276,FALSE,NA,NA,NA,NA,NA,NA,0
277,FALSE,NA,NA,NA,NA,NA,NA,0
278,FALSE,NA,NA,NA,NA,NA,NA,0
279,FALSE,NA,NA,NA,NA,NA,NA,0
280,FALSE,NA,NA,NA,NA,NA,NA,0
281,FALSE,NA,NA,NA,NA,NA,NA,0
282,FALSE,NA,NA,NA,NA,NA,NA,0
283,FALSE,NA,NA,NA,NA,NA,NA,0
284,FALSE,NA,NA,NA,NA,NA,NA,0
285,FALSE,NA,NA,NA,NA,NA,NA,0
286,FALSE,NA,NA,NA,NA,NA,NA,0
287,FALSE,NA,NA,NA,NA,NA,NA,0
288,FALSE,NA,NA,NA,NA,NA,NA,0
289,FALSE,NA,NA,NA,NA,NA,NA,0
290,FALSE,NA,NA,NA,NA,NA,NA,0
291,FALSE,NA,NA,NA,NA,NA,NA,0
292,FALSE,NA,NA,NA,NA,NA,NA,0
293,FALSE,NA,NA,NA,NA,NA,NA,0
294,FALSE,NA,NA,NA,NA,NA,NA,0
295,FALSE,NA,NA,NA,NA,NA,NA,0
296,FALSE,NA,NA,NA,NA,NA,NA,0
297,FALSE,NA,NA,NA,NA,NA,NA,0
298,FALSE,NA,NA,NA,NA,NA,NA,0
299,FALSE,NA,NA,NA,NA,NA,NA,0
300,FALSE,NA,NA,NA,NA,NA,NA,0
301,FALSE,NA,NA,NA,NA,NA,NA,0
302,FALSE,NA,NA,NA,NA,NA,NA,0
303,FALSE,NA,NA,NA,NA,NA,NA,0
304,FALSE,NA,NA,NA,NA,NA,NA,0
305,FALSE,NA,NA,NA,NA,NA,NA,0
306,FALSE,NA,NA,NA,NA,NA,NA,0
307,FALSE,NA,NA,NA,NA,NA,NA,0
308,FALSE,NA,NA,NA,NA,NA,NA,0
309,FALSE,NA,NA,NA,NA,NA,NA,0
310,FALSE,NA,NA,NA,NA,NA,NA,0
311,FALSE,NA,NA,NA,NA,NA,NA,0
312,FALSE,NA,NA,NA,NA,NA,NA,0
313,FALSE,NA,NA,NA,NA,NA,NA,0
314,FALSE,NA,NA,NA,NA,NA,NA,0
315,FALSE,NA,NA,NA,NA,NA,NA,0
316,FALSE,NA,NA,NA,NA,NA,NA,0
317,FALSE,NA,NA,NA,NA,NA,NA,0
318,FALSE,NA,NA,NA,NA,NA,NA,0
319,FALSE,NA,NA,NA,NA,NA,NA,0
320,FALSE,NA,NA,NA,NA,NA,NA,0
321,FALSE,NA,NA,NA,NA,NA,NA,0
322,FALSE,NA,NA,NA,NA,NA,NA,0
323,FALSE,NA,NA,NA,NA,NA,NA,0
324,FALSE,NA,NA,NA,NA,NA,NA,0
325,FALSE,NA,NA,NA,NA,NA,NA,0
326,FALSE,NA,NA,NA,NA,NA,NA,0
327,FALSE,NA,NA,NA,NA,NA,NA,0
328,FALSE,NA,NA,NA,NA,NA,NA,0
329,FALSE,NA,NA,NA,NA,NA,NA,0
330,FALSE,NA,NA,NA,NA,NA,NA,0
331,FALSE,NA,NA,NA,NA,NA,NA,0
332,FALSE,NA,NA,NA,NA,NA,NA,0
333,FALSE,NA,NA,NA,NA,NA,NA,0
334,FALSE,NA,NA,NA,NA,NA,NA,0
335,FALSE,NA,NA,NA,NA,NA,NA,0
336,FALSE,NA,NA,NA,NA,NA,NA,0
337,FALSE,NA,NA,NA,NA,NA,NA,0
338,FALSE,NA,NA,NA,NA,NA,NA,0
339,FALSE,NA,NA,NA,NA,NA,NA,0
340,FALSE,NA,NA,NA,NA,NA,NA,0
341,FALSE,NA,NA,NA,NA,NA,NA,0
342,FALSE,NA,NA,NA,NA,NA,NA,0
343,FALSE,NA,NA,NA,NA,NA,NA,0
344,FALSE,NA,NA,NA,NA,NA,NA,0
345,FALSE,NA,NA,NA,NA,NA,NA,0
346,FALSE,NA,NA,NA,NA,NA,NA,0
347,FALSE,NA,NA,NA,NA,NA,NA,0
348,FALSE,NA,NA,NA,NA,NA,NA,0
349,FALSE,NA,NA,NA,NA,NA,NA,0
350,FALSE,NA,NA,NA,NA,NA,NA,0
351,FALSE,NA,NA,NA,NA,NA,NA,0
352,FALSE,NA,NA,NA,NA,NA,NA,0
353,FALSE,NA,NA,NA,NA,NA,NA,0
354,FALSE,NA,NA,NA,NA,NA,NA,0
355,FALSE,NA,NA,NA,NA,NA,NA,0
356,FALSE,NA,NA,NA,NA,NA,NA,0
357,FALSE,NA,NA,NA,NA,NA,NA,0
358,FALSE,NA,NA,NA,NA,NA,NA,0
359,FALSE,NA,NA,NA,NA,NA,NA,0
360,FALSE,NA,NA,NA,NA,NA,NA,0
361,FALSE,NA,NA,NA,NA,NA,NA,0
362,FALSE,NA,NA,NA,NA,NA,NA,0
363,FALSE,NA,NA,NA,NA,NA,NA,0
364,FALSE,NA,NA,NA,NA,NA,NA,0
365,FALSE,NA,NA,NA,NA,NA,NA,0
366,FALSE,NA,NA,NA,NA,NA,NA,0
367,FALSE,NA,NA,NA,NA,NA,NA,0
368,FALSE,NA,NA,NA,NA,NA,NA,0
369,FALSE,NA,NA,NA,NA,NA,NA,0
370,FALSE,NA,NA,NA,NA,NA,NA,0
371,FALSE,NA,NA,NA,NA,NA,NA,0
372,FALSE,NA,NA,NA,NA,NA,NA,0
373,FALSE,NA,NA,NA,NA,NA,NA,0
374,FALSE,NA,NA,NA,NA,NA,NA,0
375,FALSE,NA,NA,NA,NA,NA,NA,0
376,FALSE,NA,NA,NA,NA,NA,NA,0
377,FALSE,NA,NA,NA,NA,NA,NA,0
378,FALSE,NA,NA,NA,NA,NA,NA,0
379,FALSE,NA,NA,NA,NA,NA,NA,0
380,FALSE,NA,NA,NA,NA,NA,NA,0
381,FALSE,NA,NA,NA,NA,NA,NA,0
382,FALSE,NA,NA,NA,NA,NA,NA,0
383,FALSE,NA,NA,NA,NA,NA,NA,0
384,FALSE,NA,NA,NA,NA,NA,NA,0
385,FALSE,NA,NA,NA,NA,NA,NA,0
386,FALSE,NA,NA,NA,NA,NA,NA,0
387,FALSE,NA,NA,NA,NA,NA,NA,0
388,FALSE,NA,NA,NA,NA,NA,NA,0
389,FALSE,NA,NA,NA,NA,NA,NA,0
390,FALSE,NA,NA,NA,NA,NA,NA,0
391,FALSE,NA,NA,NA,NA,NA,NA,0
392,FALSE,NA,NA,NA,NA,NA,NA,0
393,FALSE,NA,NA,NA,NA,NA,NA,0
394,FALSE,NA,NA,NA,NA,NA,NA,0
395,FALSE,NA,NA,NA,NA,NA,NA,0
396,FALSE,NA,NA,NA,NA,NA,NA,0
397,FALSE,NA,NA,NA,NA,NA,NA,0
398,FALSE,NA,NA,NA,NA,NA,NA,0
399,FALSE,NA,NA,NA,NA,NA,NA,0
400,FALSE,NA,NA,NA,NA,NA,NA,0
401,FALSE,NA,NA,NA,NA,NA,NA,0
402,FALSE,NA,NA,NA,NA,NA,NA,0
403,FALSE,NA,NA,NA,NA,NA,NA,0
404,FALSE,NA,NA,NA,NA,NA,NA,0
405,FALSE,NA,NA,NA,NA,NA,NA,0
406,FALSE,NA,NA,NA,NA,NA,NA,0
407,FALSE,NA,NA,NA,NA,NA,NA,0
408,FALSE,NA,NA,NA,NA,NA,NA,0
409,FALSE,NA,NA,NA,NA,NA,NA,0
410,FALSE,NA,NA,NA,NA,NA,NA,0
411,FALSE,NA,NA,NA,NA,NA,NA,0
412,FALSE,NA,NA,NA,NA,NA,NA,0
413,FALSE,NA,NA,NA,NA,NA,NA,0
414,FALSE,NA,NA,NA,NA,NA,NA,0
415,FALSE,NA,NA,NA,NA,NA,NA,0
416,FALSE,NA,NA,NA,NA,NA,NA,0
417,FALSE,NA,NA,NA,NA,NA,NA,0
418,FALSE,NA,NA,NA,NA,NA,NA,0
419,FALSE,NA,NA,NA,NA,NA,NA,0
420,FALSE,NA,NA,NA,NA,NA,NA,0
421,FALSE,NA,NA,NA,NA,NA,NA,0
422,FALSE,NA,NA,NA,NA,NA,NA,0
423,FALSE,NA,NA,NA,NA,NA,NA,0
424,FALSE,NA,NA,NA,NA,NA,NA,0
425,FALSE,NA,NA,NA,NA,NA,NA,0
426,FALSE,NA,NA,NA,NA,NA,NA,0
427,FALSE,NA,NA,NA,NA,NA,NA,0
428,FALSE,NA,NA,NA,NA,NA,NA,0
429,FALSE,NA,NA,NA,NA,NA,NA,0
430,FALSE,NA,NA,NA,NA,NA,NA,0
431,FALSE,NA,NA,NA,NA,NA,NA,0
432,FALSE,NA,NA,NA,NA,NA,NA,0
433,FALSE,NA,NA,NA,NA,NA,NA,0
434,FALSE,NA,NA,NA,NA,NA,NA,0
435,FALSE,NA,NA,NA,NA,NA,NA,0
436,FALSE,NA,NA,NA,NA,NA,NA,0
437,FALSE,NA,NA,NA,NA,NA,NA,0
438,FALSE,NA,NA,NA,NA,NA,NA,0
439,FALSE,NA,NA,NA,NA,NA,NA,0
440,FALSE,NA,NA,NA,NA,NA,NA,0
441,FALSE,NA,NA,NA,NA,NA,NA,0
442,FALSE,NA,NA,NA,NA,NA,NA,0
443,FALSE,NA,NA,NA,NA,NA,NA,0
444,FALSE,NA,NA,NA,NA,NA,NA,0
445,FALSE,NA,NA,NA,NA,NA,NA,0
446,FALSE,NA,NA,NA,NA,NA,NA,0
447,FALSE,NA,NA,NA,NA,NA,NA,0
448,FALSE,NA,NA,NA,NA,NA,NA,0
449,FALSE,NA,NA,NA,NA,NA,NA,0
450,FALSE,NA,NA,NA,NA,NA,NA,0
451,FALSE,NA,NA,NA,NA,NA,NA,0
452,FALSE,NA,NA,NA,NA,NA,NA,0
453,FALSE,NA,NA,NA,NA,NA,NA,0
454,FALSE,NA,NA,NA,NA,NA,NA,0
455,FALSE,NA,NA,NA,NA,NA,NA,0
456,FALSE,NA,NA,NA,NA,NA,NA,0
457,FALSE,NA,NA,NA,NA,NA,NA,0
458,FALSE,NA,NA,NA,NA,NA,NA,0
459,FALSE,NA,NA,NA,NA,NA,NA,0
460,FALSE,NA,NA,NA,NA,NA,NA,0
461,FALSE,NA,NA,NA,NA,NA,NA,0
462,FALSE,NA,NA,NA,NA,NA,NA,0
463,FALSE,NA,NA,NA,NA,NA,NA,0
464,FALSE,NA,NA,NA,NA,NA,NA,0
465,FALSE,NA,NA,NA,NA,NA,NA,0
466,FALSE,NA,NA,NA,NA,NA,NA,0
467,FALSE,NA,NA,NA,NA,NA,NA,0
468,FALSE,NA,NA,NA,NA,NA,NA,0
469,FALSE,NA,NA,NA,NA,NA,NA,0
470,FALSE,NA,NA,NA,NA,NA,NA,0
471,FALSE,NA,NA,NA,NA,NA,NA,0
472,FALSE,NA,NA,NA,NA,NA,NA,0
473,FALSE,NA,NA,NA,NA,NA,NA,0
474,FALSE,NA,NA,NA,NA,NA,NA,0
475,FALSE,NA,NA,NA,NA,NA,NA,0
476,FALSE,NA,NA,NA,NA,NA,NA,0
477,FALSE,NA,NA,NA,NA,NA,NA,0
478,FALSE,NA,NA,NA,NA,NA,NA,0
479,FALSE,NA,NA,NA,NA,NA,NA,0
480,FALSE,NA,NA,NA,NA,NA,NA,0
481,FALSE,NA,NA,NA,NA,NA,NA,0
482,FALSE,NA,NA,NA,NA,NA,NA,0
483,FALSE,NA,NA,NA,NA,NA,NA,0
484,FALSE,NA,NA,NA,NA,NA,NA,0
485,FALSE,NA,NA,NA,NA,NA,NA,0
486,FALSE,NA,NA,NA,NA,NA,NA,0
487,FALSE,NA,NA,NA,NA,NA,NA,0
488,FALSE,NA,NA,NA,NA,NA,NA,0
489,FALSE,NA,NA,NA,NA,NA,NA,0
490,FALSE,NA,NA,NA,NA,NA,NA,0
491,FALSE,NA,NA,NA,NA,NA,NA,0
492,FALSE,NA,NA,NA,NA,NA,NA,0
493,FALSE,NA,NA,NA,NA,NA,NA,0
494,FALSE,NA,NA,NA,NA,NA,NA,0
495,FALSE,NA,NA,NA,NA,NA,NA,0
496,FALSE,NA,NA,NA,NA,NA,NA,0
497,FALSE,NA,NA,NA,NA,NA,NA,0
498,FALSE,NA,NA,NA,NA,NA,NA,0
499,FALSE,NA,NA,NA,NA,NA,NA,0
500,FALSE,NA,NA,NA,NA,NA,NA,0
501,FALSE,NA,NA,NA,NA,NA,NA,0
502,FALSE,NA,NA,NA,NA,NA,NA,0
503,FALSE,NA,NA,NA,NA,NA,NA,0
504,FALSE,NA,NA,NA,NA,NA,NA,0
505,FALSE,NA,NA,NA,NA,NA,NA,0
506,FALSE,NA,NA,NA,NA,NA,NA,0
507,FALSE,NA,NA,NA,NA,NA,NA,0
508,FALSE,NA,NA,NA,NA,NA,NA,0
509,FALSE,NA,NA,NA,NA,NA,NA,0
510,FALSE,NA,NA,NA,NA,NA,NA,0
511,FALSE,NA,NA,NA,NA,NA,NA,0
512,FALSE,NA,NA,NA,NA,NA,NA,0
513,FALSE,NA,NA,NA,NA,NA,NA,0
514,FALSE,NA,NA,NA,NA,NA,NA,0
515,FALSE,NA,NA,NA,NA,NA,NA,0
516,FALSE,NA,NA,NA,NA,NA,NA,0
517,FALSE,NA,NA,NA,NA,NA,NA,0
518,FALSE,NA,NA,NA,NA,NA,NA,0
519,FALSE,NA,NA,NA,NA,NA,NA,0
520,FALSE,NA,NA,NA,NA,NA,NA,0
521,FALSE,NA,NA,NA,NA,NA,NA,0
522,FALSE,NA,NA,NA,NA,NA,NA,0
523,FALSE,NA,NA,NA,NA,NA,NA,0
524,FALSE,NA,NA,NA,NA,NA,NA,0
525,FALSE,NA,NA,NA,NA,NA,NA,0
526,FALSE,NA,NA,NA,NA,NA,NA,0
527,FALSE,NA,NA,NA,NA,NA,NA,0
528,FALSE,NA,NA,NA,NA,NA,NA,0
529,FALSE,NA,NA,NA,NA,NA,NA,0
530,FALSE,NA,NA,NA,NA,NA,NA,0
531,FALSE,NA,NA,NA,NA,NA,NA,0
532,FALSE,NA,NA,NA,NA,NA,NA,0
533,FALSE,NA,NA,NA,NA,NA,NA,0
534,FALSE,NA,NA,NA,NA,NA,NA,0
535,FALSE,NA,NA,NA,NA,NA,NA,0
536,FALSE,NA,NA,NA,NA,NA,NA,0
537,FALSE,NA,NA,NA,NA,NA,NA,0
538,FALSE,NA,NA,NA,NA,NA,NA,0
539,FALSE,NA,NA,NA,NA,NA,NA,0
540,FALSE,NA,NA,NA,NA,NA,NA,0
541,FALSE,NA,NA,NA,NA,NA,NA,0
542,FALSE,NA,NA,NA,NA,NA,NA,0
543,FALSE,NA,NA,NA,NA,NA,NA,0
544,FALSE,NA,NA,NA,NA,NA,NA,0
545,FALSE,NA,NA,NA,NA,NA,NA,0
546,FALSE,NA,NA,NA,NA,NA,NA,0
547,FALSE,NA,NA,NA,NA,NA,NA,0
548,FALSE,NA,NA,NA,NA,NA,NA,0
549,FALSE,NA,NA,NA,NA,NA,NA,0
550,FALSE,NA,NA,NA,NA,NA,NA,0
551,FALSE,NA,NA,NA,NA,NA,NA,0
552,FALSE,NA,NA,NA,NA,NA,NA,0
553,FALSE,NA,NA,NA,NA,NA,NA,0
554,FALSE,NA,NA,NA,NA,NA,NA,0
555,FALSE,NA,NA,NA,NA,NA,NA,0
556,FALSE,NA,NA,NA,NA,NA,NA,0
557,FALSE,NA,NA,NA,NA,NA,NA,0
558,FALSE,NA,NA,NA,NA,NA,NA,0
559,FALSE,NA,NA,NA,NA,NA,NA,0
560,FALSE,NA,NA,NA,NA,NA,NA,0
561,FALSE,NA,NA,NA,NA,NA,NA,0
562,FALSE,NA,NA,NA,NA,NA,NA,0
563,FALSE,NA,NA,NA,NA,NA,NA,0
564,FALSE,NA,NA,NA,NA,NA,NA,0
565,FALSE,NA,NA,NA,NA,NA,NA,0
566,FALSE,NA,NA,NA,NA,NA,NA,0
567,FALSE,NA,NA,NA,NA,NA,NA,0
568,FALSE,NA,NA,NA,NA,NA,NA,0
569,FALSE,NA,NA,NA,NA,NA,NA,0
570,FALSE,NA,NA,NA,NA,NA,NA,0
571,FALSE,NA,NA,NA,NA,NA,NA,0
572,FALSE,NA,NA,NA,NA,NA,NA,0
573,FALSE,NA,NA,NA,NA,NA,NA,0
574,FALSE,NA,NA,NA,NA,NA,NA,0
575,FALSE,NA,NA,NA,NA,NA,NA,0
576,FALSE,NA,NA,NA,NA,NA,NA,0
577,FALSE,NA,NA,NA,NA,NA,NA,0
578,FALSE,NA,NA,NA,NA,NA,NA,0
579,FALSE,NA,NA,NA,NA,NA,NA,0
580,FALSE,NA,NA,NA,NA,NA,NA,0
581,FALSE,NA,NA,NA,NA,NA,NA,0
582,FALSE,NA,NA,NA,NA,NA,NA,0
583,FALSE,NA,NA,NA,NA,NA,NA,0
584,FALSE,NA,NA,NA,NA,NA,NA,0
585,FALSE,NA,NA,NA,NA,NA,NA,0
586,FALSE,NA,NA,NA,NA,NA,NA,0
587,FALSE,NA,NA,NA,NA,NA,NA,0
588,FALSE,NA,NA,NA,NA,NA,NA,0
589,FALSE,NA,NA,NA,NA,NA,NA,0
590,FALSE,NA,NA,NA,NA,NA,NA,0
591,FALSE,NA,NA,NA,NA,NA,NA,0
592,FALSE,NA,NA,NA,NA,NA,NA,0
593,FALSE,NA,NA,NA,NA,NA,NA,0
594,FALSE,NA,NA,NA,NA,NA,NA,0
595,FALSE,NA,NA,NA,NA,NA,NA,0
596,FALSE,NA,NA,NA,NA,NA,NA,0
597,FALSE,NA,NA,NA,NA,NA,NA,0
598,FALSE,NA,NA,NA,NA,NA,NA,0
599,FALSE,NA,NA,NA,NA,NA,NA,0
600,FALSE,NA,NA,NA,NA,NA,NA,0
601,FALSE,NA,NA,NA,NA,NA,NA,0
602,FALSE,NA,NA,NA,NA,NA,NA,0
603,FALSE,NA,NA,NA,NA,NA,NA,0
604,FALSE,NA,NA,NA,NA,NA,NA,0
605,FALSE,NA,NA,NA,NA,NA,NA,0
606,FALSE,NA,NA,NA,NA,NA,NA,0
607,FALSE,NA,NA,NA,NA,NA,NA,0
608,FALSE,NA,NA,NA,NA,NA,NA,0
609,FALSE,NA,NA,NA,NA,NA,NA,0
610,FALSE,NA,NA,NA,NA,NA,NA,0
611,FALSE,NA,NA,NA,NA,NA,NA,0
612,FALSE,NA,NA,NA,NA,NA,NA,0
613,FALSE,NA,NA,NA,NA,NA,NA,0
614,FALSE,NA,NA,NA,NA,NA,NA,0
615,FALSE,NA,NA,NA,NA,NA,NA,0
616,FALSE,NA,NA,NA,NA,NA,NA,0
617,FALSE,NA,NA,NA,NA,NA,NA,0
618,FALSE,NA,NA,NA,NA,NA,NA,0
619,FALSE,NA,NA,NA,NA,NA,NA,0
620,FALSE,NA,NA,NA,NA,NA,NA,0
621,FALSE,NA,NA,NA,NA,NA,NA,0
622,FALSE,NA,NA,NA,NA,NA,NA,0
623,FALSE,NA,NA,NA,NA,NA,NA,0
624,FALSE,NA,NA,NA,NA,NA,NA,0
625,FALSE,NA,NA,NA,NA,NA,NA,0
626,FALSE,NA,NA,NA,NA,NA,NA,0
627,FALSE,NA,NA,NA,NA,NA,NA,0
628,FALSE,NA,NA,NA,NA,NA,NA,0
629,FALSE,NA,NA,NA,NA,NA,NA,0
630,FALSE,NA,NA,NA,NA,NA,NA,0
631,FALSE,NA,NA,NA,NA,NA,NA,0
632,FALSE,NA,NA,NA,NA,NA,NA,0
633,FALSE,NA,NA,NA,NA,NA,NA,0
634,FALSE,NA,NA,NA,NA,NA,NA,0
635,FALSE,NA,NA,NA,NA,NA,NA,0
636,FALSE,NA,NA,NA,NA,NA,NA,0
637,FALSE,NA,NA,NA,NA,NA,NA,0
638,FALSE,NA,NA,NA,NA,NA,NA,0
639,FALSE,NA,NA,NA,NA,NA,NA,0
640,FALSE,NA,NA,NA,NA,NA,NA,0
641,FALSE,NA,NA,NA,NA,NA,NA,0
642,FALSE,NA,NA,NA,NA,NA,NA,0
643,FALSE,NA,NA,NA,NA,NA,NA,0
644,FALSE,NA,NA,NA,NA,NA,NA,0
645,FALSE,NA,NA,NA,NA,NA,NA,0
646,FALSE,NA,NA,NA,NA,NA,NA,0
647,FALSE,NA,NA,NA,NA,NA,NA,0
648,FALSE,NA,NA,NA,NA,NA,NA,0
649,FALSE,NA,NA,NA,NA,NA,NA,0
650,FALSE,NA,NA,NA,NA,NA,NA,0
651,FALSE,NA,NA,NA,NA,NA,NA,0
652,FALSE,NA,NA,NA,NA,NA,NA,0
653,FALSE,NA,NA,NA,NA,NA,NA,0
654,FALSE,NA,NA,NA,NA,NA,NA,0
655,FALSE,NA,NA,NA,NA,NA,NA,0
656,FALSE,NA,NA,NA,NA,NA,NA,0
657,FALSE,NA,NA,NA,NA,NA,NA,0
658,FALSE,NA,NA,NA,NA,NA,NA,0
659,FALSE,NA,NA,NA,NA,NA,NA,0
660,FALSE,NA,NA,NA,NA,NA,NA,0
661,FALSE,NA,NA,NA,NA,NA,NA,0
662,FALSE,NA,NA,NA,NA,NA,NA,0
663,FALSE,NA,NA,NA,NA,NA,NA,0
664,FALSE,NA,NA,NA,NA,NA,NA,0
665,FALSE,NA,NA,NA,NA,NA,NA,0
666,FALSE,NA,NA,NA,NA,NA,NA,0
667,FALSE,NA,NA,NA,NA,NA,NA,0
668,FALSE,NA,NA,NA,NA,NA,NA,0
669,FALSE,NA,NA,NA,NA,NA,NA,0
670,FALSE,NA,NA,NA,NA,NA,NA,0
671,FALSE,NA,NA,NA,NA,NA,NA,0
672,FALSE,NA,NA,NA,NA,NA,NA,0
673,FALSE,NA,NA,NA,NA,NA,NA,0
674,FALSE,NA,NA,NA,NA,NA,NA,0
675,FALSE,NA,NA,NA,NA,NA,NA,0
676,FALSE,NA,NA,NA,NA,NA,NA,0
677,FALSE,NA,NA,NA,NA,NA,NA,0
678,FALSE,NA,NA,NA,NA,NA,NA,0
679,FALSE,NA,NA,NA,NA,NA,NA,0
680,FALSE,NA,NA,NA,NA,NA,NA,0
681,FALSE,NA,NA,NA,NA,NA,NA,0
682,FALSE,NA,NA,NA,NA,NA,NA,0
683,FALSE,NA,NA,NA,NA,NA,NA,0
684,FALSE,NA,NA,NA,NA,NA,NA,0
685,FALSE,NA,NA,NA,NA,NA,NA,0
686,FALSE,NA,NA,NA,NA,NA,NA,0
687,FALSE,NA,NA,NA,NA,NA,NA,0
688,FALSE,NA,NA,NA,NA,NA,NA,0
689,FALSE,NA,NA,NA,NA,NA,NA,0
690,FALSE,NA,NA,NA,NA,NA,NA,0
691,FALSE,NA,NA,NA,NA,NA,NA,0
692,FALSE,NA,NA,NA,NA,NA,NA,0
693,FALSE,NA,NA,NA,NA,NA,NA,0
694,FALSE,NA,NA,NA,NA,NA,NA,0
695,FALSE,NA,NA,NA,NA,NA,NA,0
696,FALSE,NA,NA,NA,NA,NA,NA,0
697,FALSE,NA,NA,NA,NA,NA,NA,0
698,FALSE,NA,NA,NA,NA,NA,NA,0
699,FALSE,NA,NA,NA,NA,NA,NA,0
700,FALSE,NA,NA,NA,NA,NA,NA,0
701,FALSE,NA,NA,NA,NA,NA,NA,0
702,FALSE,NA,NA,NA,NA,NA,NA,0
703,FALSE,NA,NA,NA,NA,NA,NA,0
704,FALSE,NA,NA,NA,NA,NA,NA,0
705,FALSE,NA,NA,NA,NA,NA,NA,0
706,FALSE,NA,NA,NA,NA,NA,NA,0
707,FALSE,NA,NA,NA,NA,NA,NA,0
708,FALSE,NA,NA,NA,NA,NA,NA,0
709,FALSE,NA,NA,NA,NA,NA,NA,0
710,FALSE,NA,NA,NA,NA,NA,NA,0
711,FALSE,NA,NA,NA,NA,NA,NA,0
712,FALSE,NA,NA,NA,NA,NA,NA,0
713,FALSE,NA,NA,NA,NA,NA,NA,0
714,FALSE,NA,NA,NA,NA,NA,NA,0
715,FALSE,NA,NA,NA,NA,NA,NA,0
716,FALSE,NA,NA,NA,NA,NA,NA,0
717,FALSE,NA,NA,NA,NA,NA,NA,0
718,FALSE,NA,NA,NA,NA,NA,NA,0
719,FALSE,NA,NA,NA,NA,NA,NA,0
720,FALSE,NA,NA,NA,NA,NA,NA,0
721,FALSE,NA,NA,NA,NA,NA,NA,0
722,FALSE,NA,NA,NA,NA,NA,NA,0
723,FALSE,NA,NA,NA,NA,NA,NA,0
724,FALSE,NA,NA,NA,NA,NA,NA,0
725,FALSE,NA,NA,NA,NA,NA,NA,0
726,FALSE,NA,NA,NA,NA,NA,NA,0
727,FALSE,NA,NA,NA,NA,NA,NA,0
728,FALSE,NA,NA,NA,NA,NA,NA,0
729,FALSE,NA,NA,NA,NA,NA,NA,0
730,FALSE,NA,NA,NA,NA,NA,NA,0
731,FALSE,NA,NA,NA,NA,NA,NA,0
732,FALSE,NA,NA,NA,NA,NA,NA,0
733,FALSE,NA,NA,NA,NA,NA,NA,0
734,FALSE,NA,NA,NA,NA,NA,NA,0
735,FALSE,NA,NA,NA,NA,NA,NA,0
736,FALSE,NA,NA,NA,NA,NA,NA,0
737,FALSE,NA,NA,NA,NA,NA,NA,0
738,FALSE,NA,NA,NA,NA,NA,NA,0
739,FALSE,NA,NA,NA,NA,NA,NA,0
740,FALSE,NA,NA,NA,NA,NA,NA,0
741,FALSE,NA,NA,NA,NA,NA,NA,0
742,FALSE,NA,NA,NA,NA,NA,NA,0
743,FALSE,NA,NA,NA,NA,NA,NA,0
744,FALSE,NA,NA,NA,NA,NA,NA,0
745,FALSE,NA,NA,NA,NA,NA,NA,0
746,FALSE,NA,NA,NA,NA,NA,NA,0
747,FALSE,NA,NA,NA,NA,NA,NA,0
748,FALSE,NA,NA,NA,NA,NA,NA,0
749,FALSE,NA,NA,NA,NA,NA,NA,0
750,FALSE,NA,NA,NA,NA,NA,NA,0
751,FALSE,NA,NA,NA,NA,NA,NA,0
752,FALSE,NA,NA,NA,NA,NA,NA,0
753,FALSE,NA,NA,NA,NA,NA,NA,0
754,FALSE,NA,NA,NA,NA,NA,NA,0
755,FALSE,NA,NA,NA,NA,NA,NA,0
756,FALSE,NA,NA,NA,NA,NA,NA,0
757,FALSE,NA,NA,NA,NA,NA,NA,0
758,FALSE,NA,NA,NA,NA,NA,NA,0
759,FALSE,NA,NA,NA,NA,NA,NA,0
760,FALSE,NA,NA,NA,NA,NA,NA,0
761,FALSE,NA,NA,NA,NA,NA,NA,0
762,FALSE,NA,NA,NA,NA,NA,NA,0
763,FALSE,NA,NA,NA,NA,NA,NA,0
764,FALSE,NA,NA,NA,NA,NA,NA,0
765,FALSE,NA,NA,NA,NA,NA,NA,0
766,FALSE,NA,NA,NA,NA,NA,NA,0
767,FALSE,NA,NA,NA,NA,NA,NA,0
768,FALSE,NA,NA,NA,NA,NA,NA,0
769,FALSE,NA,NA,NA,NA,NA,NA,0
770,FALSE,NA,NA,NA,NA,NA,NA,0
771,FALSE,NA,NA,NA,NA,NA,NA,0
772,FALSE,NA,NA,NA,NA,NA,NA,0
773,FALSE,NA,NA,NA,NA,NA,NA,0
774,FALSE,NA,NA,NA,NA,NA,NA,0
775,FALSE,NA,NA,NA,NA,NA,NA,0
776,FALSE,NA,NA,NA,NA,NA,NA,0
777,FALSE,NA,NA,NA,NA,NA,NA,0
778,FALSE,NA,NA,NA,NA,NA,NA,0
779,FALSE,NA,NA,NA,NA,NA,NA,0
780,FALSE,NA,NA,NA,NA,NA,NA,0
781,FALSE,NA,NA,NA,NA,NA,NA,0
782,FALSE,NA,NA,NA,NA,NA,NA,0
783,FALSE,NA,NA,NA,NA,NA,NA,0
784,FALSE,NA,NA,NA,NA,NA,NA,0
785,FALSE,NA,NA,NA,NA,NA,NA,0
786,FALSE,NA,NA,NA,NA,NA,NA,0
787,FALSE,NA,NA,NA,NA,NA,NA,0
788,FALSE,NA,NA,NA,NA,NA,NA,0
789,FALSE,NA,NA,NA,NA,NA,NA,0
790,FALSE,NA,NA,NA,NA,NA,NA,0
791,FALSE,NA,NA,NA,NA,NA,NA,0
792,FALSE,NA,NA,NA,NA,NA,NA,0
793,FALSE,NA,NA,NA,NA,NA,NA,0
794,FALSE,NA,NA,NA,NA,NA,NA,0
795,FALSE,NA,NA,NA,NA,NA,NA,0
796,FALSE,NA,NA,NA,NA,NA,NA,0
797,FALSE,NA,NA,NA,NA,NA,NA,0
798,FALSE,NA,NA,NA,NA,NA,NA,0
799,FALSE,NA,NA,NA,NA,NA,NA,0
800,FALSE,NA,NA,NA,NA,NA,NA,0
801,FALSE,NA,NA,NA,NA,NA,NA,0
802,FALSE,NA,NA,NA,NA,NA,NA,0
803,FALSE,NA,NA,NA,NA,NA,NA,0
804,FALSE,NA,NA,NA,NA,NA,NA,0
805,FALSE,NA,NA,NA,NA,NA,NA,0
806,FALSE,NA,NA,NA,NA,NA,NA,0
807,FALSE,NA,NA,NA,NA,NA,NA,0
808,FALSE,NA,NA,NA,NA,NA,NA,0
809,FALSE,NA,NA,NA,NA,NA,NA,0
810,FALSE,NA,NA,NA,NA,NA,NA,0
811,FALSE,NA,NA,NA,NA,NA,NA,0
812,FALSE,NA,NA,NA,NA,NA,NA,0
813,FALSE,NA,NA,NA,NA,NA,NA,0
814,FALSE,NA,NA,NA,NA,NA,NA,0
815,FALSE,NA,NA,NA,NA,NA,NA,0
816,FALSE,NA,NA,NA,NA,NA,NA,0
817,FALSE,NA,NA,NA,NA,NA,NA,0
818,FALSE,NA,NA,NA,NA,NA,NA,0
819,FALSE,NA,NA,NA,NA,NA,NA,0
820,FALSE,NA,NA,NA,NA,NA,NA,0
821,FALSE,NA,NA,NA,NA,NA,NA,0
822,FALSE,NA,NA,NA,NA,NA,NA,0
823,FALSE,NA,NA,NA,NA,NA,NA,0
824,FALSE,NA,NA,NA,NA,NA,NA,0
825,FALSE,NA,NA,NA,NA,NA,NA,0
826,FALSE,NA,NA,NA,NA,NA,NA,0
827,FALSE,NA,NA,NA,NA,NA,NA,0
828,FALSE,NA,NA,NA,NA,NA,NA,0
829,FALSE,NA,NA,NA,NA,NA,NA,0
830,FALSE,NA,NA,NA,NA,NA,NA,0
831,FALSE,NA,NA,NA,NA,NA,NA,0
832,FALSE,NA,NA,NA,NA,NA,NA,0
833,FALSE,NA,NA,NA,NA,NA,NA,0
834,FALSE,NA,NA,NA,NA,NA,NA,0
835,FALSE,NA,NA,NA,NA,NA,NA,0
836,FALSE,NA,NA,NA,NA,NA,NA,0
837,FALSE,NA,NA,NA,NA,NA,NA,0
838,FALSE,NA,NA,NA,NA,NA,NA,0
839,FALSE,NA,NA,NA,NA,NA,NA,0
840,FALSE,NA,NA,NA,NA,NA,NA,0
841,FALSE,NA,NA,NA,NA,NA,NA,0
842,FALSE,NA,NA,NA,NA,NA,NA,0
843,FALSE,NA,NA,NA,NA,NA,NA,0
844,FALSE,NA,NA,NA,NA,NA,NA,0
845,FALSE,NA,NA,NA,NA,NA,NA,0
846,FALSE,NA,NA,NA,NA,NA,NA,0
847,FALSE,NA,NA,NA,NA,NA,NA,0
848,FALSE,NA,NA,NA,NA,NA,NA,0
849,FALSE,NA,NA,NA,NA,NA,NA,0
850,FALSE,NA,NA,NA,NA,NA,NA,0
851,FALSE,NA,NA,NA,NA,NA,NA,0
852,FALSE,NA,NA,NA,NA,NA,NA,0
853,FALSE,NA,NA,NA,NA,NA,NA,0
854,FALSE,NA,NA,NA,NA,NA,NA,0
855,FALSE,NA,NA,NA,NA,NA,NA,0
856,FALSE,NA,NA,NA,NA,NA,NA,0
857,FALSE,NA,NA,NA,NA,NA,NA,0
858,FALSE,NA,NA,NA,NA,NA,NA,0
859,FALSE,NA,NA,NA,NA,NA,NA,0
860,FALSE,NA,NA,NA,NA,NA,NA,0
861,FALSE,NA,NA,NA,NA,NA,NA,0
862,FALSE,NA,NA,NA,NA,NA,NA,0
863,FALSE,NA,NA,NA,NA,NA,NA,0
864,FALSE,NA,NA,NA,NA,NA,NA,0
865,FALSE,NA,NA,NA,NA,NA,NA,0
866,FALSE,NA,NA,NA,NA,NA,NA,0
867,FALSE,NA,NA,NA,NA,NA,NA,0
868,FALSE,NA,NA,NA,NA,NA,NA,0
869,FALSE,NA,NA,NA,NA,NA,NA,0
870,FALSE,NA,NA,NA,NA,NA,NA,0
871,FALSE,NA,NA,NA,NA,NA,NA,0
872,FALSE,NA,NA,NA,NA,NA,NA,0
873,FALSE,NA,NA,NA,NA,NA,NA,0
874,FALSE,NA,NA,NA,NA,NA,NA,0
875,FALSE,NA,NA,NA,NA,NA,NA,0
876,FALSE,NA,NA,NA,NA,NA,NA,0
877,FALSE,NA,NA,NA,NA,NA,NA,0
878,FALSE,NA,NA,NA,NA,NA,NA,0
879,FALSE,NA,NA,NA,NA,NA,NA,0
880,FALSE,NA,NA,NA,NA,NA,NA,0
881,FALSE,NA,NA,NA,NA,NA,NA,0
882,FALSE,NA,NA,NA,NA,NA,NA,0
883,FALSE,NA,NA,NA,NA,NA,NA,0
884,FALSE,NA,NA,NA,NA,NA,NA,0
885,FALSE,NA,NA,NA,NA,NA,NA,0
886,FALSE,NA,NA,NA,NA,NA,NA,0
887,FALSE,NA,NA,NA,NA,NA,NA,0
888,FALSE,NA,NA,NA,NA,NA,NA,0
889,FALSE,NA,NA,NA,NA,NA,NA,0
890,FALSE,NA,NA,NA,NA,NA,NA,0
891,FALSE,NA,NA,NA,NA,NA,NA,0
892,FALSE,NA,NA,NA,NA,NA,NA,0
893,FALSE,NA,NA,NA,NA,NA,NA,0
894,FALSE,NA,NA,NA,NA,NA,NA,0
895,FALSE,NA,NA,NA,NA,NA,NA,0
896,FALSE,NA,NA,NA,NA,NA,NA,0
897,FALSE,NA,NA,NA,NA,NA,NA,0
898,FALSE,NA,NA,NA,NA,NA,NA,0
899,FALSE,NA,NA,NA,NA,NA,NA,0
900,FALSE,NA,NA,NA,NA,NA,NA,0
901,FALSE,NA,NA,NA,NA,NA,NA,0
902,FALSE,NA,NA,NA,NA,NA,NA,0
903,FALSE,NA,NA,NA,NA,NA,NA,0
904,FALSE,NA,NA,NA,NA,NA,NA,0
905,FALSE,NA,NA,NA,NA,NA,NA,0
906,FALSE,NA,NA,NA,NA,NA,NA,0
907,FALSE,NA,NA,NA,NA,NA,NA,0
908,FALSE,NA,NA,NA,NA,NA,NA,0
909,FALSE,NA,NA,NA,NA,NA,NA,0
910,FALSE,NA,NA,NA,NA,NA,NA,0
911,FALSE,NA,NA,NA,NA,NA,NA,0
912,FALSE,NA,NA,NA,NA,NA,NA,0
913,FALSE,NA,NA,NA,NA,NA,NA,0
914,FALSE,NA,NA,NA,NA,NA,NA,0
915,FALSE,NA,NA,NA,NA,NA,NA,0
916,FALSE,NA,NA,NA,NA,NA,NA,0
917,FALSE,NA,NA,NA,NA,NA,NA,0
918,FALSE,NA,NA,NA,NA,NA,NA,0
919,FALSE,NA,NA,NA,NA,NA,NA,0
920,FALSE,NA,NA,NA,NA,NA,NA,0
921,FALSE,NA,NA,NA,NA,NA,NA,0
922,FALSE,NA,NA,NA,NA,NA,NA,0
923,FALSE,NA,NA,NA,NA,NA,NA,0
924,FALSE,NA,NA,NA,NA,NA,NA,0
925,FALSE,NA,NA,NA,NA,NA,NA,0
926,FALSE,NA,NA,NA,NA,NA,NA,0
927,FALSE,NA,NA,NA,NA,NA,NA,0
928,FALSE,NA,NA,NA,NA,NA,NA,0
929,FALSE,NA,NA,NA,NA,NA,NA,0
930,FALSE,NA,NA,NA,NA,NA,NA,0
931,FALSE,NA,NA,NA,NA,NA,NA,0
932,FALSE,NA,NA,NA,NA,NA,NA,0
933,FALSE,NA,NA,NA,NA,NA,NA,0
934,FALSE,NA,NA,NA,NA,NA,NA,0
935,FALSE,NA,NA,NA,NA,NA,NA,0
936,FALSE,NA,NA,NA,NA,NA,NA,0
937,FALSE,NA,NA,NA,NA,NA,NA,0
938,FALSE,NA,NA,NA,NA,NA,NA,0
939,FALSE,NA,NA,NA,NA,NA,NA,0
940,FALSE,NA,NA,NA,NA,NA,NA,0
941,FALSE,NA,NA,NA,NA,NA,NA,0
942,FALSE,NA,NA,NA,NA,NA,NA,0
943,FALSE,NA,NA,NA,NA,NA,NA,0
944,FALSE,NA,NA,NA,NA,NA,NA,0
945,FALSE,NA,NA,NA,NA,NA,NA,0
946,FALSE,NA,NA,NA,NA,NA,NA,0
947,FALSE,NA,NA,NA,NA,NA,NA,0
948,FALSE,NA,NA,NA,NA,NA,NA,0
949,FALSE,NA,NA,NA,NA,NA,NA,0
950,FALSE,NA,NA,NA,NA,NA,NA,0
951,FALSE,NA,NA,NA,NA,NA,NA,0
952,FALSE,NA,NA,NA,NA,NA,NA,0
953,FALSE,NA,NA,NA,NA,NA,NA,0
954,FALSE,NA,NA,NA,NA,NA,NA,0
955,FALSE,NA,NA,NA,NA,NA,NA,0
956,FALSE,NA,NA,NA,NA,NA,NA,0
957,FALSE,NA,NA,NA,NA,NA,NA,0
958,FALSE,NA,NA,NA,NA,NA,NA,0
959,FALSE,NA,NA,NA,NA,NA,NA,0
960,FALSE,NA,NA,NA,NA,NA,NA,0
961,FALSE,NA,NA,NA,NA,NA,NA,0
962,FALSE,NA,NA,NA,NA,NA,NA,0
963,FALSE,NA,NA,NA,NA,NA,NA,0
964,FALSE,NA,NA,NA,NA,NA,NA,0
965,FALSE,NA,NA,NA,NA,NA,NA,0
966,FALSE,NA,NA,NA,NA,NA,NA,0
967,FALSE,NA,NA,NA,NA,NA,NA,0
968,FALSE,NA,NA,NA,NA,NA,NA,0
969,FALSE,NA,NA,NA,NA,NA,NA,0
970,FALSE,NA,NA,NA,NA,NA,NA,0
971,FALSE,NA,NA,NA,NA,NA,NA,0
972,FALSE,NA,NA,NA,NA,NA,NA,0
973,FALSE,NA,NA,NA,NA,NA,NA,0
974,FALSE,NA,NA,NA,NA,NA,NA,0
975,FALSE,NA,NA,NA,NA,NA,NA,0
976,FALSE,NA,NA,NA,NA,NA,NA,0
977,FALSE,NA,NA,NA,NA,NA,NA,0
978,FALSE,NA,NA,NA,NA,NA,NA,0
979,FALSE,NA,NA,NA,NA,NA,NA,0
980,FALSE,NA,NA,NA,NA,NA,NA,0
981,FALSE,NA,NA,NA,NA,NA,NA,0
982,FALSE,NA,NA,NA,NA,NA,NA,0
983,FALSE,NA,NA,NA,NA,NA,NA,0
984,FALSE,NA,NA,NA,NA,NA,NA,0
985,FALSE,NA,NA,NA,NA,NA,NA,0
986,FALSE,NA,NA,NA,NA,NA,NA,0
987,FALSE,NA,NA,NA,NA,NA,NA,0
988,FALSE,NA,NA,NA,NA,NA,NA,0
989,FALSE,NA,NA,NA,NA,NA,NA,0
990,FALSE,NA,NA,NA,NA,NA,NA,0
991,FALSE,NA,NA,NA,NA,NA,NA,0
992,FALSE,NA,NA,NA,NA,NA,NA,0
993,FALSE,NA,NA,NA,NA,NA,NA,0
994,FALSE,NA,NA,NA,NA,NA,NA,0
995,FALSE,NA,NA,NA,NA,NA,NA,0
996,FALSE,NA,NA,NA,NA,NA,NA,0
997,FALSE,NA,NA,NA,NA,NA,NA,0
998,FALSE,NA,NA,NA,NA,NA,NA,0
999,FALSE,NA,NA,NA,NA,NA,NA,0
1000,FALSE,NA,NA,NA,NA,NA,NA,0
1001,FALSE,NA,NA,NA,NA,NA,NA,0
1002,FALSE,NA,NA,NA,NA,NA,NA,0
1003,FALSE,NA,NA,NA,NA,NA,NA,0
1004,FALSE,NA,NA,NA,NA,NA,NA,0
1005,FALSE,NA,NA,NA,NA,NA,NA,0
1006,FALSE,NA,NA,NA,NA,NA,NA,0
1007,FALSE,NA,NA,NA,NA,NA,NA,0
1008,FALSE,NA,NA,NA,NA,NA,NA,0
1009,FALSE,NA,NA,NA,NA,NA,NA,0
1010,FALSE,NA,NA,NA,NA,NA,NA,0
1011,FALSE,NA,NA,NA,NA,NA,NA,0
1012,FALSE,NA,NA,NA,NA,NA,NA,0
1013,FALSE,NA,NA,NA,NA,NA,NA,0
1014,FALSE,NA,NA,NA,NA,NA,NA,0
1015,FALSE,NA,NA,NA,NA,NA,NA,0
1016,FALSE,NA,NA,NA,NA,NA,NA,0
1017,FALSE,NA,NA,NA,NA,NA,NA,0
1018,FALSE,NA,NA,NA,NA,NA,NA,0
1019,FALSE,NA,NA,NA,NA,NA,NA,0
1020,FALSE,NA,NA,NA,NA,NA,NA,0
1021,FALSE,NA,NA,NA,NA,NA,NA,0
1022,FALSE,NA,NA,NA,NA,NA,NA,0
1023,FALSE,NA,NA,NA,NA,NA,NA,0
1024,FALSE,NA,NA,NA,NA,NA,NA,0
1025,FALSE,NA,NA,NA,NA,NA,NA,0
1026,FALSE,NA,NA,NA,NA,NA,NA,0
1027,FALSE,NA,NA,NA,NA,NA,NA,0
1028,FALSE,NA,NA,NA,NA,NA,NA,0
1029,FALSE,NA,NA,NA,NA,NA,NA,0
1030,FALSE,NA,NA,NA,NA,NA,NA,0
1031,FALSE,NA,NA,NA,NA,NA,NA,0
1032,FALSE,NA,NA,NA,NA,NA,NA,0
1033,FALSE,NA,NA,NA,NA,NA,NA,0
1034,FALSE,NA,NA,NA,NA,NA,NA,0
1035,FALSE,NA,NA,NA,NA,NA,NA,0
1036,FALSE,NA,NA,NA,NA,NA,NA,0
1037,FALSE,NA,NA,NA,NA,NA,NA,0
1038,FALSE,NA,NA,NA,NA,NA,NA,0
1039,FALSE,NA,NA,NA,NA,NA,NA,0
1040,FALSE,NA,NA,NA,NA,NA,NA,0
1041,FALSE,NA,NA,NA,NA,NA,NA,0
1042,FALSE,NA,NA,NA,NA,NA,NA,0
1043,FALSE,NA,NA,NA,NA,NA,NA,0
1044,FALSE,NA,NA,NA,NA,NA,NA,0
1045,FALSE,NA,NA,NA,NA,NA,NA,0
1046,FALSE,NA,NA,NA,NA,NA,NA,0
1047,FALSE,NA,NA,NA,NA,NA,NA,0
1048,FALSE,NA,NA,NA,NA,NA,NA,0
1049,FALSE,NA,NA,NA,NA,NA,NA,0
1050,FALSE,NA,NA,NA,NA,NA,NA,0
1051,FALSE,NA,NA,NA,NA,NA,NA,0
1052,FALSE,NA,NA,NA,NA,NA,NA,0
1053,FALSE,NA,NA,NA,NA,NA,NA,0
1054,FALSE,NA,NA,NA,NA,NA,NA,0
1055,FALSE,NA,NA,NA,NA,NA,NA,0
1056,FALSE,NA,NA,NA,NA,NA,NA,0
1057,FALSE,NA,NA,NA,NA,NA,NA,0
1058,FALSE,NA,NA,NA,NA,NA,NA,0
1059,FALSE,NA,NA,NA,NA,NA,NA,0
1060,FALSE,NA,NA,NA,NA,NA,NA,0
1061,FALSE,NA,NA,NA,NA,NA,NA,0
1062,FALSE,NA,NA,NA,NA,NA,NA,0
1063,FALSE,NA,NA,NA,NA,NA,NA,0
1064,FALSE,NA,NA,NA,NA,NA,NA,0
1065,FALSE,NA,NA,NA,NA,NA,NA,0
1066,FALSE,NA,NA,NA,NA,NA,NA,0
1067,FALSE,NA,NA,NA,NA,NA,NA,0
1068,FALSE,NA,NA,NA,NA,NA,NA,0
1069,FALSE,NA,NA,NA,NA,NA,NA,0
1070,FALSE,NA,NA,NA,NA,NA,NA,0
1071,FALSE,NA,NA,NA,NA,NA,NA,0
1072,FALSE,NA,NA,NA,NA,NA,NA,0
1073,FALSE,NA,NA,NA,NA,NA,NA,0
1074,FALSE,NA,NA,NA,NA,NA,NA,0
1075,FALSE,NA,NA,NA,NA,NA,NA,0
1076,FALSE,NA,NA,NA,NA,NA,NA,0
1077,FALSE,NA,NA,NA,NA,NA,NA,0
1078,FALSE,NA,NA,NA,NA,NA,NA,0
1079,FALSE,NA,NA,NA,NA,NA,NA,0
1080,FALSE,NA,NA,NA,NA,NA,NA,0
1081,FALSE,NA,NA,NA,NA,NA,NA,0
1082,FALSE,NA,NA,NA,NA,NA,NA,0
1083,FALSE,NA,NA,NA,NA,NA,NA,0
1084,FALSE,NA,NA,NA,NA,NA,NA,0
1085,FALSE,NA,NA,NA,NA,NA,NA,0
1086,FALSE,NA,NA,NA,NA,NA,NA,0
1087,FALSE,NA,NA,NA,NA,NA,NA,0
1088,FALSE,NA,NA,NA,NA,NA,NA,0
1089,FALSE,NA,NA,NA,NA,NA,NA,0
1090,FALSE,NA,NA,NA,NA,NA,NA,0
1091,FALSE,NA,NA,NA,NA,NA,NA,0
1092,FALSE,NA,NA,NA,NA,NA,NA,0
1093,FALSE,NA,NA,NA,NA,NA,NA,0
1094,FALSE,NA,NA,NA,NA,NA,NA,0
1095,FALSE,NA,NA,NA,NA,NA,NA,0
1096,FALSE,NA,NA,NA,NA,NA,NA,0
1097,FALSE,NA,NA,NA,NA,NA,NA,0
1098,FALSE,NA,NA,NA,NA,NA,NA,0
1099,FALSE,NA,NA,NA,NA,NA,NA,0
1100,FALSE,NA,NA,NA,NA,NA,NA,0
1101,FALSE,NA,NA,NA,NA,NA,NA,0
1102,FALSE,NA,NA,NA,NA,NA,NA,0
1103,FALSE,NA,NA,NA,NA,NA,NA,0
1104,FALSE,NA,NA,NA,NA,NA,NA,0
1105,FALSE,NA,NA,NA,NA,NA,NA,0
1106,FALSE,NA,NA,NA,NA,NA,NA,0
1107,FALSE,NA,NA,NA,NA,NA,NA,0
1108,FALSE,NA,NA,NA,NA,NA,NA,0
1109,FALSE,NA,NA,NA,NA,NA,NA,0
1110,FALSE,NA,NA,NA,NA,NA,NA,0
1111,FALSE,NA,NA,NA,NA,NA,NA,0
1112,FALSE,NA,NA,NA,NA,NA,NA,0
1113,FALSE,NA,NA,NA,NA,NA,NA,0
1114,FALSE,NA,NA,NA,NA,NA,NA,0
1115,FALSE,NA,NA,NA,NA,NA,NA,0
1116,FALSE,NA,NA,NA,NA,NA,NA,0
1117,FALSE,NA,NA,NA,NA,NA,NA,0
1118,FALSE,NA,NA,NA,NA,NA,NA,0
1119,FALSE,NA,NA,NA,NA,NA,NA,0
1120,FALSE,NA,NA,NA,NA,NA,NA,0
1121,FALSE,NA,NA,NA,NA,NA,NA,0
1122,FALSE,NA,NA,NA,NA,NA,NA,0
1123,FALSE,NA,NA,NA,NA,NA,NA,0
1124,FALSE,NA,NA,NA,NA,NA,NA,0
1125,FALSE,NA,NA,NA,NA,NA,NA,0
1126,FALSE,NA,NA,NA,NA,NA,NA,0
1127,FALSE,NA,NA,NA,NA,NA,NA,0
1128,FALSE,NA,NA,NA,NA,NA,NA,0
1129,FALSE,NA,NA,NA,NA,NA,NA,0
1130,FALSE,NA,NA,NA,NA,NA,NA,0
1131,FALSE,NA,NA,NA,NA,NA,NA,0
1132,FALSE,NA,NA,NA,NA,NA,NA,0
1133,FALSE,NA,NA,NA,NA,NA,NA,0
1134,FALSE,NA,NA,NA,NA,NA,NA,0
1135,FALSE,NA,NA,NA,NA,NA,NA,0
1136,FALSE,NA,NA,NA,NA,NA,NA,0
1137,FALSE,NA,NA,NA,NA,NA,NA,0
1138,FALSE,NA,NA,NA,NA,NA,NA,0
1139,FALSE,NA,NA,NA,NA,NA,NA,0
1140,FALSE,NA,NA,NA,NA,NA,NA,0
1141,FALSE,NA,NA,NA,NA,NA,NA,0
1142,FALSE,NA,NA,NA,NA,NA,NA,0
1143,FALSE,NA,NA,NA,NA,NA,NA,0
1144,FALSE,NA,NA,NA,NA,NA,NA,0
1145,FALSE,NA,NA,NA,NA,NA,NA,0
1146,FALSE,NA,NA,NA,NA,NA,NA,0
1147,FALSE,NA,NA,NA,NA,NA,NA,0
1148,FALSE,NA,NA,NA,NA,NA,NA,0
1149,FALSE,NA,NA,NA,NA,NA,NA,0
1150,FALSE,NA,NA,NA,NA,NA,NA,0
1151,FALSE,NA,NA,NA,NA,NA,NA,0
1152,FALSE,NA,NA,NA,NA,NA,NA,0
1153,FALSE,NA,NA,NA,NA,NA,NA,0
1154,FALSE,NA,NA,NA,NA,NA,NA,0
1155,FALSE,NA,NA,NA,NA,NA,NA,0
1156,FALSE,NA,NA,NA,NA,NA,NA,0
1157,FALSE,NA,NA,NA,NA,NA,NA,0
1158,FALSE,NA,NA,NA,NA,NA,NA,0
1159,FALSE,NA,NA,NA,NA,NA,NA,0
1160,FALSE,NA,NA,NA,NA,NA,NA,0
1161,FALSE,NA,NA,NA,NA,NA,NA,0
1162,FALSE,NA,NA,NA,NA,NA,NA,0
1163,FALSE,NA,NA,NA,NA,NA,NA,0
1164,FALSE,NA,NA,NA,NA,NA,NA,0
1165,FALSE,NA,NA,NA,NA,NA,NA,0
1166,FALSE,NA,NA,NA,NA,NA,NA,0
1167,FALSE,NA,NA,NA,NA,NA,NA,0
1168,FALSE,NA,NA,NA,NA,NA,NA,0
1169,FALSE,NA,NA,NA,NA,NA,NA,0
1170,FALSE,NA,NA,NA,NA,NA,NA,0
1171,FALSE,NA,NA,NA,NA,NA,NA,0
1172,FALSE,NA,NA,NA,NA,NA,NA,0
1173,FALSE,NA,NA,NA,NA,NA,NA,0
1174,FALSE,NA,NA,NA,NA,NA,NA,0
1175,FALSE,NA,NA,NA,NA,NA,NA,0
1176,FALSE,NA,NA,NA,NA,NA,NA,0
1177,FALSE,NA,NA,NA,NA,NA,NA,0
1178,FALSE,NA,NA,NA,NA,NA,NA,0
1179,FALSE,NA,NA,NA,NA,NA,NA,0
1180,FALSE,NA,NA,NA,NA,NA,NA,0
1181,FALSE,NA,NA,NA,NA,NA,NA,0
1182,FALSE,NA,NA,NA,NA,NA,NA,0
1183,FALSE,NA,NA,NA,NA,NA,NA,0
1184,FALSE,NA,NA,NA,NA,NA,NA,0
1185,FALSE,NA,NA,NA,NA,NA,NA,0
1186,FALSE,NA,NA,NA,NA,NA,NA,0
1187,FALSE,NA,NA,NA,NA,NA,NA,0
1188,FALSE,NA,NA,NA,NA,NA,NA,0
1189,FALSE,NA,NA,NA,NA,NA,NA,0
1190,FALSE,NA,NA,NA,NA,NA,NA,0
1191,FALSE,NA,NA,NA,NA,NA,NA,0
1192,FALSE,NA,NA,NA,NA,NA,NA,0
1193,FALSE,NA,NA,NA,NA,NA,NA,0
1194,FALSE,NA,NA,NA,NA,NA,NA,0
1195,FALSE,NA,NA,NA,NA,NA,NA,0
1196,FALSE,NA,NA,NA,NA,NA,NA,0
1197,FALSE,NA,NA,NA,NA,NA,NA,0
1198,FALSE,NA,NA,NA,NA,NA,NA,0
1199,FALSE,NA,NA,NA,NA,NA,NA,0
1200,FALSE,NA,NA,NA,NA,NA,NA,0
1201,FALSE,NA,NA,NA,NA,NA,NA,0
1202,FALSE,NA,NA,NA,NA,NA,NA,0
1203,FALSE,NA,NA,NA,NA,NA,NA,0
1204,FALSE,NA,NA,NA,NA,NA,NA,0
1205,FALSE,NA,NA,NA,NA,NA,NA,0
1206,FALSE,NA,NA,NA,NA,NA,NA,0
1207,FALSE,NA,NA,NA,NA,NA,NA,0
1208,FALSE,NA,NA,NA,NA,NA,NA,0
1209,FALSE,NA,NA,NA,NA,NA,NA,0
1210,FALSE,NA,NA,NA,NA,NA,NA,0
1211,FALSE,NA,NA,NA,NA,NA,NA,0
1212,FALSE,NA,NA,NA,NA,NA,NA,0
1213,FALSE,NA,NA,NA,NA,NA,NA,0
1214,FALSE,NA,NA,NA,NA,NA,NA,0
1215,FALSE,NA,NA,NA,NA,NA,NA,0
1216,FALSE,NA,NA,NA,NA,NA,NA,0
1217,FALSE,NA,NA,NA,NA,NA,NA,0
1218,FALSE,NA,NA,NA,NA,NA,NA,0
1219,FALSE,NA,NA,NA,NA,NA,NA,0
1220,FALSE,NA,NA,NA,NA,NA,NA,0
1221,FALSE,NA,NA,NA,NA,NA,NA,0
1222,FALSE,NA,NA,NA,NA,NA,NA,0
1223,FALSE,NA,NA,NA,NA,NA,NA,0
1224,FALSE,NA,NA,NA,NA,NA,NA,0
1225,FALSE,NA,NA,NA,NA,NA,NA,0
1226,FALSE,NA,NA,NA,NA,NA,NA,0
1227,FALSE,NA,NA,NA,NA,NA,NA,0
1228,FALSE,NA,NA,NA,NA,NA,NA,0
1229,FALSE,NA,NA,NA,NA,NA,NA,0
1230,FALSE,NA,NA,NA,NA,NA,NA,0
1231,FALSE,NA,NA,NA,NA,NA,NA,0
1232,FALSE,NA,NA,NA,NA,NA,NA,0
1233,FALSE,NA,NA,NA,NA,NA,NA,0
1234,FALSE,NA,NA,NA,NA,NA,NA,0
1235,FALSE,NA,NA,NA,NA,NA,NA,0
1236,FALSE,NA,NA,NA,NA,NA,NA,0
1237,FALSE,NA,NA,NA,NA,NA,NA,0
1238,FALSE,NA,NA,NA,NA,NA,NA,0
1239,FALSE,NA,NA,NA,NA,NA,NA,0
1240,FALSE,NA,NA,NA,NA,NA,NA,0
1241,FALSE,NA,NA,NA,NA,NA,NA,0
1242,FALSE,NA,NA,NA,NA,NA,NA,0
1243,FALSE,NA,NA,NA,NA,NA,NA,0
1244,FALSE,NA,NA,NA,NA,NA,NA,0
1245,FALSE,NA,NA,NA,NA,NA,NA,0
1246,FALSE,NA,NA,NA,NA,NA,NA,0
